id,ballkid,year,ratee_improvement,ratee_offset,ratee_raw_avg,ratee_raw_stdev,ratee_calibrated_avg,ratee_calibrated_stdev,rater_raw_avg,rater_raw_stdev,rater_scale,rater_offset,num_ratee_ratings,num_rater_ratings,num_raters
1349,545,2022,0.15220373999656087,2.0640462486718745,,,,,,,,,0,0,0
1348,574,2022,-0.10152314172344279,4.443010992088851,4.5,0.3535533905932738,3.946868082550797,0.2989246485319142,,,0.7933830000047923,0.14670880676354936,4,0,4
1347,678,2022,-0.03416986766652755,2.0638014228615886,,,,,,,,,0,0,0
1346,684,2022,0.0,3.633947755255795,,,,,,,,,0,0,0
1345,575,2022,-0.07272210806572714,4.43140395098086,4.555555555555555,0.43744488188954506,4.503279824891087,0.5039872298664949,,,1.1184863154604279,-0.7321695399791934,9,0,6
1344,659,2022,0.06025802724100872,1.8660005725186932,,,,,,,,,0,0,0
1343,650,2022,0.0,3.310607228767677,,,,,,,,,0,0,0
1342,630,2022,0.16883410526384077,1.4152945029486328,,,,,,,,,0,0,0
1341,616,2022,-0.7617599957905068,5.562415043374509,,,,,,,,,0,0,0
1340,644,2022,,,,,,,3.1052631578947367,0.6402907926629705,1.084711988364941,-0.8602403896165394,0,19,0
1339,664,2022,0.8059324488661244,0.9212254081668714,,,,,,,,,0,0,0
1338,655,2022,0.0,1.6031887145231505,,,,,,,,,0,0,0
1337,595,2022,,,5.0,0.0,4.3758086582530344,,,,16.694099870541173,-60.97131797371572,1,0,1
1336,528,2022,-0.3582275356149476,2.868568423912174,,,,,,,,,0,0,0
1335,523,2022,0.0,3.344009842295193,,,,,,,,,0,0,0
1334,635,2022,-0.46983764027196995,4.017861444319678,,,,,,,,,0,0,0
1333,656,2022,0.06221826376158134,2.296682811790015,,,,,,,,,0,0,0
1332,665,2022,-0.12190430351587775,2.405611462290621,,,,,,,,,0,0,0
1331,552,2022,-0.09425470537201895,3.9996964229011702,3.8181818181818183,0.7767276132106846,3.4102825257665104,0.8341403582461838,,,,,11,0,8
1330,670,2022,-0.5790220447547128,2.3001868263740795,,,,,,,,,0,0,0
1329,643,2022,,,,,,,,,0.0,2.0638014228615886,0,0,0
1328,623,2022,0.0,2.7213668126897708,,,,,,,,,0,0,0
1327,639,2022,0.0,2.551266190264788,,,,,,,,,0,0,0
1326,672,2022,-0.10364883102755038,3.857583257004313,,,,,,,,,0,0,0
1325,661,2022,0.15261340536089849,1.455148713472961,,,,,,,,,0,0,0
1324,565,2022,-0.4038781233143334,4.291888076126451,3.5,0.4629100498862757,2.8667528550351777,0.7177998066694647,,,,,7,0,6
1323,654,2022,0.03620238594157938,3.803095069571824,,,,,,,,,0,0,0
1322,647,2022,-1.1709139386761904,5.118242729714912,,,,,,,,,0,0,0
1321,657,2022,0.2676193258267172,2.277485770417928,,,,,,,,,0,0,0
1320,680,2022,0.036841379076305136,2.3166119758812984,,,,,,,,,0,0,0
1319,624,2022,-826.1104187094597,3.9638995434178557,,,,,,,,,0,0,0
1318,668,2022,0.34204616854655123,2.324544301868891,,,,,,,,,0,0,0
1317,640,2022,0.0,2.1832864310747477,,,,,,,,,0,0,0
1316,683,2022,,,,,,,,,1239.3993802679713,-6192.565497388876,0,0,0
1315,634,2022,-0.41046598212394264,4.13727831425553,,,,,,,,,0,0,0
1314,583,2022,0.0,1.2978895379429307,,,,,,,,,0,0,0
1313,551,2022,-0.4250651588308923,3.006625327256928,2.9,0.99498743710662,2.276014649631627,0.7680098571006871,,,,,10,0,7
1312,511,2022,0.0,4.403606304616943,,,,,,,,,0,0,0
1311,562,2022,0.15711495149671062,3.157092880246906,3.2857142857142856,0.5890150893739515,2.5810127887133474,0.614789057065161,,,,,7,0,7
1310,673,2022,-0.0664776973677995,2.028061711109235,,,,,,,,,0,0,0
1309,524,2022,0.26526585352834714,3.3776625085459906,3.2,0.5099019513592784,2.851664628295036,0.4620269396446947,,,,,5,0,4
1308,513,2022,0.18101170097338437,3.6150090070472634,3.4,0.4898979485566356,2.102116297270401,0.7835962124521773,,,,,5,0,3
1307,681,2022,-0.24233927163815155,2.82001341097818,,,,,,,,,0,0,0
1306,525,2022,0.09419744440361995,3.6513326544928937,3.4375,0.46351240544347894,3.055155417388163,0.8353829409094339,,,,,8,0,8
1305,649,2022,0.03191859064652771,3.39404782555234,,,,,,,,,0,0,0
1304,532,2022,0.24892991004258289,1.9846272577415704,,,,,,,,,0,0,0
1303,677,2022,0.0,-0.01088094153255359,,,,,,,,,0,0,0
1302,629,2022,0.01437861437563975,3.171094861579632,,,,,,,,,0,0,0
1301,518,2022,0.16927553749947163,3.2091056942867,3.25,0.5590169943749475,2.319674190254784,0.9347201568942117,,,,,4,0,4
1300,666,2022,0.07142963517380388,1.6949322471560497,,,,,,,,,0,0,0
1299,662,2022,0.06210798180562228,2.377624290179096,,,,,,,,,0,0,0
1298,529,2022,-0.051125267997431556,2.6547290858731714,3.0714285714285716,0.9035079029052513,2.344166555110758,1.3758563952627014,,,,,7,0,6
1297,572,2022,0.0,2.823770120878799,4.166666666666667,0.4714045207910317,4.10566444227192,0.4232477053489245,,,2.325111157105436,-5.209825251949208,3,0,3
1296,667,2022,0.30620263118653,0.8818200683052717,,,,,,,,,0,0,0
1295,520,2022,0.3796867138420019,3.6236690992763703,3.5625,0.7261843774138906,3.2512495175497866,0.7973894561435219,,,,,8,0,6
1294,614,2022,0.03953984673537913,2.0948439269728887,,,,,,,,,0,0,0
1293,663,2022,-0.17919498223630945,1.1737820704389115,,,,,,,,,0,0,0
1292,648,2022,0.530603375450858,2.731416987869318,,,,,,,,,0,0,0
1291,620,2022,0.07553791528423934,3.946846323278313,,,,,,,,,0,0,0
1290,519,2022,0.0,2.245705211802248,2.6875,0.49607837082461076,1.5912214918317478,0.8633380130615098,,,,,8,0,6
1289,676,2022,0.23752976179317273,2.0902159241441263,,,,,,,,,0,0,0
1288,674,2022,-0.254622697927135,2.173140074114402,,,,,,,,,0,0,0
1287,558,2022,-0.049579916626381344,3.6284510464482347,3.625,0.414578098794425,2.786521710784364,1.233357890213318,,,,,4,0,4
1286,627,2022,-0.20763399890380682,3.0802537061834534,,,,,,,,,0,0,0
1285,679,2022,-0.35807445610547745,2.3970548836038934,,,,,,,,,0,0,0
1284,617,2022,0.14749233359540442,1.7751013557118425,,,,,,,,,0,0,0
1283,590,2022,0.0,5.959828126050959,5.0,0.0,4.487302905180964,0.15767667613205225,3.4166666666666665,0.7312470322826768,1.6542460566499477,-2.3252720751156186,2,6,2
1282,514,2022,0.024910253401924907,2.7032747695809753,3.125,0.414578098794425,1.719361035498748,0.9970401340435802,,,,,4,0,4
1281,536,2022,-0.04384806124068691,3.953847186962937,3.35,0.7762087348130012,2.935908636479619,1.0539453409163728,,,,,10,0,10
1280,626,2022,0.15632164362317108,3.571206943079525,,,,,,,,,0,0,0
1279,517,2022,0.0,-0.8665197289118023,,,,,,,,,0,0,0
1278,669,2022,0.29315675030269384,1.4794059466997742,,,,,,,,,0,0,0
1277,622,2022,-0.05318338056396328,2.6256607786201616,,,,,,,,,0,0,0
1276,618,2022,-0.06370342615688462,3.2715130594875146,,,,,,,,,0,0,0
1275,609,2022,-0.10990786218365799,3.131778643477111,,,,,,,,,0,0,0
1274,675,2022,1.0875506851141203,-1.1770946718242847,,,,,,,,,0,0,0
1273,682,2022,-0.04384210681416118,1.3920963142346514,,,,,,,,,0,0,0
1272,613,2022,-0.15815871117134342,2.9814174802500713,,,,,,,,,0,0,0
1271,632,2022,0.09508492874898739,3.037531116928342,,,,,,,,,0,0,0
1270,619,2022,-0.15040678761197443,3.3571007307196226,,,,,,,,,0,0,0
1269,594,2022,,,,,,,2.875,0.5153882032022076,1.1785217665934162,-1.0342120178993708,0,16,0
1268,515,2022,0.2260282649910725,2.6665767418476714,3.1875,0.6091746465505602,2.4915061454814156,0.6043418650056821,,,,,8,0,6
1267,604,2022,,,,,,,3.5625,0.9333240326917548,1.2509929945394385,-1.3173551608084384,0,16,0
1266,591,2022,0.0,3.827678101458464,4.0,0.0,3.279547544663891,,3.533333333333333,0.7630348761506398,1.8169176395866167,-3.6447162207057877,1,15,1
1265,592,2022,0.0,4.375808658253037,4.0,0.0,4.12404691187328,,2.142857142857143,1.0926470386270253,0.9069573580878479,0.5106121345671291,1,21,1
1264,597,2022,0.0,3.2795475446638895,4.0,0.0,4.12404691187328,,3.272727272727273,0.7186994682200862,1.919656252101921,-3.6384531344586444,1,11,1
1263,535,2022,0.20216535686789627,1.429964429889933,2.8333333333333335,0.4714045207910317,2.3014795011172633,0.6744382453993498,,,,,3,0,2
1262,615,2022,0.2885739781789611,1.9774577619470075,,,,,,,,,0,0,0
1261,564,2022,-0.03574706565902451,3.430027100152381,3.25,0.25,2.6163851348750984,0.16267960660933503,,,,,2,0,2
1260,599,2022,,,5.0,0.0,4.3758086582530344,,3.5238095238095237,0.49943278484292936,2.0875864113796587,-4.226298733645355,1,21,1
1259,611,2022,0.04745884926080603,3.0027326853105794,,,,,,,,,0,0,0
1258,571,2022,0.0,4.040171873949038,4.5,0.408248290463863,4.211716027128442,0.1725361810833197,,,,,3,0,3
1257,621,2022,0.32645452708504163,2.200582065025859,,,,,,,,,0,0,0
1256,602,2022,,,,,,,3.618181818181818,0.8684554542594904,1.0962611135891438,-1.105496909692684,0,55,0
1255,560,2022,-1.0220477355111464,3.0552622650008825,2.5,0.9128709291752769,1.915730965461747,0.4680591282559745,,,,,6,0,4
1254,577,2022,,,4.166666666666667,0.4714045207910317,3.761679264111437,0.5861399762259437,,,3.0344128681124953,-8.756526664215611,3,0,3
1253,544,2022,-0.40762141776408706,2.8168466820880997,2.7,0.812403840463596,1.4693331971138672,0.6258316411259156,,,,,5,0,5
1252,596,2022,,,5.0,0.0,4.242477773975543,,3.5,0.5590169943749475,1.7765236388229575,-4.3571597125100325,1,8,1
1251,582,2022,0.05768662817692758,2.558357103338537,4.5,0.0,3.8276781014584627,,4.066666666666666,0.6548960901462834,1.79218528211346,-4.550442522562431,1,15,1
1250,549,2022,0.3304732612936369,3.182040285250122,3.1875,0.5555121510822243,2.4649534417257497,0.3610364363137608,,,,,8,0,7
1249,636,2022,0.0,3.550780950741954,,,,,,,,,0,0,0
1248,601,2022,0.0,-0.00923579610353864,,,,,,,2.5408894726953055,-7.018569727050435,0,0,0
1247,612,2022,0.0,2.4072330151401857,,,,,,,,,0,0,0
1246,542,2022,0.0,4.525458481604756,3.0,0.6324555320336759,2.2259606134890464,0.7808178024382676,,,,,5,0,4
1245,568,2022,0.0,2.393895575478283,3.3,0.2449489742783178,2.4571774393351715,1.1413311488390996,,,,,5,0,4
1244,521,2022,0.26129377501825923,3.3401655868185047,3.1818181818181817,0.7158188976374374,2.3199808185749986,0.7547247918944839,,,,,11,0,8
1243,608,2022,-0.4491505610257941,3.348058922314599,,,,,,,,,0,0,0
1242,660,2022,-0.04900721694676364,2.210823073701879,,,,,,,,,0,0,0
1241,584,2022,0.20936965958223602,2.1033080091226104,3.625,0.7395099728874521,3.329971273171114,0.48550277504065253,,,,,4,0,4
1240,561,2022,0.0,3.0802537061834503,3.6,0.58309518948453,2.943987902073231,0.585515088553971,,,,,5,0,4
1239,600,2022,,,,,,,3.411764705882353,0.561910975721847,1.0060094150696932,-0.9212808283073781,0,34,0
1238,603,2022,,,,,,,3.25,0.7500000000000001,1.7630018591338503,-3.8328910845951505,0,12,0
1237,586,2022,0.0,5.0,5.0,0.0,4.3758086582530344,0.0,2.960526315789474,1.1319613796843746,0.8506741659557246,0.34542632233026993,2,38,1
1236,628,2022,0.5679364415504761,1.5733257313515632,,,,,,,,,0,0,0
1235,581,2022,,,3.3333333333333335,2.3570226039551585,3.291936219417678,2.437946799614417,3.4473684210526314,0.8720021855674154,1.0514543052508118,-0.571869465747453,3,19,3
1234,556,2022,0.0,3.27874853101806,4.0,0.6324555320336759,3.375039106984511,0.761108745454208,,,,,5,0,5
1233,534,2022,0.3417806828392289,2.751950390165012,3.2,0.4,2.4399589587384494,0.2138523506323888,,,,,5,0,5
1232,554,2022,-0.16455388755308556,4.096834929912161,3.611111111111111,0.6573421981221795,3.2111318121154024,0.9886047857769956,,,,,9,0,7
1231,684,202,,,,,,,,,,,0,0,0
1230,639,202,,,,,,,,,,,0,0,0
1229,684,2023,0.0,3.6346313010977083,,,,,,,,,0,0,0
1228,595,2024,,,,,,,3.6666666666666665,0.5527707983925667,22.00956496258146,-80.46743662514899,0,6,0
1227,684,2024,0.4431544717368586,2.2735562391081294,4.0,0.816496580927726,3.750737811564324,0.6388210164769018,,,,,3,0,3
1226,678,2024,0.18527965873764043,1.842048298187591,3.35,0.7762087348130012,2.4075658088401646,0.6923292727893141,,,,,10,0,8
1225,575,2024,0.07701213569690343,4.512750370987086,4.666666666666667,0.3726779962499649,4.444770739880625,0.7239399705204873,3.15625,1.0111681054602148,1.1215823711754465,-0.820552188698753,6,32,5
1224,574,2024,0.0,4.079466177460315,4.25,0.4330127018922193,3.9807570820633957,0.7268114157464658,3.3,1.211748048619569,0.7412807066304562,0.4479392992482118,4,60,4
1223,616,2024,-0.818332999907824,6.456368486054929,3.25,0.6020797289396148,2.9491978249548145,0.8486973719350732,,,,,10,0,9
1222,656,2024,0.20206905673641642,1.9428492729838962,3.4583333333333335,0.5936586186989586,2.5127316254994305,0.8582571949576466,,,,,12,0,10
1221,664,2024,-0.15936411197373776,1.5972812352161818,1.9545454545454546,1.2145808378079443,1.383996367515002,1.0987913805320646,,,,,11,0,10
1220,528,2024,0.2588060566398763,2.525490315519,3.888888888888889,0.6136311676215145,3.361422994275502,1.1459895778850415,,,,,9,0,7
1219,683,2024,0.0,4.641330916350864,5.0,0.0,4.641330916350862,,4.714285714285714,0.6998542122237652,7.1204605378771015,-30.386313098941404,1,7,1
1218,583,2024,0.3823323753332756,0.8385089228803526,2.9444444444444446,0.5499719409228703,2.103584004741888,0.8616228898470457,,,,,9,0,7
1217,657,2024,0.5176886135262848,1.913432411246446,3.5,0.408248290463863,2.603683895948159,0.617739375259417,,,,,3,0,3
1216,668,2024,0.25807483190000224,2.129391917896327,3.3,0.7483314773547882,2.6735720663286466,0.9113911116340694,,,,,15,0,11
1215,650,2024,0.04812102583326963,2.8785732912417537,3.6,0.2,3.109582362411668,0.6748890219765292,,,,,5,0,4
1214,552,2024,0.02617323591710511,4.086754273441855,4.25,0.47871355387816905,4.089486477706121,0.6411110699195683,,,,,6,0,6
1213,644,2024,,,,,,,3.239130434782609,0.8323560747424629,1.2119153574008932,-1.2681010824429144,0,23,0
1212,647,2024,-2.5396493527370563,7.5708232251768335,2.8,1.7492855684535902,2.950021697673359,2.025939828601915,,,,,5,0,5
1211,635,2024,0.029897419267581524,3.657712101522718,4.0,0.5640760748177661,3.5861204342879196,0.7829926615304675,,,,,11,0,11
1210,623,2024,-0.18525433393370894,3.022953934186237,3.1666666666666665,0.23570226039551584,2.7759481556079586,0.21655680929811316,,,,,3,0,3
1209,565,2024,-0.06973483764868714,3.8860984058444967,4.05,0.4716990566028302,3.6190851460833464,0.5394068476131871,,,,,10,0,9
1208,665,2024,0.015527053662496397,2.2128821117363624,2.7142857142857144,0.45175395145262565,2.251662174752456,0.23545647029541422,,,,,7,0,6
1207,680,2024,-0.023849068839447977,2.621936468391369,3.21875,0.7699178121721825,2.638604554802493,0.7924333255818086,,,,,16,0,11
1206,634,2024,-0.22688510077981175,3.9978221288418023,4.055555555555555,0.5499719409228703,3.5959880428167312,0.5761948951665831,,,,,9,0,8
1205,661,2024,0.17421822275624396,1.5067114381145448,2.642857142857143,0.5802884574739972,1.9541772226614944,0.5168629351198448,,,,,14,0,12
1204,551,2024,-0.12055315597078324,2.8805938364538703,2.8333333333333335,0.7071067811865476,2.6441037169097648,0.6415414389475603,,,,,9,0,7
1203,624,2024,-5.437830836005807,5.5341248029307115,3.125,0.5448623679425841,2.246495080453977,1.9406539033629966,,,,,4,0,3
1202,654,2024,0.0009152069929597522,3.7175648627129374,4.1,0.3,3.7217746240178973,0.4775880805113833,,,,,10,0,9
1201,672,2024,-0.3480656409287128,4.2409000100719485,3.9583333333333335,0.7204840194079409,3.446352391243667,0.7782382377935305,,,,,12,0,9
1200,658,2024,,,,,,,,,,,0,0,0
1199,670,2024,0.31415177705511105,1.2096004742778952,2.923076923076923,0.5832981110808885,2.241516648931799,0.7519234333136902,,,,,13,0,10
1198,643,2024,0.0,3.3516310639621087,4.25,0.25,3.3516310639621105,0.6435805514822467,5.0,0.0,0.0,2.036560807949834,2,2,2
1197,639,2024,0.0,2.571050373316676,2.25,0.25,2.5710503733166776,0.2775699629963086,,,,,2,0,1
1196,523,2024,-0.6136554058193548,4.01147696709312,3.6666666666666665,0.4714045207910317,3.193269759333978,0.7174451930832825,,,,,3,0,3
1195,655,2024,0.0,1.7343600379650432,1.75,1.0307764064044151,1.7343600379650432,0.6551788047114221,,,,,4,0,4
1194,640,2024,0.0,2.3295429447845075,3.0,0.0,2.329542944784508,,,,,,1,0,1
1193,662,2024,0.16340689880279405,2.4822721824155356,3.357142857142857,0.6388765649999398,2.867405433914627,0.4530949203020239,,,,,7,0,5
1192,677,2024,0.0,0.26083758066301477,2.0,0.0,0.5,,,,,,1,0,1
1191,562,2024,-0.05025538973622685,3.4237841851029014,3.7857142857142856,0.5248906591678238,3.2803706239955592,0.5317676342885801,,,,,7,0,6
1190,543,2024,,,,,,,,,,,0,0,0
1189,666,2024,0.05731519959833408,1.8733775665354457,2.111111111111111,0.8748897637790901,1.9326458538114586,0.5880265289433397,,,,,9,0,6
1188,532,2024,1.470025678605313,-0.13982904142908903,3.5,0.3779644730092272,2.4901325851992504,0.9170842484365846,,,,,7,0,6
1187,513,2024,-0.06662867905820402,3.930526661922744,4.115384615384615,0.5245454498840714,3.719680773442085,0.613650778937416,,,,,13,0,11
1186,673,2024,0.013322148505965557,2.1492706641743675,3.0,0.5,2.2660920498305095,0.5719664156625702,,,,,8,0,6
1185,529,2024,0.06774026049762749,2.618711593748452,3.1666666666666665,0.23570226039551584,2.686451854246083,0.1173295728998379,,,,,3,0,2
1184,649,2024,0.007918507543227576,3.45089930269331,3.75,0.3818813079129867,3.5131339982884473,0.2749521846627578,,,,,6,0,5
1183,572,2024,0.0,2.88577492467663,3.3333333333333335,0.9428090415820634,2.8857749246766304,0.6726947882878023,3.34375,0.9473441494515074,2.3284754696739647,-5.077536107829916,3,16,3
1182,518,2024,0.27659856710929714,2.889637552581144,3.8181818181818183,0.6132153437832746,3.4358467335634875,0.47396699885399496,,,,,11,0,8
1181,537,2024,,,,,,,,,,,0,0,0
1180,681,2024,-0.320346203485575,2.9693921059942423,2.8125,0.39031237489989984,2.494889422278797,0.6980214288757632,,,,,16,0,7
1179,511,2024,-1.3892694102407133,7.536083949009384,4.166666666666667,1.1785113019775793,3.759368991552782,1.5811652135378433,,,,,3,0,3
1178,539,2024,,,,,,,,,,,0,0,0
1177,533,2024,,,,,,,,,,,0,0,0
1176,525,2024,-0.04966651582691334,4.114142761241612,4.2,0.39999999999999997,3.958396846317559,0.5571992188558862,,,,,10,0,9
1175,629,2024,0.1152783242734532,3.0520826144664155,3.8333333333333335,0.5270462766947299,3.3307478160396182,0.726878631127078,,,,,9,0,8
1174,524,2024,-0.08513974098403117,3.723114521154642,4.0625,0.46351240544347894,3.615763333733418,0.7861547411330821,,,,,8,0,7
1173,663,2024,-0.3170753045555591,1.8322240709070121,1.5909090909090908,0.9727697526833045,1.0447145240828664,0.5626460179660818,,,,,11,0,8
1172,675,2024,0.17101219783032293,-0.01616928292756592,2.675,1.003431612019474,1.9969447324763452,0.8352818205401292,,,,,20,0,10
1171,614,2024,0.021621953086598627,2.195372767688194,2.857142857142857,0.8748177652797064,2.2568152811789286,0.533890689895474,,,,,7,0,6
1170,558,2024,0.0780507788806937,3.530508317879556,4.0,0.0,3.6553895640886664,0.2527518864005298,,,,,5,0,5
1169,669,2024,0.21296815227459306,1.5394374408242089,2.3214285714285716,0.9374574820290491,1.844695461210751,0.8626576483038468,,,,,14,0,10
1168,617,2024,-0.08068140992318547,2.030476666772017,2.9,0.43588989435406733,1.8849895115548596,0.6928731306677474,,,,,10,0,9
1167,590,2024,0.0,6.315715175939967,5.0,0.0,5.0,,3.2142857142857144,0.7491491772643939,1.469476800084045,-1.694685692163577,1,14,1
1166,613,2024,0.04639046410440519,2.826417992032826,3.4583333333333335,0.4310033513661917,2.989907301837105,0.46032471076214593,,,,,12,0,10
1165,514,2024,0.05702384827827711,2.696776626912817,3.0,0.5916079783099616,2.823581350608528,0.47178366463759963,,,,,10,0,6
1164,674,2024,0.09673427626249823,1.8194176148126184,2.75,0.8036375634160796,2.034141078225523,0.7851196489286791,,,,,12,0,10
1163,519,2024,0.0,2.2546043491557177,3.0,0.408248290463863,2.2546043491557173,1.0269253541265797,,,,,3,0,3
1162,648,2024,-0.023187027820628512,3.5684048228749714,4.0,0.3779644730092272,3.4889064417756743,0.627732982178118,,,,,7,0,7
1161,620,2024,-0.11975713829237165,3.895500354874609,3.9615384615384617,0.7956984948298923,3.5784703814013694,0.8209585792462617,,,,,13,0,11
1160,618,2024,0.0,3.2096089026905266,3.5833333333333335,0.44876373392787533,3.2998499542680664,0.54232338044442,,,,,6,0,5
1159,594,2024,,,,,,,3.206896551724138,0.8460582169920894,1.1026552844536996,-0.6892542596126414,0,29,0
1158,625,2024,,,,,,,,,,,0,0,0
1157,622,2024,-0.12729018263536193,3.008980133221801,2.75,0.75,2.3731954924024117,0.7362080818230102,,,,,10,0,6
1156,626,2024,-0.04438092382407873,3.9427645946860195,4.0625,0.582961190818051,3.7629930891996444,0.6890986019405131,,,,,8,0,7
1155,651,2024,,,,,,,,,,,0,0,0
1154,598,2024,,,,,,,,,11.771246650918387,-42.392334844963976,0,0,0
1153,536,2024,-0.2914525679145172,4.387484166216223,4.038461538461538,0.49851851526214314,3.696906721512458,0.708938101937369,,,,,13,0,11
1152,646,2024,,,,,,,,,,,0,0,0
1151,682,2024,-0.019364483960336566,1.5642526259000202,2.2333333333333334,0.8137703743822469,1.6681094169144361,0.7118428138694259,,,,,15,0,10
1150,609,2024,-0.06307564841571628,3.2756988976049968,3.5714285714285716,0.41649656391752143,3.0765855590100064,0.6074165577001948,,,,,7,0,6
1149,659,2024,-0.2901647989046868,2.3493796041502377,2.45,0.9861541461658011,1.8724129636057327,0.7881833243245828,,,,,10,0,9
1148,645,2024,,,,,,,,,,,0,0,0
1147,632,2024,0.1073829166300014,3.1142547815147585,3.3333333333333335,0.6236095644623235,3.0862409445163324,0.4950753391405222,,,,,3,0,2
1146,580,2024,,,,,,,,,,,0,0,0
1145,679,2024,0.24657434741078857,1.868845336812536,2.9545454545454546,0.8381404052084444,2.506051959233598,0.7495200943912504,,,,,11,0,9
1144,667,2024,0.4248715325595122,0.6261583074138957,2.0,1.0,1.7407921743114851,0.6581640060940946,,,,,9,0,5
1143,520,2024,-0.028485735386630653,4.074212280378724,4.277777777777778,0.41573970964154905,3.9963110692929993,0.8804725632971894,,,,,9,0,9
1142,517,2024,0.0,-0.6619926613279778,1.75,0.25,0.5,0.0,,,,,2,0,2
1141,676,2024,0.035448854322559065,2.306821196612599,2.8636363636363638,0.6772574738977882,2.3739486617601577,0.42909836809383345,,,,,11,0,9
1140,619,2024,-0.11926639031882338,3.386729585964917,3.388888888888889,0.5665577237325317,2.976198975098147,0.3786306026921127,,,,,9,0,6
1139,627,2024,-0.11180406854332721,3.02295393418623,3.3333333333333335,0.23570226039551584,2.724809751404025,0.3567622501072002,,,,,3,0,2
1138,615,2024,0.39131571652565245,1.8887510633285616,3.5625,0.3903123748998999,2.885859089500376,0.7008024484329199,,,,,8,0,7
1137,604,2024,,,,,,,,,1.208481670195574,-1.1084938013635819,0,0,0
1136,584,2024,0.025376408426360835,2.5490020625922716,3.125,0.48412291827592707,2.51826962723149,0.6663583602086941,,,,,8,0,5
1135,628,2024,-0.05701970180909914,2.067650059348762,2.857142857142857,0.7423074889580903,2.0820026911105183,0.8541496559443112,,,,,14,0,11
1134,554,2024,-0.08354360788868002,3.9803575065480175,3.9545454545454546,0.5416534221733175,3.76186482186253,0.701331622699136,,,,,11,0,9
1133,636,2024,0.15943737658320756,3.3224936345830143,4.125,0.21650635094610965,3.7210870760410293,0.4530527002482318,,,,,4,0,4
1132,596,2024,0.0,4.011476967093118,4.0,0.0,4.011476967093117,,4.122448979591836,0.5581548706602997,1.635561096769505,-3.7492121593564196,1,49,1
1131,542,2024,0.0,4.428593324491102,5.0,0.0,4.428593324491105,,,,,,1,0,1
1130,597,2024,0.11094422898834617,3.5268831989586986,4.125,0.21650635094610965,3.8597158859237366,0.452809533997438,3.4696969696969697,0.6388838982517581,2.140752084709024,-4.3880452476051515,4,33,4
1129,599,2024,0.0,5.394836381587674,5.0,0.0,5.0,,3.540983606557377,0.498317513231825,1.9770460658137656,-3.8967072961619458,1,61,1
1128,561,2024,0.0,3.022953934186231,3.5,0.0,3.0229539341862335,,,,,,1,0,1
1127,571,2024,0.0,4.174963091230945,4.0,0.0,4.174963091230944,,,,,,1,0,1
1126,544,2024,-0.5656570573737596,3.088627553720954,2.857142857142857,0.7423074889580903,2.33143626084246,0.6263376742781313,,,,,7,0,6
1125,602,2024,,,,,,,3.29,0.8342062095189654,0.9847788609136512,-0.6247936379564458,0,100,0
1124,521,2024,-0.06830461346951744,3.653895182886026,3.875,0.4621056877670591,3.435869490627211,0.46808244121349774,,,,,12,0,9
1123,556,2024,0.08847859483363277,3.4784347509624074,4.125,0.5448623679425841,3.6369580375839936,0.5862329601426587,,,,,4,0,3
1122,577,2024,0.0,4.999999999999998,4.5,0.0,5.0,,3.9871794871794872,0.6453698948027292,2.4982854898184357,-7.096591067504507,1,39,1
1121,608,2024,0.0,3.0449265420352516,3.1666666666666665,0.8975274678557508,3.0449265420352516,0.8577806515212044,,,,,6,0,6
1120,592,2024,-0.07670351496668235,4.605914726478544,4.75,0.25,4.222397151645132,0.10847515114756424,2.632911392405063,0.9570156036170024,0.785086412353556,0.8046059455211766,2,79,2
1119,566,2024,,,,,,,,,,,0,0,0
1118,564,2024,0.011211263902267515,3.3058535715307418,3.7,0.5567764362830022,3.2895655945706417,0.4655490596476888,,,,,10,0,9
1117,611,2024,-0.10662910985411334,3.0999585233360976,3.3181818181818183,0.4406981688560299,2.8062976329368254,0.40992058164548806,,,,,11,0,9
1116,515,2024,0.10224368021779438,3.046618445632654,3.84375,0.6051536478449089,3.232271797168822,0.9674366725525089,,,,,16,0,13
1115,601,2024,0.0,0.35998522295720764,1.0,0.0,0.5,,3.735294117647059,0.47333755704209063,2.090024331982691,-5.127544191717949,1,34,1
1114,560,2024,-0.38964744750644725,2.82178068728249,2.75,0.82915619758885,1.960850559901737,1.3290823153352131,,,,,4,0,3
1113,568,2024,0.0,2.0252523633774997,3.0,0.0,2.0252523633775,,,,,,1,0,1
1112,581,2024,,,,,,,3.129032258064516,0.924293469799639,0.9775759887308387,-0.24654902730333184,0,62,0
1111,582,2024,-0.009891196398296593,2.7000403874828036,3.3333333333333335,0.23570226039551584,2.6264390702356395,0.5224535107293207,5.0,0.0,1.7690295000544023,-4.479857863057962,3,1,2
1110,630,2024,0.3384155484064271,1.3379966551946607,2.590909090909091,0.924863179517082,1.8848586985265858,0.8302807755208131,,,,,11,0,8
1109,549,2024,0.04783929245600593,3.320728547659931,4.0,0.5345224838248488,3.4164071325719423,0.6110017144684771,,,,,7,0,7
1108,545,2024,-0.17834994342517835,2.637725464612099,3.0,0.5,2.2045674308053065,0.7605994408494465,,,,,8,0,8
1107,586,2024,0.0,5.245339133585456,4.5,0.0,5.0,,2.876470588235294,1.008510498510321,0.8123805217705635,0.48568878857778985,1,85,1
1106,600,2024,,,,,,,3.111111111111111,0.9558139185602919,0.8740087196541276,-0.37400871965412774,0,27,0
1105,612,2024,-0.05255801208500448,2.453434450927211,2.7,0.4,2.350818406401094,0.26700705063732316,,,,,5,0,4
1104,660,2024,-0.4029376351507064,2.7324068234305887,3.4,1.019803902718557,2.2488816612497424,0.463118344235949,,,,,5,0,5
1103,534,2024,-0.09446554973141133,3.070349678700669,3.85,0.5024937810560446,2.9869536879823233,1.0318098763058492,,,,,10,0,7
1102,621,2024,0.491387971471095,2.044482534314331,3.4166666666666665,0.7312470322826768,2.8634624867661587,0.7623095821055068,,,,,6,0,6
1101,603,2024,,,,,,,3.857142857142857,0.6388765649999399,1.6057474956075484,-3.2130512854670847,0,7,0
1100,535,2024,0.1675385986687148,1.3942731744053725,2.75,0.75,2.239862273009903,1.0106021602298918,,,,,12,0,7
1099,591,2024,0.10238286546907722,3.6019455052168152,4.25,0.25,3.909094101624051,0.1447912369009731,3.159090909090909,0.7816992509963564,1.652594830583431,-3.044352080503848,2,44,2
962,678,2023,-0.031308638657266526,2.0373546981551796,,,,,,,,,0,0,0
961,680,2023,0.037948690112502514,2.295577696557893,,,,,,,,,0,0,0
960,643,2023,,,,,,,,,0.0,2.0373546981551796,0,0,0
959,657,2023,0.2740718068220131,2.247763942110221,,,,,,,,,0,0,0
958,661,2023,0.1534999531363321,1.4242465488408527,,,,,,,,,0,0,0
957,647,2023,-1.1444136014157464,5.01319836308883,,,,,,,,,0,0,0
956,671,2023,,,,,,,,,,,0,0,0
955,683,2023,,,,,,,,,1256.1913389645463,-6276.560045409942,0,0,0
954,655,2023,0.0,1.5738624493889684,,,,,,,,,0,0,0
953,668,2023,0.3433447088820377,2.305828335621656,,,,,,,,,0,0,0
952,665,2023,-0.12398565283029901,2.3856895624295102,,,,,,,,,0,0,0
951,664,2023,0.8183373539956225,0.8806548079616048,,,,,,,,,0,0,0
950,656,2023,0.0637172664274547,2.273638649118727,,,,,,,,,0,0,0
949,644,2023,,,4.875,0.21650635094610965,4.806700345278582,0.22320321537534438,3.2875,0.8652131240336106,1.0943794920810308,-0.9144518084595086,4,40,2
948,672,2023,-0.10429038087643268,3.8556381079119735,,,,,,,,,0,0,0
947,670,2023,-0.5873533203242362,2.2781981237194833,,,,,,,,,0,0,0
946,654,2023,0.038008778312462216,3.8000918399990438,,,,,,,,,0,0,0
945,658,2023,,,,,,,,,,,0,0,0
944,650,2023,0.0,3.3001779649106835,,,,,,,,,0,0,0
943,673,2023,-0.06509635861684032,1.9983446602569945,,,,,,,,,0,0,0
942,681,2023,-0.2464788565098289,2.8100938343784443,,,,,,,,,0,0,0
941,649,2023,0.03406182021998765,3.386058823406958,,,,,,,,,0,0,0
940,662,2023,0.06426662077936122,2.3569321967866843,,,,,,,,,0,0,0
939,677,2023,0.0,-0.08689383644711624,,,,,,,,,0,0,0
938,653,2023,0.0,2.6664043163068993,,,,,,,,,0,0,0
937,666,2023,0.07050578257486519,1.670781657478459,,,,,,,,,0,0,0
936,648,2023,0.5361023622336869,2.7162528901993537,,,,,,,,,0,0,0
935,676,2023,0.2382163091463412,2.071037251501589,,,,,,,,,0,0,0
934,674,2023,-0.259730388524779,2.1489467155159563,,,,,,,,,0,0,0
933,651,2023,,,,,,,,,,,0,0,0
932,659,2023,0.06263484888070676,1.8391531822882365,,,,,,,,,0,0,0
931,682,2023,-0.04650420094545874,1.363863856649425,,,,,,,,,0,0,0
930,679,2023,-0.361630885459648,2.380577689349966,,,,,,,,,0,0,0
929,675,2023,1.2142004382841738,-1.5754690525078687,,,,,,,,,0,0,0
928,646,2023,0.0,2.6904500826311373,,,,,,,,,0,0,0
927,669,2023,0.2983020892682304,1.4441466360332775,,,,,,,,,0,0,0
926,667,2023,0.3117877467318675,0.8388250398748062,,,,,,,,,0,0,0
925,645,2023,0.0,2.6904500826311373,,,,,,,,,0,0,0
924,663,2023,-0.18010185007340224,1.137152405149532,,,,,,,,,0,0,0
923,660,2023,-0.049940371961192935,2.1871758140387585,,,,,,,,,0,0,0
922,678,202,,,,,,,,,,,0,0,0
921,574,202,,,,,,,,,,,0,0,0
920,593,202,,,,,,,,,,,0,0,0
919,575,202,,,,,,,,,,,0,0,0
918,616,202,,,,,,,,,,,0,0,0
917,680,202,,,,,,,,,,,0,0,0
916,643,202,,,,,,,,,,,0,0,0
915,657,202,,,,,,,,,,,0,0,0
914,583,202,,,,,,,,,,,0,0,0
913,661,202,,,,,,,,,,,0,0,0
912,647,202,,,,,,,,,,,0,0,0
911,635,202,,,,,,,,,,,0,0,0
910,671,202,,,,,,,,,,,0,0,0
909,683,202,,,,,,,,,,,0,0,0
908,595,202,,,,,,,,,,,0,0,0
907,565,202,,,,,,,,,,,0,0,0
906,528,202,,,,,,,,,,,0,0,0
905,623,202,,,,,,,,,,,0,0,0
904,552,202,,,,,,,,,,,0,0,0
903,655,202,,,,,,,,,,,0,0,0
902,668,202,,,,,,,,,,,0,0,0
901,665,202,,,,,,,,,,,0,0,0
900,664,202,,,,,,,,,,,0,0,0
899,656,202,,,,,,,,,,,0,0,0
898,644,202,,,,,,,,,,,0,0,0
897,672,202,,,,,,,,,,,0,0,0
896,624,202,,,,,,,,,,,0,0,0
895,551,202,,,,,,,,,,,0,0,0
894,634,202,,,,,,,,,,,0,0,0
893,670,202,,,,,,,,,,,0,0,0
892,523,202,,,,,,,,,,,0,0,0
891,654,202,,,,,,,,,,,0,0,0
890,640,202,,,,,,,,,,,0,0,0
889,658,202,,,,,,,,,,,0,0,0
888,650,202,,,,,,,,,,,0,0,0
887,543,202,,,,,,,,,,,0,0,0
886,1,202,,,,,,,,,,,0,0,0
885,516,202,,,,,,,,,,,0,0,0
884,539,202,,,,,,,,,,,0,0,0
883,537,202,,,,,,,,,,,0,0,0
882,529,202,,,,,,,,,,,0,0,0
881,673,202,,,,,,,,,,,0,0,0
880,518,202,,,,,,,,,,,0,0,0
879,681,202,,,,,,,,,,,0,0,0
878,513,202,,,,,,,,,,,0,0,0
877,511,202,,,,,,,,,,,0,0,0
876,649,202,,,,,,,,,,,0,0,0
875,532,202,,,,,,,,,,,0,0,0
874,662,202,,,,,,,,,,,0,0,0
873,677,202,,,,,,,,,,,0,0,0
872,550,202,,,,,,,,,,,0,0,0
871,572,202,,,,,,,,,,,0,0,0
870,562,202,,,,,,,,,,,0,0,0
869,629,202,,,,,,,,,,,0,0,0
868,653,202,,,,,,,,,,,0,0,0
867,666,202,,,,,,,,,,,0,0,0
866,525,202,,,,,,,,,,,0,0,0
865,524,202,,,,,,,,,,,0,0,0
864,533,202,,,,,,,,,,,0,0,0
863,648,202,,,,,,,,,,,0,0,0
862,676,202,,,,,,,,,,,0,0,0
861,613,202,,,,,,,,,,,0,0,0
860,674,202,,,,,,,,,,,0,0,0
859,651,202,,,,,,,,,,,0,0,0
858,536,202,,,,,,,,,,,0,0,0
857,659,202,,,,,,,,,,,0,0,0
856,614,202,,,,,,,,,,,0,0,0
855,622,202,,,,,,,,,,,0,0,0
854,618,202,,,,,,,,,,,0,0,0
853,520,202,,,,,,,,,,,0,0,0
852,580,202,,,,,,,,,,,0,0,0
851,519,202,,,,,,,,,,,0,0,0
850,617,202,,,,,,,,,,,0,0,0
849,682,202,,,,,,,,,,,0,0,0
848,679,202,,,,,,,,,,,0,0,0
847,558,202,,,,,,,,,,,0,0,0
846,598,202,,,,,,,,,,,0,0,0
845,514,202,,,,,,,,,,,0,0,0
844,632,202,,,,,,,,,,,0,0,0
843,609,202,,,,,,,,,,,0,0,0
842,675,202,,,,,,,,,,,0,0,0
841,646,202,,,,,,,,,,,0,0,0
840,627,202,,,,,,,,,,,0,0,0
839,625,202,,,,,,,,,,,0,0,0
838,669,202,,,,,,,,,,,0,0,0
837,559,202,,,,,,,,,,,0,0,0
836,626,202,,,,,,,,,,,0,0,0
835,667,202,,,,,,,,,,,0,0,0
834,619,202,,,,,,,,,,,0,0,0
833,590,202,,,,,,,,,,,0,0,0
832,645,202,,,,,,,,,,,0,0,0
831,620,202,,,,,,,,,,,0,0,0
830,663,202,,,,,,,,,,,0,0,0
829,594,202,,,,,,,,,,,0,0,0
828,517,202,,,,,,,,,,,0,0,0
827,581,202,,,,,,,,,,,0,0,0
826,604,202,,,,,,,,,,,0,0,0
825,586,202,,,,,,,,,,,0,0,0
824,602,202,,,,,,,,,,,0,0,0
823,600,202,,,,,,,,,,,0,0,0
822,601,202,,,,,,,,,,,0,0,0
821,603,202,,,,,,,,,,,0,0,0
820,584,202,,,,,,,,,,,0,0,0
819,554,202,,,,,,,,,,,0,0,0
818,545,202,,,,,,,,,,,0,0,0
817,521,202,,,,,,,,,,,0,0,0
816,560,202,,,,,,,,,,,0,0,0
815,615,202,,,,,,,,,,,0,0,0
814,566,202,,,,,,,,,,,0,0,0
813,599,202,,,,,,,,,,,0,0,0
812,534,202,,,,,,,,,,,0,0,0
811,612,202,,,,,,,,,,,0,0,0
810,549,202,,,,,,,,,,,0,0,0
809,597,202,,,,,,,,,,,0,0,0
808,535,202,,,,,,,,,,,0,0,0
807,582,202,,,,,,,,,,,0,0,0
806,561,202,,,,,,,,,,,0,0,0
805,568,202,,,,,,,,,,,0,0,0
804,592,202,,,,,,,,,,,0,0,0
803,596,202,,,,,,,,,,,0,0,0
802,611,202,,,,,,,,,,,0,0,0
801,556,202,,,,,,,,,,,0,0,0
800,515,202,,,,,,,,,,,0,0,0
799,564,202,,,,,,,,,,,0,0,0
798,630,202,,,,,,,,,,,0,0,0
797,544,202,,,,,,,,,,,0,0,0
796,628,202,,,,,,,,,,,0,0,0
795,571,202,,,,,,,,,,,0,0,0
794,591,202,,,,,,,,,,,0,0,0
793,542,202,,,,,,,,,,,0,0,0
792,577,202,,,,,,,,,,,0,0,0
791,608,202,,,,,,,,,,,0,0,0
790,636,202,,,,,,,,,,,0,0,0
789,621,202,,,,,,,,,,,0,0,0
788,660,202,,,,,,,,,,,0,0,0
385,641,2023,,,,,,,,,,,0,0,0
384,640,2023,0.0,2.1602836335351556,3.5,0.0,2.7162528901993586,,,,,,1,0,1
383,639,2023,0.0,2.5362862213014665,3.625,0.960143218483576,3.0658530107889987,1.105290150776666,,,,,4,0,4
382,636,2023,0.0,3.5434395439406168,4.153846153846154,0.49554225872019714,3.734799488918618,0.6575887087860282,,,,,13,0,11
381,634,2023,-0.4141671579372798,4.135617600199648,3.575,0.5309190145398825,2.958747220695729,1.057037441217585,,,,,20,0,14
380,632,2023,0.09803145838329486,3.0261348345938766,2.7666666666666666,0.6798692684790381,1.9598568795142999,0.6480797753029985,,,,,15,0,10
379,637,2023,,,,,2.4897217789547166,0.7542352148369454,,,,,0,0,0
378,630,2023,0.17181842975436346,1.3800287224636913,2.0,0.8451542547285167,1.2760942337399512,0.6027587267327209,,,,,21,0,10
377,635,2023,-0.4753142472680054,4.0203537568087455,3.6666666666666665,0.5773502691896257,3.3251796560591815,0.7036662312492682,,,,,18,0,13
376,628,2023,0.5779110108849744,1.5389826712764312,2.4444444444444446,0.5983516452371671,1.777578017233482,0.6640235478343017,,,,,18,0,13
375,633,2023,,,,,1.4511939060144243,0.6067547097852689,,,,,0,0,0
374,626,2023,0.1587392828506126,3.5659896796862913,3.3823529411764706,0.7382294351771255,3.0195526592940585,0.7238719526279808,,,,,17,0,11
373,631,2023,,,,,1.9695024567475605,0.6539031355010381,,,,,0,0,0
372,624,2023,-837.2828160234595,3.862419554075731,2.6818181818181817,0.7158188976374374,2.011569525572693,0.9696026262071986,,,,,11,0,6
371,629,2023,0.015826752661591743,3.1589937067412883,3.3823529411764706,0.6758308995927093,2.6834399457413185,0.7685113682458493,,,,,17,0,13
370,622,2023,-0.055968206242643294,2.6115806047133536,2.5,0.8416254115301732,1.583752432267788,0.7927501978153028,,,,,12,0,11
369,627,2023,-0.20853809548127294,3.0638825483110734,2.5625,0.5266343608235224,1.6358008381612907,0.7750003083982617,,,,,8,0,6
368,620,2023,0.07868665912480345,3.94628355291162,3.482142857142857,0.76160243257629,3.079085922633358,0.9409942668795164,,,,,28,0,17
367,625,2023,0.0,3.19077377567966,3.738095238095238,0.7810104508027013,2.9187937381188997,0.8590067308684345,,,,,21,0,13
366,618,2023,-0.0649225658825184,3.265706493657148,4.0,0.3535533905932738,3.5820020393853214,0.47043834230358506,,,,,8,0,6
365,616,2023,-0.806059131497055,5.690893098422516,2.6944444444444446,0.7291335971337047,1.9076173850809268,0.8949998629036492,,,,,18,0,12
364,623,2023,0.0,2.705785756782973,2.857142857142857,0.6925256939166184,2.2039912029429622,0.5116846425848072,,,,,14,0,10
363,614,2023,0.041694274028597676,2.070097117748543,2.0714285714285716,0.7525466966323384,1.4226522859635502,0.6637394368236945,,,,,14,0,9
362,621,2023,0.3323018501121022,2.1741952043836,2.1153846153846154,0.8122581569978029,1.411610457534302,0.8064630557089689,,,,,13,0,11
361,612,2023,0.0,2.3864974608416842,2.5,0.7071067811865476,1.7164165518599626,0.45611557214189863,,,,,13,0,10
360,610,2023,,,,,2.2395113136971663,0.819344631407209,,,,,0,0,0
359,619,2023,-0.15204693277219472,3.3492569247043904,3.0625,0.6343057228182637,2.206841031446343,0.5656698990352071,,,,,8,0,8
358,615,2023,0.29192656728969724,1.953266632633734,3.1538461538461537,0.6617173282340483,2.6065406201241483,0.7381580973459542,,,,,13,0,11
357,597,2023,0.0,3.2722221468635557,,,,,3.3846153846153846,0.6742663483233183,1.944456331323741,-3.735617797056835,0,39,0
356,613,2023,-0.15957567961188635,2.9691772897373623,3.392857142857143,0.7116021016132599,2.947929053527863,0.668445260131596,,,,,14,0,11
355,541,2023,,,,,1.696906293186995,0.872091416686408,,,,,0,0,0
354,560,2023,-1.0408633449366456,3.0356961983628192,1.8333333333333333,0.6236095644623235,1.4903400324639162,0.10858671641454092,,,,,3,0,3
353,611,2023,0.04917706011216044,2.9851562253930464,3.125,0.625,2.4603249552125366,0.6888560966893513,,,,,16,0,12
352,519,2023,0.0,2.223690680278569,2.6923076923076925,0.910166120476864,2.2006728246210723,0.6812155942877778,,,,,13,0,11
351,609,2023,-0.11010906517179846,3.123704207969705,3.1666666666666665,0.4714045207910317,2.623956626984736,0.7287763453548806,,,,,6,0,6
350,511,2023,0.0,4.390405036490574,4.2,0.4,3.506841164780347,0.5420529557744038,,,,,5,0,3
349,559,2023,0.0,3.190773775679576,3.642857142857143,0.8329931278350429,3.4509361343445595,0.8415308116435314,,,,,7,0,6
348,617,2023,0.1512155932816736,1.7440428039258913,2.9375,0.46351240544347894,2.540078789242271,0.5878200564076709,,,,,8,0,7
347,608,2023,-0.45458070739254003,3.340325760788202,3.2142857142857144,0.7726181304565691,2.607364172296003,0.8703888355462379,,,,,14,0,9
346,607,2023,,,,,2.095326945419853,0.8857736053952059,,,,,0,0,0
345,606,2023,,,,,1.8359972456404177,0.6130514903114661,,,,,0,0,0
344,605,2023,,,,,3.698234049855087,0.5537119880627033,,,,,0,0,0
343,604,2023,,,,,,,3.140449438202247,1.0111423177621177,1.2724392669436215,-1.3960804235842048,0,89,0
342,603,2023,,,,,,,3.966666666666667,0.752034278178565,1.785466843080156,-3.927334215400779,0,30,0
341,602,2023,,,4.5,0.0,4.0102559059051295,,3.5517241379310347,0.8130914567276967,1.1119385133284014,-1.1755319064500467,1,116,1
340,601,2023,0.0,-0.06359339312164558,,,,,4.1,0.5182387756347729,2.5748590119338837,-7.162248409585569,0,35,0
339,600,2023,,,,,,,3.221590909090909,0.8688352788276597,1.0261634294028894,-1.0003994715143754,0,88,0
338,599,2023,,,5.0,0.0,4.983057955566951,0.023959669011544903,3.4863013698630136,0.5966378559008922,2.113625013736659,-4.333804999767236,2,73,2
337,598,2023,0.0,3.204981036146335,4.75,0.25,3.701086509056738,0.42169233832426845,,,6.761979125940704,-23.192417223398394,2,0,2
336,596,2023,,,4.75,0.25,4.357028468927027,0.03837071286377055,3.772727272727273,0.5978612017257229,1.7989366272125125,-4.468678170414357,2,22,2
335,595,2023,,,3.5,0.0,3.057457010718471,,,,18.168759781540654,-67.04529181277417,1,0,1
334,594,2023,,,3.0,2.0,2.8861267933988115,2.1185398113130818,3.4390243902439024,0.7001317119223085,1.1868147458404152,-1.0779444587098113,2,41,2
333,593,2023,,,3.0,0.5,2.5574318405311525,0.5069096462774244,4.065217391304348,0.6805424279347186,0.9076170776302249,-0.9054492038447077,2,23,1
332,591,2023,0.0,3.828191403527758,4.125,0.5448623679425842,3.626432136619093,0.569935593842765,3.6142857142857143,0.7567384364656587,1.8553533822318666,-3.79760060091085,4,35,4
331,590,2023,0.0,5.986663859561873,5.0,0.0,4.7947202200639865,0.35555500861573314,3.0,0.7889543583705186,1.6779598415672483,-2.393405763286523,3,49,3
330,589,2023,,,,,4.24654931696132,0.20652110601397827,3.090909090909091,0.46798318822668183,11.5388260356788,-32.44335712811628,0,0,0
329,587,2023,,,,,5.0,,2.8653846153846154,1.052083028199225,0.9989559512912852,-0.247946253153712,0,0,0
327,584,2023,0.21301644460678482,2.0772035563790006,2.727272727272727,0.9620913858416693,2.3005892737700107,1.1927161064733012,,,,,11,0,9
326,583,2023,0.0,1.2627898200382082,2.9,0.2,2.384604924990287,0.30119837541461336,,,,,5,0,5
325,582,2023,0.060258865107482754,2.5354762948769065,3.75,0.25,3.1680523475873144,0.14731834292614795,4.0,0.9354143466934853,1.8152586993466038,-4.655264896004356,2,16,2
324,580,2023,,,4.375,0.4841229182759271,3.3711251448079693,0.9740956916056605,,,,,8,0,8
323,579,2023,,,,,4.554077236930395,0.06265089513238163,3.740740740740741,0.5335133441069605,2.7397377750407816,-7.625605787845318,0,0,0
322,578,2023,,,,,3.818048451453974,0.7372999577610608,,,,,0,0,0
321,577,2023,,,4.75,0.25,4.061649614781893,0.07268168011417352,,,3.0725069330809327,-8.928447615078264,2,0,2
320,576,2023,,,,,,,,,,,0,0,0
319,575,2023,-0.05861778858224821,4.396649412789206,4.571428571428571,0.41649656391752143,4.62002605394987,0.4683537533462392,2.9310344827586206,0.8064838319673449,1.132166365256316,-0.7857199365975027,7,29,6
318,574,2023,-0.10107444407343091,4.446980166095884,4.2,0.2449489742783178,3.9057939876015393,0.4425639688735569,3.4130434782608696,1.0106552679194865,0.8028985163685904,0.09855074181570472,5,69,5
317,573,2023,,,,,3.3530847523468994,0.635733972140126,,,,,0,0,0
316,572,2023,0.0,2.812155837981292,3.8666666666666667,0.42687494916218993,3.6092359098036613,0.5500039211373214,,,2.361610259689694,-5.351898600727139,15,0,10
315,571,2023,0.0,4.042207528238128,4.0,0.7071067811865476,3.538796319596624,0.9526293750596484,,,,,7,0,6
314,569,2023,,,,,,,,,,,0,0,0
313,568,2023,0.0,2.3686866677835816,3.5,0.6123724356957945,2.926022501132246,0.7499706168009063,,,,,4,0,4
312,567,2023,,,,,,,,,,,0,0,0
311,566,2023,,,3.0,0.67700320038633,2.5827572297015635,0.46578811683378785,,,,,12,0,11
310,565,2023,-0.4108187478477888,4.296338791854435,3.6153846153846154,0.624926031125843,3.2039654509205824,0.7507329837899571,,,,,13,0,10
309,564,2023,-0.03454468545001928,3.423863266093818,3.0,0.7817359599705717,2.4416449943043954,0.6192196683547215,,,,,9,0,8
308,563,2023,,,,,2.6913706783054856,0.48825814022506697,,,,,0,0,0
307,562,2023,0.15776974607617186,3.147819689695265,3.5555555555555554,0.7617394000445604,3.169717731864769,0.8516492178938095,,,,,18,0,12
306,561,2023,0.0,3.0638825483110717,3.0,0.3535533905932738,2.7726409555628506,0.28224183822324067,,,,,4,0,3
305,558,2023,-0.05281792626648438,3.62922211455716,3.9,1.2609520212918492,3.6265859773577787,1.2580955707938195,,,,,10,0,8
304,557,2023,,,,,3.2870376770559355,0.2618804282685174,,,,,0,0,0
303,555,2023,,,,,,,,,,,0,0,0
302,554,2023,-0.1611683472920702,4.086568655412712,3.78125,0.6606992034958117,3.095041062006261,1.331535978318171,,,,,16,0,11
301,553,2023,,,,,4.0894745186712145,0.5869966534817742,,,,,0,0,0
300,552,2023,-0.09637373114578172,4.000715258911708,3.9375,0.6584783595532961,3.652315417734691,0.837561624820431,,,,,16,0,13
299,551,2023,-0.43052219312334705,2.997762073870117,3.590909090909091,0.8479435502808014,2.883649553248355,0.9404685867453567,,,,,11,0,11
298,550,2023,0.0,2.6042532481558123,3.8333333333333335,0.74535599249993,3.1577569526590703,0.4343400727918176,,,,,12,0,10
297,549,2023,0.33827618207077426,3.1675149840737093,3.5357142857142856,0.5163154391000343,3.1480220993347103,0.4768035166455689,,,,,14,0,12
296,548,2023,,,,,2.3658229637828545,0.7650836038243058,,,,,0,0,0
295,547,2023,,,,,2.3564456705085846,0.5047711698562174,,,,,0,0,0
294,546,2023,,,,,1.3622626568247407,0.5462667597910207,,,,,0,0,0
293,545,2023,0.15237077036671495,2.0446959765432866,2.1153846153846154,0.7634397400492002,1.1924218107947706,0.5817504228788088,,,,,13,0,11
292,544,2023,-0.41184925387835913,2.8002006083770605,2.892857142857143,0.5404552125150555,2.107508565446841,0.7192886170920031,,,,,14,0,11
291,542,2023,0.0,4.526004965648207,3.2,0.5099019513592785,2.4141474446011606,0.8701350697212967,,,,,5,0,5
290,540,2023,,,,,,,,,,,0,0,0
289,539,2023,,,,,,,,,,,0,0,0
288,538,2023,,,,,3.0258503232712597,0.7173794528564262,,,,,0,0,0
287,537,2023,,,2.857142857142857,0.5150787536377128,2.1185603738858334,0.7678468392732255,,,,,7,0,5
286,536,2023,-0.04677231657994008,3.956751728271592,3.8055555555555554,0.44531165394114997,3.4533832513636895,0.47811057071991386,,,,,18,0,13
285,535,2023,0.2035346171703798,1.396466189931602,3.0,0.7071067811865476,2.349717006405006,0.683709999466863,,,,,11,0,10
284,534,2023,0.34528682980671876,2.736101334345593,3.675,0.5309190145398825,3.0604014739923167,0.6684269557686581,,,,,20,0,12
283,533,2023,,,2.5,0.3535533905932738,2.571938312750258,0.2511430301029409,,,,,4,0,4
282,532,2023,0.303609993167787,1.8054229106959938,2.9,0.8888194417315589,2.3758297289234855,0.7214059902701053,,,,,10,0,7
281,531,2023,,,,,,,,,,,0,0,0
280,530,2023,,,,,,,,,,,0,0,0
279,529,2023,-0.05194513586398177,2.6383351864033826,2.2857142857142856,0.8390957231764807,1.7304147820039966,0.6137294518149202,,,,,7,0,6
278,528,2023,-0.36140984067245413,2.8532297829234294,3.6052631578947367,0.5020732639036556,3.1941435651587087,0.5234469400061864,,,,,19,0,12
277,527,2023,,,,,2.820666885051399,0.7322660500121781,,,,,0,0,0
276,526,2023,,,,,,,,,,,0,0,0
275,525,2023,0.09591513203579961,3.6474540697755446,4.0,0.4629100498862757,3.7162907361330073,0.6198987632635292,,,,,14,0,10
274,524,2023,0.2715807221883751,3.367601363720907,3.9705882352941178,0.3194935438588299,3.6589018578399117,0.37716199867348366,,,,,17,0,11
273,523,2023,0.0,3.329840487782117,3.3181818181818183,0.5339700056577604,2.7965421162317217,0.5146290107243927,,,,,11,0,10
272,522,2023,,,,,1.8738050397971646,0.514339051766701,,,,,0,0,0
271,521,2023,0.2626357928969619,3.3327876764885147,3.4705882352941178,0.6745497024223361,3.0127276096873925,0.7617241815552757,,,,,17,0,11
270,520,2023,0.3830304899649032,3.6211288598793923,3.923076923076923,0.3846153846153846,3.641623177974604,0.5271325867087618,,,,,13,0,11
269,518,2023,0.17024123764505814,3.2008703525391886,3.25,0.6614378277661477,2.573957261084629,1.2049953488742176,,,,,12,0,10
268,517,2023,0.0,-0.9481885238198591,2.125,0.5448623679425842,0.6653441467835665,0.32235718207698577,,,,,4,0,3
267,516,2023,,,3.4166666666666665,0.6400954789890507,2.6643530470500387,0.8142046143682884,,,,,12,0,11
266,515,2023,0.23000329843163614,2.6482914764895287,3.2,0.6,2.469983377832668,0.7571706278448028,,,,,10,0,8
265,514,2023,0.025538354917016972,2.6893098154895774,3.409090909090909,0.46798318822668183,2.8821966547243747,0.5032462328246124,,,,,11,0,9
264,513,2023,0.18571125285643356,3.6019700272068933,3.5,0.4225771273642583,2.883401018367933,0.40802738332751387,,,,,14,0,10
263,512,2023,,,,,2.622704920329743,0.5380210512862205,,,,,0,0,0
262,638,2023,,,,,,,,,,,0,0,0
261,592,2023,0.0,4.384160660191962,3.5,1.7795130420052185,3.0713523126180173,2.2270217090336946,2.53125,0.8654614015078893,0.918554635756643,0.4695382908490192,3,64,3
260,588,2023,,,,,3.748605725380888,0.5658644086452326,,,,,0,0,0
259,581,2023,,,4.375,0.414578098794425,4.262541978666917,0.16462134567675737,3.2285714285714286,0.8438251100355633,1.063656357871295,-0.6199941303874701,4,70,3
258,570,2023,,,,,,,,,,,0,0,0
257,586,2023,0.0,5.014435693900001,,,,,2.9243697478991595,0.9295310452732747,0.8621143205422694,0.30282908784581775,0,119,0
256,543,2023,,,,,,,,,,,0,0,0
255,556,2023,0.0,3.2716634251017407,4.0,0.5345224838248488,3.9165695235197235,0.8333199822075622,,,,,7,0,7
123,1,2023,0.0,2.3569009539318984,,,,,,,,,0,0,0
