id,ballkid,captain,year,count,duration
3930,535,577,2024,1,5:16:27.380632
3929,514,591,2024,1,2:00:00
3928,592,575,2024,1,3:00:00
3927,575,592,2024,1,3:00:00
3926,524,597,2024,1,3:00:00
3925,524,596,2024,1,3:00:00
3924,635,596,2024,1,3:00:00
3923,513,596,2024,1,3:00:00
3922,528,590,2024,1,3:00:00
3921,626,572,2024,1,3:00:00
3920,518,590,2024,1,3:00:00
3919,525,574,2024,1,2:22:44.009517
3918,572,574,2024,3,8:22:44.052729
3917,572,590,2024,2,5:22:43.848666
3916,574,572,2024,3,8:22:44.052729
3915,590,572,2024,2,5:22:43.848666
3914,524,572,2024,1,2:22:43.924626
3913,534,572,2024,2,5:22:43.482744
3912,534,590,2024,2,5:22:43.482744
3911,619,577,2024,1,5:40:17.442267
3910,616,596,2024,1,3:00:00
3909,562,592,2024,1,1:00:00
3908,575,596,2024,2,6:00:00
3907,596,575,2024,2,6:00:00
3906,536,575,2024,2,6:00:00
3905,626,575,2024,1,3:00:00
3904,556,592,2024,1,3:00:00
3903,514,643,2024,1,3:00:00
3902,556,643,2024,1,3:00:00
3901,635,643,2024,1,3:00:00
3900,552,596,2024,1,3:00:00
3899,552,575,2024,1,3:00:00
3898,558,574,2024,2,5:22:43.749356
3897,558,572,2024,2,5:22:43.749356
3896,597,596,2024,2,6:00:00
3895,596,597,2024,2,6:00:00
3894,515,597,2024,1,3:00:00
3893,591,590,2024,1,2:22:43.569190
3892,590,591,2024,1,2:22:43.569190
3891,534,591,2024,1,2:22:43.482744
3890,636,577,2024,1,5:50:35.742844
3889,518,643,2024,1,3:00:00
3888,551,590,2024,2,2:55:55.287899
3887,673,592,2024,1,1:00:00
3886,528,592,2024,1,1:00:00
3885,620,597,2024,1,1:00:00
3884,635,592,2024,3,7:00:00
3883,626,599,2024,1,1:00:00
3882,684,599,2024,1,2:00:00
3881,681,643,2024,1,3:00:00
3880,528,643,2024,1,3:00:00
3879,640,599,2024,1,2:00:00
3878,599,640,2024,1,2:00:00
3877,636,643,2024,1,1:00:00
3876,676,590,2024,1,2:00:00
3875,551,643,2024,1,3:00:00
3874,629,572,2024,1,2:00:00
3873,574,597,2024,2,1:00:40.865259
3872,574,575,2024,1,1:00:00
3871,597,574,2024,2,1:00:40.865259
3870,613,574,2024,1,1:00:00
3869,661,574,2024,1,1:00:00
3868,554,574,2024,1,2:00:00
3867,670,574,2024,1,1:00:00
3866,575,574,2024,1,1:00:00
3865,661,590,2024,1,3:33:11.439233
3864,613,590,2024,1,3:00:00
3863,679,591,2024,1,3:00:00
3862,552,591,2024,2,5:00:00
3861,662,597,2024,2,3:00:40.865259
3860,656,597,2024,2,3:00:40.865259
3859,534,597,2024,2,3:00:40.865259
3858,534,575,2024,1,1:00:00
3857,520,577,2024,1,2:49:38.884407
3856,535,596,2024,1,4:00:00
3855,572,643,2024,1,3:00:00
3854,528,572,2024,2,6:00:00
3853,617,572,2024,1,2:00:00
3852,643,572,2024,1,3:00:00
3851,592,577,2024,1,2:49:38.884407
3850,577,592,2024,1,2:49:38.884407
3849,520,592,2024,2,5:49:38.884407
3848,513,574,2024,2,3:00:00
3847,640,596,2024,1,4:00:00
3846,596,640,2024,1,4:00:00
3845,684,640,2024,1,4:00:00
3844,680,640,2024,1,2:00:00
3843,525,640,2024,1,4:00:00
3842,619,643,2024,1,3:00:00
3841,619,572,2024,1,3:00:00
3840,674,592,2024,1,3:49:38.884407
3839,674,577,2024,1,2:49:38.884407
3838,616,577,2024,1,2:49:38.884407
3837,635,574,2024,1,1:00:00
3836,614,577,2024,1,2:49:38.884407
3835,614,592,2024,1,2:49:38.884407
3834,599,591,2024,1,2:00:00
3833,591,599,2024,1,2:00:00
3832,515,599,2024,1,2:00:00
3831,613,599,2024,2,6:50:35.798599
3830,613,591,2024,1,1:00:00
3829,668,572,2024,1,0:18:06.586520
3828,536,582,2024,1,0:18:06.136459
3827,620,572,2024,2,3:18:06.549274
3826,635,683,2024,1,1:00:00
3825,592,596,2024,2,4:00:00
3824,596,592,2024,2,4:00:00
3823,584,596,2024,1,1:00:00
3822,648,592,2024,1,1:00:00
3821,565,592,2024,1,1:00:00
3820,565,596,2024,1,1:00:00
3819,525,596,2024,3,8:00:00
3818,662,644,2024,1,4:09:17.586873
3817,536,644,2024,1,4:09:17.586873
3816,520,644,2024,1,4:00:00
3815,551,644,2024,1,4:09:17.586873
3814,649,644,2024,1,3:09:17.586873
3813,556,644,2024,1,0:09:17.586873
3812,626,644,2024,1,0:09:17.586873
3811,572,597,2024,1,1:00:00
3810,597,572,2024,1,1:00:00
3809,590,639,2024,1,0:23:05.843834
3808,590,575,2024,2,3:23:05.843834
3807,639,590,2024,1,0:23:05.843834
3806,575,590,2024,2,3:23:05.843834
3805,513,590,2024,1,0:23:05.843834
3804,635,590,2024,2,4:00:00
3803,680,590,2024,1,0:23:05.843834
3802,680,639,2024,1,0:23:05.843834
3801,560,644,2024,1,0:55:26.020137
3800,650,590,2024,1,0:23:05.843834
3799,622,577,2024,1,0:01:47.920824
3798,524,592,2024,3,5:00:00
3797,554,591,2024,1,3:00:00
3796,622,643,2024,1,0:01:47.920824
3795,521,590,2024,2,2:45:49.268090
3794,524,595,2024,1,1:00:00
3793,683,599,2024,1,2:00:00
3792,636,683,2024,1,2:00:00
3791,599,683,2024,1,2:00:00
3790,628,599,2024,1,2:00:00
3789,544,639,2024,1,1:00:00
3788,615,582,2024,1,5:18:05.930940
3787,640,595,2024,1,1:00:00
3786,595,640,2024,1,1:00:00
3785,577,643,2024,1,3:02:34.062262
3784,643,577,2024,1,3:02:34.062262
3783,565,577,2024,1,3:02:34.062262
3782,613,577,2024,2,8:53:09.805106
3781,564,577,2024,1,3:02:34.062262
3780,654,591,2024,1,1:00:00
3779,544,592,2024,1,1:00:00
3778,590,595,2024,1,1:00:00
3777,595,590,2024,1,1:00:00
3776,524,590,2024,2,5:22:43.848666
3775,544,590,2024,1,2:00:00
3774,667,577,2024,1,2:00:00
3773,639,575,2024,1,2:23:05.843834
3772,575,639,2024,1,2:23:05.843834
3771,675,577,2024,1,3:02:34.062262
3770,635,639,2024,1,1:00:00
3769,617,577,2024,1,3:02:34.062262
3768,614,644,2024,1,2:00:00
3767,668,596,2024,2,2:56:42.279950
3766,684,596,2024,3,8:00:00
3765,678,590,2024,1,3:00:00
3764,678,595,2024,1,1:00:00
3763,545,577,2024,1,3:00:00
3762,545,643,2024,1,3:00:00
3761,676,644,2024,1,4:09:17.586873
3760,514,595,2024,1,1:00:00
3759,597,575,2024,3,7:00:00
3758,575,597,2024,3,7:00:00
3757,621,582,2024,1,5:00:00
3756,619,592,2024,2,4:00:00
3755,679,595,2024,1,1:00:00
3754,679,592,2024,1,1:00:00
3753,558,590,2024,2,5:22:43.749356
3752,558,595,2024,1,1:00:00
3751,581,590,2024,1,1:00:00
3750,581,592,2024,1,1:00:00
3749,678,581,2024,1,1:00:00
3748,619,581,2024,1,1:00:00
3747,524,581,2024,1,2:00:00
3746,514,581,2024,1,2:00:00
3745,590,581,2024,1,1:00:00
3744,592,581,2024,1,1:00:00
3743,679,581,2024,1,2:00:00
3742,544,581,2024,1,2:00:00
3741,683,591,2024,1,4:00:00
3740,583,683,2024,1,4:00:00
3739,515,683,2024,1,4:00:00
3738,591,683,2024,1,4:00:00
3737,648,683,2024,1,3:00:00
3736,667,683,2024,1,1:00:00
3735,617,683,2024,1,1:00:00
3734,675,683,2024,1,1:00:00
3733,674,582,2024,1,5:18:06.136459
3732,556,591,2024,2,3:00:00
3731,515,644,2024,1,1:00:00
3730,640,590,2024,1,3:00:00
3729,640,581,2024,1,2:00:00
3728,640,592,2024,1,1:00:00
3727,678,640,2024,1,3:50:03.264707
3726,524,640,2024,1,4:50:03.264707
3725,619,640,2024,1,1:00:00
3724,581,640,2024,1,2:00:00
3723,514,640,2024,2,8:00:00
3722,590,640,2024,1,3:00:00
3721,592,640,2024,1,1:00:00
3720,679,640,2024,1,4:00:00
3719,648,590,2024,1,0:31:29.596735
3718,616,582,2024,1,5:00:00
3717,681,597,2024,1,0:09:57.553777
3716,521,597,2024,2,1:09:57.553777
3715,596,591,2024,1,1:00:00
3714,591,596,2024,1,1:00:00
3713,673,596,2024,1,1:00:00
3712,528,596,2024,2,7:00:00
3711,681,596,2024,1,4:00:00
3710,613,643,2024,1,4:02:34.213847
3709,617,643,2024,2,6:02:34.185718
3708,667,643,2024,1,3:00:00
3707,564,643,2024,1,4:02:34.131462
3706,565,643,2024,1,4:02:34.244483
3705,518,599,2024,1,1:00:00
3704,648,599,2024,2,2:00:00
3703,558,599,2024,1,1:00:00
3702,660,640,2024,1,1:00:00
3701,660,581,2024,1,1:00:00
3700,572,582,2024,1,5:18:06.136459
3699,616,572,2024,1,5:00:00
3698,682,572,2024,1,5:00:00
3697,674,572,2024,1,5:18:06.469435
3696,582,572,2024,1,5:18:06.136459
3695,518,572,2024,2,3:58:38.859410
3694,575,599,2024,1,1:00:00
3693,551,575,2024,1,1:00:00
3692,599,575,2024,1,1:00:00
3691,661,575,2024,2,7:42:13.773166
3690,525,575,2024,2,3:59:59.719443
3689,650,575,2024,1,4:23:05.843834
3688,521,575,2024,1,4:23:05.843834
3687,630,575,2024,1,3:00:00
3686,518,575,2024,1,5:00:00
3685,592,597,2024,2,3:09:57.553777
3684,597,592,2024,2,3:09:57.553777
3683,521,592,2024,2,0:27:16.045616
3682,513,592,2024,3,6:25:06.691387
3681,577,599,2024,2,6:50:35.742844
3680,684,577,2024,1,0:55:05.799178
3679,551,577,2024,1,1:00:00
3678,599,577,2024,2,6:50:35.742844
3677,649,577,2024,1,0:55:05.799178
3676,554,577,2024,2,1:55:05.799178
3675,682,577,2024,1,0:55:05.799178
3674,679,577,2024,2,1:55:05.799178
3673,558,577,2024,1,2:00:00
3672,639,597,2024,1,0:09:57.553777
3671,521,639,2024,2,2:50:17.415382
3670,597,639,2024,1,0:09:57.553777
3669,513,639,2024,2,2:48:12.535221
3668,536,577,2024,1,0:55:05.799178
3667,620,639,2024,1,0:13:38.554385
3666,615,599,2024,1,1:00:00
3665,634,683,2024,1,0:35:08.101164
3664,621,639,2024,1,0:27:16.720041
3663,611,639,2024,1,0:25:03.328248
3662,647,639,2024,1,0:01:30.192400
3661,629,599,2024,2,6:50:35.798599
3660,636,582,2024,1,1:49:11.918349
3659,617,640,2024,1,5:00:00
3658,612,640,2024,2,2:00:00
3657,668,640,2024,1,1:00:00
3656,560,582,2024,1,1:49:11.885501
3655,572,639,2024,1,0:03:19.479478
3654,639,572,2024,1,0:03:19.479478
3653,611,572,2024,2,1:00:13.887653
3652,513,572,2024,2,0:19:16.037344
3651,572,592,2024,2,0:37:26.645586
3650,681,572,2024,3,3:37:26.736461
3649,525,572,2024,3,3:00:10.745978
3648,592,572,2024,2,0:37:26.645586
3647,534,643,2024,2,8:02:34.026628
3646,626,643,2024,1,2:00:00
3645,591,592,2024,1,0:32:21.558282
3644,591,640,2024,1,2:00:00
3643,681,591,2024,2,1:32:21.558282
3642,525,591,2024,2,2:55:05.127472
3641,592,591,2024,1,0:32:21.558282
3640,622,591,2024,3,4:02:05.945635
3639,640,591,2024,1,2:00:00
3638,521,640,2024,1,1:00:00
3637,628,640,2024,1,1:00:00
3636,549,575,2024,1,0:59:54.320064
3635,596,590,2024,1,0:31:29.596735
3634,596,599,2024,2,3:00:00
3633,648,596,2024,3,3:00:00
3632,590,596,2024,1,0:31:29.596735
3631,554,596,2024,3,7:00:00
3630,599,596,2024,2,3:00:00
3629,670,596,2024,1,1:00:00
3628,551,640,2024,1,1:00:00
3627,535,640,2024,2,5:00:00
3626,536,643,2024,2,5:00:00
3625,536,640,2024,1,2:00:00
3624,515,572,2024,1,0:32:21.704575
3623,634,639,2024,1,0:35:08.101164
3622,647,572,2024,2,0:35:34.441511
3621,647,591,2024,1,0:32:21.558282
3620,674,639,2024,1,0:35:08.101164
3619,583,599,2024,3,8:50:35.798599
3618,583,596,2024,3,4:27:56.744627
3617,620,596,2024,3,5:00:00
3616,663,582,2024,1,1:49:11.918349
3615,660,639,2024,1,0:35:08.101164
3614,660,683,2024,1,0:35:08.101164
3613,661,683,2024,1,1:22:03.684474
3612,654,683,2024,1,1:22:30.633794
3611,564,683,2024,2,2:57:38.734958
3610,603,683,2024,1,0:22:30.633794
3609,649,575,2024,1,1:00:00
3608,649,683,2024,1,1:35:08.101164
3607,639,683,2024,1,1:35:08.101164
3606,661,639,2024,2,2:41:46.823846
3605,654,639,2024,1,1:00:00
3604,683,639,2024,1,1:35:08.101164
3603,532,639,2024,1,1:35:08.101164
3602,649,639,2024,1,1:35:08.101164
3601,552,683,2024,1,1:57:38.734958
3600,679,594,2024,1,2:00:00
3599,679,599,2024,1,0:59:48.159343
3598,679,596,2024,2,1:59:48.159343
3597,624,574,2024,1,1:00:00
3596,520,574,2024,3,7:00:00
3595,601,574,2024,1,1:00:00
3594,524,574,2024,2,3:22:43.924626
3593,549,590,2024,2,2:31:35.276671
3592,674,599,2024,1,1:00:00
3591,514,599,2024,2,3:00:00
3590,577,575,2024,1,3:00:00
3589,678,577,2024,1,3:00:00
3588,575,577,2024,1,3:00:00
3587,630,577,2024,1,1:00:00
3586,629,577,2024,2,8:50:35.742844
3585,518,577,2024,3,6:44:44.683585
3584,615,577,2024,1,2:00:00
3583,549,577,2024,2,6:49:11.615751
3582,542,639,2024,1,1:00:00
3581,616,639,2024,1,0:02:00.451851
3580,634,596,2024,1,3:00:00
3579,613,640,2024,2,6:00:00
3578,670,575,2024,3,9:22:32.355600
3577,665,572,2024,1,2:45:11.595999
3576,613,572,2024,1,3:00:00
3575,612,572,2024,1,3:00:00
3574,628,572,2024,1,3:00:00
3573,659,577,2024,2,3:55:05.799178
3572,616,683,2024,1,0:02:00.451851
3571,565,597,2024,3,3:07:03.449278
3570,554,597,2024,5,6:16:31.097804
3569,684,597,2024,1,"-1 day, 22:06:22.584019"
3568,676,597,2024,1,0:06:22.584019
3567,545,597,2024,1,"-1 day, 22:44:08.760143"
3566,682,597,2024,2,0:06:22.584019
3565,601,597,2024,1,1:12:15.836527
3564,680,597,2024,1,0:06:22.584019
3563,668,582,2024,2,1:18:06.136459
3562,659,575,2024,1,5:00:00
3561,616,590,2024,1,2:00:00
3560,514,596,2024,2,7:00:00
3559,656,643,2024,2,5:00:00
3558,656,574,2024,2,3:00:00
3557,614,683,2024,1,0:22:30.633794
3556,556,596,2024,2,6:00:00
3555,542,683,2024,1,1:22:30.633794
3554,511,590,2024,1,2:00:00
3553,586,575,2024,1,2:00:00
3552,673,643,2024,2,7:00:00
3551,662,643,2024,1,4:00:00
3550,619,596,2024,1,2:00:00
3549,635,582,2024,1,4:49:11.918349
3548,558,582,2024,1,3:00:00
3547,581,572,2024,1,2:36:17.702777
3546,665,581,2024,1,2:36:17.702777
3545,572,581,2024,1,2:36:17.702777
3544,613,581,2024,1,2:36:17.702777
3543,521,581,2024,1,2:36:17.702777
3542,612,581,2024,2,3:36:17.702777
3541,628,581,2024,1,2:36:17.702777
3540,619,575,2024,1,1:00:00
3539,621,592,2024,2,4:01:30.240956
3538,663,640,2024,1,2:00:00
3537,513,597,2024,6,7:17:01.003055
3536,639,594,2024,1,1:53:19.005717
3535,630,639,2024,1,1:53:19.005717
3534,594,639,2024,1,1:53:19.005717
3533,636,639,2024,1,1:00:00
3532,666,582,2024,1,3:00:00
3531,515,592,2024,2,7:22:00.524003
3530,626,591,2024,3,7:00:00
3529,672,591,2024,1,3:00:00
3528,664,591,2024,1,3:00:00
3527,609,591,2024,1,3:00:00
3526,611,597,2024,2,0:16:20.137796
3525,554,590,2024,2,2:32:34.185541
3524,558,639,2024,1,1:53:19.005717
3523,564,599,2024,1,"-1 day, 23:51:18.036440"
3522,665,599,2024,1,"-1 day, 23:51:18.036440"
3521,521,599,2024,1,"-1 day, 23:51:18.036440"
3520,629,683,2024,1,0:38:52.053351
3519,532,683,2024,3,4:56:22.428613
3518,535,591,2024,1,1:00:00
3517,583,591,2024,3,8:36:18.110086
3516,562,590,2024,1,1:00:00
3515,525,590,2024,2,5:43:01.133655
3514,619,590,2024,1,3:20:17.284989
3513,621,590,2024,1,3:20:17.284989
3512,520,590,2024,1,1:00:00
3511,657,590,2024,1,2:00:00
3510,574,591,2024,2,3:22:43.569190
3509,565,574,2024,2,3:00:00
3508,591,574,2024,2,3:22:43.569190
3507,535,574,2024,1,1:00:00
3506,643,683,2024,2,3:00:00
3505,654,643,2024,1,0:56:54.108508
3504,675,643,2024,2,4:59:28.222180
3503,611,643,2024,1,0:56:53.842453
3502,683,643,2024,2,3:00:00
3501,532,643,2024,1,4:00:00
3500,681,640,2024,1,5:00:00
3499,545,591,2024,1,1:00:00
3498,545,574,2024,1,1:00:00
3497,520,597,2024,1,1:00:00
3496,684,643,2024,2,4:56:54.108508
3495,611,577,2024,1,2:00:00
3494,648,577,2024,2,4:55:05.799178
3493,583,577,2024,2,9:42:29.780850
3492,656,683,2024,3,5:58:43.693655
3491,678,574,2024,1,1:00:00
3490,678,591,2024,1,1:00:00
3489,670,683,2024,1,0:58:43.693655
3488,609,639,2024,1,0:53:19.005717
3487,609,594,2024,1,3:00:00
3486,549,640,2024,2,5:38:38.378748
3485,554,643,2024,2,1:56:53.887895
3484,536,639,2024,1,1:53:19.005717
3483,672,639,2024,1,1:53:19.005717
3482,620,640,2024,1,1:00:00
3481,592,643,2024,2,3:56:53.933336
3480,611,592,2024,3,6:41:47.371897
3479,643,592,2024,2,3:56:53.933336
3478,584,592,2024,2,3:16:44.134532
3477,684,592,2024,2,1:56:53.933336
3476,664,599,2024,1,"-1 day, 23:51:18.036440"
3475,545,572,2024,1,2:48:12.274619
3474,622,572,2024,2,2:50:18.220254
3473,647,592,2024,3,1:32:28.283972
3472,660,643,2024,1,2:00:00
3471,676,572,2024,1,2:48:12.274619
3470,560,575,2024,1,1:36:49.021465
3469,629,574,2024,1,3:00:00
3468,552,574,2024,1,4:00:00
3467,551,574,2024,3,7:22:44.230446
3466,636,599,2024,3,8:50:35.798599
3465,680,683,2024,1,2:00:00
3464,584,643,2024,3,3:56:54.026418
3463,615,591,2024,2,3:36:52.998354
3462,581,574,2024,1,3:45:16.358495
3461,629,581,2024,1,2:45:16.358495
3460,552,581,2024,1,3:45:16.358495
3459,662,581,2024,1,3:00:00
3458,574,581,2024,1,3:45:16.358495
3457,551,581,2024,2,6:21:34.061272
3456,601,640,2024,1,4:00:00
3455,518,581,2024,1,3:45:16.358495
3454,661,572,2024,1,2:48:12.274619
3453,624,643,2024,2,5:00:00
3452,624,683,2024,1,1:00:00
3451,678,639,2024,1,1:53:19.005717
3450,678,594,2024,1,4:00:00
3449,511,643,2024,1,3:38:29.006014
3448,529,639,2024,1,0:53:19.005717
3447,668,577,2024,3,3:55:05.799178
3446,672,594,2024,1,4:00:00
3445,513,577,2024,1,4:00:00
3444,670,577,2024,3,5:54:32.310944
3443,682,591,2024,1,3:39:32.581636
3442,562,572,2024,1,2:48:12.274619
3441,583,575,2024,2,8:36:18.110086
3440,515,575,2024,2,7:46:54.308432
3439,615,575,2024,3,8:36:52.998354
3438,635,591,2024,2,4:46:01.360413
3437,656,577,2024,1,4:00:00
3436,616,592,2024,2,6:49:38.884407
3435,554,592,2024,3,8:56:53.887895
3434,675,592,2024,1,4:56:53.933336
3433,649,592,2024,1,4:00:00
3432,667,592,2024,2,5:00:00
3431,608,683,2024,1,0:01:54.522998
3430,618,683,2024,1,0:01:54.522998
3429,558,594,2024,1,3:00:00
3428,596,572,2024,1,3:00:00
3427,572,596,2024,1,3:00:00
3426,661,596,2024,1,3:00:00
3425,676,596,2024,1,3:00:00
3424,520,596,2024,1,3:00:00
3423,562,596,2024,1,3:00:00
3422,622,596,2024,2,7:00:00
3421,597,590,2024,1,3:20:17.284989
3420,590,597,2024,1,3:20:17.284989
3419,657,597,2024,1,2:00:00
3418,619,597,2024,1,3:20:17.284989
3417,621,597,2024,3,4:30:14.838766
3416,626,597,2024,2,6:20:17.284989
3415,634,597,2024,1,3:20:17.284989
3414,564,582,2024,1,2:51:18.036440
3413,521,582,2024,2,3:09:24.172899
3412,535,582,2024,1,2:51:18.036440
3411,659,582,2024,1,2:00:00
3410,665,582,2024,1,2:51:18.036440
3409,524,582,2024,1,2:51:18.036440
3408,663,581,2024,1,3:45:16.358495
3407,669,590,2024,1,3:20:17.284989
3406,669,597,2024,1,3:20:17.284989
3405,630,594,2024,1,4:00:00
3404,556,581,2024,1,3:45:16.358495
3403,556,574,2024,2,4:45:28.436804
3402,614,581,2024,1,3:00:00
3401,654,592,2024,1,4:56:53.933336
3400,544,640,2024,3,8:50:03.264707
3399,608,592,2024,1,1:33:40.375294
3398,574,592,2024,1,1:33:40.375294
3397,574,577,2024,1,4:00:00
3396,592,574,2024,1,1:33:40.375294
3395,618,574,2024,1,1:37:05.583459
3394,608,574,2024,1,1:37:05.583459
3393,577,574,2024,1,4:00:00
3392,554,575,2024,3,8:00:00
3391,672,592,2024,1,1:33:40.375294
3390,620,592,2024,4,5:47:18.929679
3389,620,683,2024,3,3:01:54.522998
3388,654,572,2024,1,1:00:00
3387,628,592,2024,2,5:23:19.259701
3386,628,683,2024,3,5:00:38.216653
3385,669,592,2024,1,1:33:40.375294
3384,669,683,2024,1,0:01:54.522998
3383,536,574,2024,2,2:37:05.583459
3382,536,683,2024,1,0:01:54.522998
3381,536,592,2024,3,5:33:40.375294
3380,534,592,2024,1,1:33:40.375294
3379,668,592,2024,2,2:33:40.375294
3378,668,574,2024,2,2:37:05.583459
3377,582,592,2024,1,1:00:00
3376,551,582,2024,2,1:18:06.136459
3375,681,582,2024,1,1:00:00
3374,618,582,2024,1,1:00:00
3373,592,582,2024,1,1:00:00
3372,518,582,2024,2,1:58:38.859410
3371,680,592,2024,3,4:56:53.933336
3370,660,592,2024,2,2:00:00
3369,594,582,2024,1,1:00:00
3368,594,592,2024,1,1:00:00
3367,650,594,2024,1,1:00:00
3366,680,594,2024,1,1:00:00
3365,660,594,2024,1,1:00:00
3364,582,594,2024,1,1:00:00
3363,518,594,2024,1,1:00:00
3362,681,594,2024,1,1:00:00
3361,592,594,2024,1,1:00:00
3360,664,577,2024,1,2:00:00
3359,584,597,2024,3,3:13:28.128903
3358,584,591,2024,1,0:38:21.947383
3357,649,591,2024,3,3:01:18.471306
3356,620,577,2024,2,4:59:13.557157
3355,659,599,2024,2,2:00:00
3354,615,597,2024,2,2:39:52.449336
3353,572,599,2024,1,1:00:00
3352,535,572,2024,1,2:00:00
3351,634,572,2024,2,5:55:58.757731
3350,599,572,2024,1,1:00:00
3349,534,577,2024,3,9:02:34.026628
3348,628,577,2024,3,10:49:38.884407
3347,628,574,2024,2,11:37:05.583459
3346,515,577,2024,2,4:49:38.884407
3345,564,597,2024,1,2:00:00
3344,663,599,2024,1,1:00:00
3343,654,597,2024,1,2:00:00
3342,635,599,2024,2,2:00:00
3341,635,595,2024,1,2:22:20.227962
3340,513,683,2024,2,2:58:43.693655
3339,647,683,2024,2,3:00:00
3338,668,683,2024,3,7:00:38.216653
3337,514,683,2024,1,4:00:00
3336,554,599,2024,2,8:49:23.016178
3335,554,582,2024,1,7:49:23.016178
3334,520,595,2024,1,2:22:20.227962
3333,590,574,2024,4,14:41:12.270410
3332,590,577,2024,1,0:18:28.421744
3331,665,590,2024,1,1:41:31.578256
3330,634,590,2024,2,5:01:48.863245
3329,664,590,2024,1,1:41:31.578256
3328,514,590,2024,3,5:14:42.970680
3327,636,590,2024,1,1:41:31.578256
3326,577,590,2024,1,0:18:28.421744
3325,574,590,2024,4,14:41:12.270410
3324,628,590,2024,1,6:18:28.421744
3323,611,590,2024,1,1:41:31.578256
3322,611,582,2024,2,1:40:53.344269
3321,511,683,2024,2,7:38:29.006014
3320,673,639,2024,1,1:00:54.782928
3319,632,590,2024,1,1:41:31.578256
3318,670,590,2024,5,8:09:51.946292
3317,523,577,2024,1,2:00:00
3316,523,590,2024,1,6:18:28.421744
3315,523,574,2024,1,8:00:00
3314,575,683,2024,1,6:00:00
3313,683,575,2024,1,6:00:00
3312,551,639,2024,1,6:00:00
3311,518,639,2024,1,6:00:00
3310,622,639,2024,1,6:00:00
3309,676,639,2024,1,4:00:00
3308,613,683,2024,3,8:00:00
3307,535,590,2024,2,2:14:42.855575
3306,618,639,2024,1,6:00:00
3305,534,596,2024,1,7:34:31.863814
3304,532,577,2024,1,2:47:51.004526
3303,672,577,2024,1,4:00:00
3302,644,590,2024,1,0:00:05.422980
3301,590,644,2024,1,0:00:05.422980
3300,514,644,2024,1,0:18:33.844724
3299,632,644,2024,1,0:18:33.844724
3298,650,639,2024,2,8:23:05.843834
3297,615,595,2024,1,2:22:20.227962
3296,544,683,2024,1,6:00:00
3295,529,595,2024,1,2:22:20.227962
3294,513,599,2024,1,7:49:23.016178
3293,513,582,2024,2,8:07:29.152637
3292,674,575,2024,2,9:00:00
3291,674,683,2024,3,5:33:51.794819
3290,678,596,2024,1,7:31:34.244414
3289,545,596,2024,2,10:31:26.347282
3288,657,596,2024,1,7:33:36.979838
3287,621,596,2024,2,11:34:31.863814
3286,626,596,2024,4,15:34:31.863814
3285,656,596,2024,1,7:34:31.863814
3284,525,597,2024,4,14:04:01.973936
3283,673,597,2024,1,5:33:47.135170
3282,614,597,2024,1,4:00:00
3281,536,597,2024,3,13:33:47.135170
3280,679,597,2024,1,5:33:47.135170
3279,562,597,2024,3,9:33:47.135170
3278,616,597,2024,3,9:33:47.135170
3277,556,575,2024,3,10:00:00
3276,666,683,2024,1,4:00:00
3275,663,595,2024,1,2:22:20.227962
3274,601,595,2024,1,2:22:20.227962
3273,617,596,2024,1,6:00:00
3272,572,595,2024,1,2:22:20.227962
3271,595,572,2024,1,2:22:20.227962
3270,601,572,2024,1,6:00:00
3269,635,572,2024,1,8:00:00
3268,520,572,2024,3,13:48:12.274619
3267,615,572,2024,2,11:18:05.930940
3266,663,572,2024,1,8:00:00
3265,667,595,2024,1,0:22:20.227962
3264,609,595,2024,1,2:22:20.227962
3263,609,572,2024,1,6:00:00
3262,630,582,2024,1,7:49:23.016178
3261,561,582,2024,1,6:00:00
3260,561,599,2024,1,6:00:00
3259,660,582,2024,2,8:49:23.016178
3258,660,599,2024,2,8:49:23.016178
3257,612,582,2024,1,4:00:00
3256,612,599,2024,1,4:00:00
3255,619,582,2024,1,7:49:23.016178
3254,619,599,2024,3,14:29:40.458445
3253,620,590,2024,4,11:50:44.461322
3252,620,574,2024,4,17:37:05.583459
3251,672,590,2024,1,6:18:28.421744
3250,532,590,2024,1,6:18:28.421744
3249,532,574,2024,1,8:47:51.004526
3248,659,574,2024,1,6:00:00
3247,659,590,2024,1,6:00:00
3246,564,594,2024,1,6:00:00
3245,654,594,2024,1,6:00:00
3244,682,594,2024,1,6:00:00
3243,623,594,2024,1,4:00:00
3242,661,594,2024,1,6:00:00
3241,552,594,2024,1,6:00:00
3240,515,594,2024,1,6:00:00
3239,676,592,2024,1,4:00:00
3238,622,592,2024,2,9:02:05.945635
3237,518,592,2024,5,19:43:09.460897
3236,650,592,2024,1,7:00:00
3235,618,592,2024,2,8:33:40.375294
3234,551,592,2024,1,7:00:00
3233,586,597,2024,1,4:00:00
3232,565,591,2024,2,5:24:56.398110
3231,608,591,2024,1,4:24:56.398110
3230,669,591,2024,1,4:24:56.398110
3229,528,591,2024,2,5:23:37.926804
3228,648,591,2024,2,6:24:56.398110
3227,524,591,2024,3,9:47:39.967300
3226,667,572,2024,1,4:00:00
3225,680,582,2024,2,8:49:23.016178
3224,636,644,2024,1,6:18:33.844724
3223,670,644,2024,1,6:18:33.844724
3222,535,644,2024,2,10:27:51.431597
3221,664,644,2024,1,6:18:33.844724
3220,568,644,2024,1,6:00:00
3219,665,644,2024,1,6:18:33.844724
3218,634,644,2024,1,6:18:33.844724
3217,611,644,2024,1,6:18:33.844724
3216,511,575,2024,1,8:00:00
3215,583,590,2024,2,9:51:39.860977
3214,583,574,2024,2,10:51:54.038006
3213,655,639,2024,1,0:24:59.214825
3212,564,639,2024,2,3:42:43.077680
3211,525,639,2024,2,2:09:52.814648
3210,616,591,2024,2,2:16:16.959946
3209,514,575,2024,1,6:00:00
3208,676,591,2024,1,0:32:09.664248
3207,627,591,2024,1,0:32:09.664248
3206,549,596,2024,3,7:00:00
3205,518,596,2024,2,3:00:00
3204,629,591,2024,2,0:32:13.259678
3203,674,644,2024,1,3:00:00
3202,628,644,2024,2,4:00:00
3201,608,644,2024,1,3:28:30.366129
3200,532,644,2024,1,3:28:30.366129
3199,535,639,2024,1,2:07:35.010600
3198,666,639,2024,1,1:42:36.094607
3197,664,582,2024,3,5:22:15.499090
3196,632,582,2024,2,1:41:45.544301
3195,562,591,2024,3,3:32:09.664248
3194,574,582,2024,2,0:00:12.957130
3193,574,596,2024,1,2:00:00
3192,664,574,2024,3,3:11:24.856896
3191,632,574,2024,2,1:11:24.856896
3190,582,574,2024,2,0:00:12.957130
3189,515,574,2024,3,4:00:00
3188,596,574,2024,1,2:00:00
3187,549,574,2024,1,3:00:00
3186,592,639,2024,3,8:34:51.765915
3185,535,592,2024,2,5:07:35.010600
3184,655,592,2024,1,0:24:58.951267
3183,564,592,2024,1,2:07:34.976516
3182,525,592,2024,5,13:04:00.026880
3181,639,592,2024,3,8:34:51.765915
3180,666,592,2024,1,1:42:36.094607
3179,626,574,2024,3,4:11:24.856896
3178,626,582,2024,1,0:41:45.544301
3177,552,639,2024,2,3:42:43.379663
3176,552,592,2024,2,5:27:25.247070
3175,634,574,2024,2,1:11:24.856896
3174,634,582,2024,2,4:37:44.302032
3173,682,582,2024,2,5:41:45.544301
3172,682,574,2024,2,1:11:24.856896
3171,643,591,2024,1,0:32:09.664248
3170,627,643,2024,1,0:32:09.747718
3169,591,643,2024,1,0:32:09.664248
3168,640,574,2024,2,1:11:24.856896
3167,640,582,2024,1,0:41:45.544301
3166,574,640,2024,2,1:11:24.856896
3165,582,640,2024,1,0:41:45.544301
3164,634,640,2024,1,1:52:57.444067
3163,611,640,2024,1,1:27:43.911233
3162,626,640,2024,3,6:52:57.444067
3161,621,640,2024,2,6:00:00
3160,513,591,2024,1,0:31:55.033848
3159,575,591,2024,2,4:31:39.135549
3158,528,575,2024,3,4:48:10.020512
3157,680,575,2024,3,2:11:06.672405
3156,627,575,2024,1,0:31:39.135549
3155,591,575,2024,2,4:31:39.135549
3154,562,575,2024,1,0:31:39.135549
3153,676,575,2024,2,4:12:05.148381
3152,611,575,2024,1,0:48:09.942230
3151,673,575,2024,1,0:48:09.995120
3150,672,575,2024,1,0:48:10.044387
3149,672,582,2024,2,1:30:57.462650
3148,528,574,2024,4,6:46:07.307342
3147,534,582,2024,1,0:41:45.544301
3146,534,640,2024,1,3:52:57.444067
3145,673,574,2024,3,1:46:03.937153
3144,673,582,2024,1,0:41:45.544301
3143,520,575,2024,1,0:31:39.135549
3142,663,639,2024,1,0:24:59.128377
3141,663,592,2024,1,0:24:58.951267
3140,620,591,2024,2,3:31:50.164344
3139,620,643,2024,4,8:31:50.164344
3138,521,574,2024,3,6:22:43.424256
3137,521,596,2024,1,2:00:00
3136,654,596,2024,2,4:50:17.473122
3135,654,574,2024,1,3:00:00
3134,659,572,2024,2,4:24:36.340821
3133,608,572,2024,1,2:24:36.340821
3132,536,572,2024,3,5:42:42.927341
3131,618,572,2024,1,2:24:36.340821
3130,519,644,2024,1,3:00:00
3129,617,644,2024,1,3:00:00
3128,662,572,2024,1,2:24:36.340821
3127,650,644,2024,1,3:00:00
3126,597,644,2024,1,3:00:00
3125,628,597,2024,1,3:00:00
3124,617,597,2024,1,3:00:00
3123,674,597,2024,2,4:00:00
3122,644,597,2024,1,3:00:00
3121,519,597,2024,1,3:00:00
3120,673,640,2024,2,8:27:36.524324
3119,663,591,2024,2,5:00:00
3118,677,591,2024,1,2:00:00
3117,634,591,2024,1,2:00:00
3116,657,591,2024,1,2:00:00
3115,611,591,2024,1,2:00:00
3114,542,591,2024,1,2:00:00
3113,561,591,2024,1,2:00:00
3112,520,591,2024,2,2:32:09.664248
3111,664,640,2024,2,5:52:57.444067
3110,558,591,2024,3,5:22:43.569190
3109,655,582,2024,1,2:00:00
3108,683,640,2024,1,2:00:00
3107,664,683,2024,1,2:00:00
3106,673,683,2024,2,2:34:49.056523
3105,632,683,2024,1,2:00:00
3104,621,683,2024,1,2:00:00
3103,677,683,2024,1,0:58:01.134104
3102,626,683,2024,2,2:58:01.134104
3101,611,683,2024,1,3:00:00
3100,682,683,2024,1,2:00:00
3099,518,683,2024,2,3:01:54.522998
3098,662,683,2024,1,3:00:00
3097,640,683,2024,1,2:00:00
3096,661,591,2024,1,2:00:00
3095,668,644,2024,1,3:00:00
3094,668,597,2024,2,5:00:40.865259
3093,627,582,2024,2,3:51:59.284654
3092,627,572,2024,1,0:08:00.715346
3091,565,582,2024,2,4:51:18.036440
3090,620,582,2024,2,2:18:06.136459
3089,584,582,2024,2,3:49:23.016178
3088,681,639,2024,3,8:34:51.970117
3087,681,592,2024,4,13:09:02.742635
3086,562,582,2024,1,1:51:54.521633
3085,643,575,2024,1,2:12:05.148381
3084,575,643,2024,1,2:12:05.148381
3083,524,643,2024,2,5:40:26.012832
3082,676,643,2024,1,2:12:35.739701
3081,583,644,2024,1,3:00:00
3080,583,597,2024,2,3:32:03.255373
3079,599,582,2024,3,9:40:41.052618
3078,627,599,2024,1,1:51:59.284654
3077,620,599,2024,1,2:00:00
3076,565,599,2024,2,1:51:18.036440
3075,584,599,2024,2,3:49:23.016178
3074,582,599,2024,3,9:40:41.052618
3073,655,599,2024,1,2:00:00
3072,675,599,2024,1,2:00:00
3071,675,582,2024,2,6:49:11.918349
3070,656,582,2024,1,2:00:00
3069,656,599,2024,2,4:00:00
3068,523,599,2024,1,2:00:00
3067,523,582,2024,1,2:00:00
3066,614,574,2024,2,6:00:00
3065,647,643,2024,3,3:37:20.121340
3064,647,644,2024,1,3:28:30.366129
3063,647,575,2024,2,3:40:26.012832
3062,568,643,2024,1,1:40:26.012832
3061,568,575,2024,1,1:40:26.012832
3060,616,643,2024,1,2:12:35.854482
3059,616,575,2024,2,5:12:05.148381
3058,529,572,2024,2,8:24:36.340821
3057,678,575,2024,2,5:18:32.208228
3056,679,643,2024,1,1:40:26.012832
3055,679,575,2024,3,3:00:45.878693
3054,679,683,2024,1,0:58:01.134104
3053,665,643,2024,1,1:40:26.012832
3052,629,575,2024,2,7:12:05.148381
3051,629,643,2024,2,4:12:35.832253
3050,669,596,2024,1,2:00:00
3049,669,574,2024,2,4:37:05.583459
3048,612,639,2024,1,2:07:35.137479
3047,612,592,2024,3,6:27:25.247070
3046,554,683,2024,4,8:00:00
3045,554,640,2024,1,2:00:00
3044,660,574,2024,1,3:00:00
3043,660,596,2024,2,5:00:00
3042,672,640,2024,3,6:27:41.502030
3041,528,683,2024,1,2:00:00
3040,528,640,2024,2,7:27:39.894513
3039,514,639,2024,1,2:07:35.166875
3038,514,592,2024,4,9:47:20.324676
3037,670,639,2024,2,4:30:41.184026
3036,670,592,2024,1,2:07:35.045874
3035,513,575,2024,5,12:35:10.992215
3034,513,643,2024,2,5:12:21.046680
3033,594,572,2024,1,2:24:36.340821
3032,627,594,2024,1,0:08:00.715346
3031,608,594,2024,1,2:24:36.340821
3030,636,594,2024,2,3:24:36.340821
3029,560,594,2024,1,2:00:00
3028,551,594,2024,2,3:24:36.340821
3027,662,594,2024,1,2:24:36.340821
3026,659,594,2024,1,2:24:36.340821
3025,536,594,2024,2,6:24:36.340821
3024,529,594,2024,2,5:24:36.340821
3023,618,594,2024,2,3:24:36.340821
3022,572,594,2024,1,2:24:36.340821
3021,613,639,2024,1,2:07:35.195385
3020,613,592,2024,1,2:07:35.045874
3019,544,582,2024,2,6:49:11.918349
3018,544,599,2024,1,2:00:00
3017,680,596,2024,2,4:00:00
3016,680,574,2024,1,3:00:00
3015,558,575,2024,3,3:26:10.760840
3014,635,644,2024,1,3:00:00
3013,635,597,2024,3,7:00:00
3012,565,683,2024,2,1:58:01.134104
3011,613,575,2024,4,12:26:10.760840
3010,613,644,2024,1,3:28:30.366129
3009,682,581,2024,1,1:00:00
3008,682,575,2024,2,5:05:43.342476
3007,520,599,2024,2,4:06:53.465195
3006,630,599,2024,3,9:22:38.912245
3005,524,599,2024,2,0:24:33.932507
3004,621,599,2024,2,2:33:15.896067
3003,684,683,2024,2,2:58:01.134104
3002,635,575,2024,5,15:12:12.121253
3001,669,575,2024,1,0:26:10.760840
3000,556,683,2024,2,4:58:01.134104
2999,654,599,2024,1,0:33:15.896067
2998,584,683,2024,2,4:00:00
2997,574,683,2024,2,3:01:54.522998
2996,518,574,2024,6,18:37:05.583459
2995,683,574,2024,2,3:01:54.522998
2994,662,574,2024,3,9:00:00
2993,611,574,2024,3,4:46:11.324062
2992,584,574,2024,2,6:00:00
2991,677,590,2024,1,3:00:00
2990,627,590,2024,1,3:00:00
2989,684,590,2024,1,3:00:00
2988,679,590,2024,5,9:25:12.656263
2987,544,575,2024,3,9:26:10.760840
2986,544,644,2024,1,3:28:30.366129
2985,657,581,2024,1,1:00:00
2984,657,575,2024,1,0:26:10.760840
2983,650,597,2024,3,7:57:24.167910
2982,552,597,2024,3,8:33:59.720838
2981,661,597,2024,2,3:00:00
2980,622,597,2024,1,3:57:24.167910
2979,666,575,2024,2,6:26:10.760840
2978,666,581,2024,1,1:00:00
2977,681,683,2024,1,0:58:01.134104
2976,681,590,2024,1,3:00:00
2975,519,575,2024,1,4:00:00
2974,659,591,2024,1,1:00:00
2973,674,591,2024,2,5:00:00
2972,675,591,2024,2,5:24:56.398110
2971,536,591,2024,4,6:00:00
2970,564,591,2024,1,1:00:00
2969,628,591,2024,2,5:00:00
2968,521,572,2024,6,9:44:08.488605
2967,656,572,2024,2,5:00:00
2966,551,572,2024,6,15:05:26.980070
2965,554,572,2024,1,1:00:00
2964,515,591,2024,6,12:19:15.866714
2963,632,581,2024,1,1:00:00
2962,614,591,2024,1,1:00:00
2961,616,644,2024,1,3:28:30.366129
2960,558,581,2024,2,2:00:00
2959,534,574,2024,11,20:11:13.923099
2958,534,683,2024,5,6:00:38.216653
2957,635,581,2024,1,1:00:00
2956,624,644,2024,2,9:00:00
2955,609,581,2024,1,1:00:00
2954,562,599,2024,2,4:58:47.986828
2953,549,599,2024,3,10:22:54.864815
2952,524,575,2024,3,8:40:26.012832
2951,525,599,2024,2,5:06:53.465195
2950,528,597,2024,2,6:00:00
2949,630,572,2024,2,6:00:00
2948,626,590,2024,4,9:53:28.600399
2947,620,575,2024,5,6:45:13.423489
2946,565,590,2024,1,3:00:00
2945,655,574,2024,1,4:00:00
2944,655,683,2024,1,3:00:00
2943,595,644,2024,1,3:00:00
2942,616,595,2024,1,3:00:00
2941,644,595,2024,1,3:00:00
2940,624,595,2024,1,3:00:00
2939,647,595,2024,1,3:00:00
2938,532,595,2024,1,3:00:00
2937,613,595,2024,1,3:00:00
2936,544,595,2024,2,4:00:00
2935,608,595,2024,1,3:00:00
2934,663,683,2024,1,3:00:00
2933,663,574,2024,2,8:00:00
2932,672,683,2024,3,5:01:54.522998
2931,672,574,2024,5,16:23:14.498318
2930,636,572,2024,4,8:24:36.340821
2929,654,575,2024,1,4:00:00
2928,618,575,2024,1,4:00:00
2927,668,575,2024,4,13:48:10.068021
2926,560,572,2024,2,4:00:00
2925,545,575,2024,1,3:00:00
2924,678,599,2024,2,2:33:37.569128
2923,591,572,2024,3,5:55:05.127472
2922,560,591,2024,2,2:36:49.021465
2921,630,591,2024,2,5:00:00
2920,521,591,2024,6,15:47:39.822366
2919,636,591,2024,2,5:00:00
2918,656,591,2024,2,7:00:00
2917,551,591,2024,4,8:22:43.569190
2916,572,591,2024,3,5:55:05.127472
2915,623,599,2024,1,1:33:37.569128
2914,634,599,2024,3,5:06:53.465195
2913,680,599,2024,2,10:56:16.481373
2912,564,596,2024,1,3:00:00
2911,515,596,2024,3,7:34:31.863814
2910,628,596,2024,1,3:00:00
2909,659,596,2024,1,3:00:00
2908,675,596,2024,1,3:00:00
2907,536,596,2024,3,9:00:00
2906,674,596,2024,2,6:00:00
2905,682,645,2024,1,3:00:00
2904,558,645,2024,1,3:00:00
2903,609,645,2024,1,3:00:00
2902,670,597,2024,2,4:57:24.167910
2901,669,595,2024,1,3:00:00
2900,669,644,2024,1,3:28:30.366129
2899,657,645,2024,1,3:00:00
2898,621,572,2024,4,9:37:26.520076
2897,621,591,2024,2,3:32:21.514086
2896,614,596,2024,2,5:00:00
2895,535,599,2024,5,10:41:23.041955
2894,517,572,2024,1,2:00:00
2893,517,591,2024,1,2:00:00
2892,542,596,2024,2,8:30:50.047516
2891,640,645,2024,1,2:00:00
2890,682,640,2024,2,5:52:57.444067
2889,657,640,2024,1,2:00:00
2888,645,640,2024,1,2:00:00
2887,558,640,2024,3,7:48:12.982735
2886,609,640,2024,2,4:00:00
2885,643,599,2024,1,0:33:37.569128
2884,599,643,2024,1,0:33:37.569128
2883,535,643,2024,1,2:00:00
2882,520,643,2024,4,9:32:09.776673
2881,678,643,2024,2,3:40:26.012832
2880,623,643,2024,1,2:00:00
2879,525,643,2024,1,2:00:00
2878,680,643,2024,3,6:56:54.108508
2877,562,643,2024,3,3:32:09.798608
2876,549,643,2024,1,2:00:00
2875,660,590,2024,1,3:00:00
2874,582,597,2024,2,4:57:24.167910
2873,597,582,2024,2,4:57:24.167910
2872,661,582,2024,1,2:00:00
2871,670,582,2024,1,3:57:24.167910
2870,622,582,2024,1,3:57:24.167910
2869,528,582,2024,3,8:30:57.462650
2868,650,582,2024,2,4:57:24.167910
2867,552,582,2024,1,3:57:24.167910
2866,556,590,2024,2,6:00:00
2865,667,597,2024,1,2:00:00
2864,667,582,2024,1,2:00:00
2863,514,594,2024,1,4:00:00
2862,539,594,2024,1,2:00:00
2861,513,594,2024,1,4:00:00
2860,554,594,2024,1,2:26:21.031030
2859,676,594,2024,1,4:00:00
2858,617,594,2024,1,4:00:00
2857,664,594,2024,1,4:00:00
2856,629,594,2024,1,4:00:00
2855,649,594,2024,2,10:00:00
2854,673,572,2024,2,7:00:00
2853,673,591,2024,3,4:34:49.056523
2852,635,640,2024,2,3:50:03.264707
2851,635,645,2024,1,3:00:00
2850,634,643,2024,1,2:00:00
2849,632,640,2024,3,7:52:57.444067
2848,632,645,2024,1,3:00:00
2847,666,640,2024,1,2:00:00
2846,666,645,2024,1,3:00:00
2845,665,575,2024,2,5:40:26.012832
2844,571,597,2024,1,3:35:04.654141
2843,571,582,2024,1,3:35:04.654141
2025,557,593,2023,1,6:00:00
2024,589,578,2023,1,6:00:00
2023,578,589,2023,1,6:00:00
2022,572,589,2023,1,6:00:00
2021,594,578,2023,1,6:00:00
2020,594,589,2023,1,6:00:00
2019,589,594,2023,1,6:00:00
2018,558,596,2023,1,6:00:00
2017,565,596,2023,1,6:00:00
2016,591,597,2023,1,6:00:00
2015,597,591,2023,1,6:00:00
2014,590,596,2023,1,6:00:00
2013,596,590,2023,1,6:00:00
2012,558,590,2023,1,6:00:00
2011,574,644,2023,1,6:00:00
2010,644,574,2023,1,6:00:00
2009,581,590,2023,1,6:00:00
2008,590,581,2023,1,6:00:00
2007,524,592,2023,1,6:00:00
2006,583,587,2023,1,2:09:07.481707
2005,573,582,2023,1,6:00:00
2004,572,593,2023,1,2:00:00
2003,597,593,2023,2,2:02:53.091720
2002,593,597,2023,2,2:02:53.091720
2001,556,594,2023,1,4:00:00
2000,581,597,2023,1,3:00:00
1999,597,581,2023,1,3:00:00
1998,596,597,2023,1,3:00:00
1997,597,596,2023,1,3:00:00
1996,525,596,2023,1,3:00:00
1995,613,598,2023,1,0:31:36.355937
1994,574,597,2023,1,3:00:00
1993,597,574,2023,1,3:00:00
1992,583,593,2023,1,2:00:00
1991,565,599,2023,1,4:00:00
1990,556,599,2023,1,4:00:00
1989,592,599,2023,1,4:00:00
1988,592,591,2023,1,4:00:00
1987,599,592,2023,1,4:00:00
1986,591,592,2023,1,4:00:00
1985,580,592,2023,1,4:00:00
1984,587,574,2023,1,3:00:00
1983,557,587,2023,1,3:00:00
1982,574,587,2023,1,3:00:00
1981,644,592,2023,2,10:00:00
1980,556,644,2023,1,4:00:00
1979,592,644,2023,2,10:00:00
1978,580,644,2023,1,4:00:00
1977,578,596,2023,1,3:00:00
1976,596,578,2023,1,3:00:00
1975,550,593,2023,2,2:02:53.091720
1974,557,596,2023,2,6:00:00
1973,582,587,2023,1,0:02:53.091720
1972,582,597,2023,2,6:02:53.091720
1971,556,582,2023,2,6:02:53.091720
1970,580,582,2023,1,0:02:53.091720
1969,587,582,2023,1,0:02:53.091720
1968,597,582,2023,2,6:02:53.091720
1967,594,591,2023,2,6:17:39.183728
1966,572,594,2023,2,8:17:39.183728
1965,591,594,2023,2,6:17:39.183728
1964,565,593,2023,1,2:00:00
1963,580,593,2023,2,2:02:53.091720
1962,574,578,2023,1,3:00:00
1961,552,594,2023,2,8:17:39.183728
1960,552,582,2023,1,2:17:39.183728
1959,549,582,2023,2,4:17:39.183728
1958,549,591,2023,1,2:17:39.183728
1957,583,578,2023,1,3:00:00
1956,583,596,2023,1,3:00:00
1955,556,593,2023,2,2:02:53.091720
1954,592,578,2023,1,3:00:00
1953,592,574,2023,2,9:00:00
1952,574,592,2023,2,9:00:00
1951,557,592,2023,2,9:00:00
1950,520,591,2023,1,2:17:39.183728
1949,554,596,2023,1,3:00:00
1948,554,578,2023,1,3:00:00
1947,581,578,2023,1,3:00:00
1946,578,581,2023,1,3:00:00
1945,580,590,2023,3,8:02:53.091720
1944,565,590,2023,2,8:00:00
1943,587,590,2023,2,2:02:53.091720
1942,587,593,2023,2,2:02:53.091720
1941,590,587,2023,2,2:02:53.091720
1940,524,587,2023,2,5:00:00
1939,565,587,2023,1,2:00:00
1938,593,587,2023,2,2:02:53.091720
1937,525,587,2023,3,11:00:00
1936,562,581,2023,1,2:00:00
1935,562,578,2023,1,2:00:00
1934,527,589,2023,1,4:00:00
1933,559,589,2023,2,10:00:00
1932,635,589,2023,1,4:00:00
1931,521,589,2023,1,4:00:00
1930,599,594,2023,2,6:17:39.183728
1929,549,599,2023,1,2:17:39.183728
1928,594,599,2023,2,6:17:39.183728
1927,644,582,2023,1,2:17:39.183728
1926,644,594,2023,2,6:17:39.183728
1925,582,644,2023,1,2:17:39.183728
1924,550,644,2023,1,2:17:39.183728
1923,549,644,2023,1,2:17:39.183728
1922,594,644,2023,2,6:17:39.183728
1921,566,598,2023,1,0:31:36.355937
1920,629,598,2023,1,0:31:36.355937
1919,551,598,2023,1,0:31:36.355937
1918,565,639,2023,1,1:02:58.163347
1917,616,598,2023,1,2:00:00
1916,584,575,2023,1,0:00:03.634828
1915,519,575,2023,1,1:00:00
1914,565,589,2023,1,1:02:58.163347
1913,534,595,2023,1,0:01:25.585501
1912,613,595,2023,1,1:58:07.595699
1911,628,595,2023,1,1:57:50.222855
1910,615,639,2023,1,4:00:00
1909,623,595,2023,1,0:01:25.585501
1908,552,595,2023,1,0:01:25.585501
1907,563,595,2023,1,1:00:00
1906,597,639,2023,1,4:00:00
1905,639,597,2023,1,4:00:00
1904,615,597,2023,1,4:00:00
1903,583,595,2023,1,1:58:31.914760
1902,644,595,2023,1,0:01:25.585501
1901,595,644,2023,1,0:01:25.585501
1900,591,595,2023,1,0:01:25.585501
1899,583,591,2023,1,0:01:28.085240
1898,595,591,2023,1,0:01:25.585501
1897,589,639,2023,1,4:00:00
1896,589,597,2023,1,4:00:00
1895,639,589,2023,1,4:00:00
1894,597,589,2023,1,4:00:00
1893,588,639,2023,1,4:00:00
1892,588,597,2023,1,4:00:00
1891,571,644,2023,1,0:49:09.732096
1890,599,595,2023,1,0:01:25.585501
1889,595,599,2023,1,0:01:25.585501
1888,571,599,2023,1,0:49:09.732096
1887,592,598,2023,1,2:00:00
1886,598,592,2023,1,2:00:00
1885,574,598,2023,1,0:02:03.316191
1884,574,595,2023,1,1:57:56.683809
1883,598,574,2023,1,0:02:03.316191
1882,571,574,2023,1,0:02:03.316191
1881,595,574,2023,1,1:57:56.683809
1880,593,644,2023,1,6:00:00
1879,593,599,2023,1,0:49:09.732096
1878,593,598,2023,1,1:00:00
1877,628,593,2023,1,0:49:09.732096
1876,644,593,2023,1,6:00:00
1875,599,593,2023,1,0:49:09.732096
1874,598,593,2023,1,1:00:00
1873,571,593,2023,1,1:00:00
1872,615,593,2023,1,0:00:42.167723
1871,637,593,2023,1,0:00:42.167723
1870,565,594,2023,1,4:00:00
1869,632,594,2023,1,2:00:00
1868,582,594,2023,1,2:17:39.183728
1867,617,582,2023,1,1:00:00
1866,536,582,2023,1,2:00:00
1865,594,582,2023,1,2:17:39.183728
1864,565,582,2023,1,2:00:00
1863,547,582,2023,1,2:00:00
1862,513,582,2023,2,4:00:00
1861,581,593,2023,1,1:00:00
1860,616,581,2023,1,1:13:35.936314
1859,593,581,2023,1,1:00:00
1858,519,578,2023,1,1:06:40.706641
1857,580,578,2023,1,1:06:40.706641
1856,632,578,2023,1,2:00:00
1855,553,598,2023,1,0:31:36.355937
1854,572,578,2023,1,1:06:40.706641
1853,557,578,2023,2,3:06:40.706641
1852,556,598,2023,1,2:00:00
1851,559,599,2023,1,0:01:43.419473
1850,559,591,2023,1,0:01:43.419473
1849,554,644,2023,1,0:49:09.732096
1848,554,598,2023,1,1:00:00
1847,554,581,2023,2,5:00:00
1846,554,574,2023,2,3:02:03.316191
1845,514,578,2023,1,2:00:00
1844,596,581,2023,3,12:00:00
1843,596,592,2023,2,4:00:00
1842,581,596,2023,3,12:00:00
1841,566,596,2023,1,0:01:40.739388
1840,592,596,2023,2,4:00:00
1839,518,582,2023,1,2:00:00
1838,524,593,2023,2,8:00:00
1837,524,595,2023,1,0:01:25.585501
1836,524,644,2023,2,7:00:00
1835,549,598,2023,1,2:00:00
1834,587,598,2023,1,2:00:00
1833,587,592,2023,1,3:00:00
1832,587,581,2023,1,3:00:00
1831,598,587,2023,1,2:00:00
1830,592,587,2023,1,3:00:00
1829,634,587,2023,1,3:00:00
1828,616,587,2023,1,3:00:00
1827,549,587,2023,1,3:00:00
1826,581,587,2023,1,3:00:00
1825,521,587,2023,1,2:00:00
1824,550,581,2023,1,2:00:00
1823,550,598,2023,1,2:00:00
1822,584,589,2023,3,3:59:56.365172
1821,584,639,2023,3,3:59:56.365172
1820,584,594,2023,1,2:00:00
1819,611,575,2023,1,2:00:00
1818,611,582,2023,1,1:00:00
1817,551,592,2023,1,0:02:07.140425
1816,551,587,2023,1,0:02:07.140425
1815,551,595,2023,1,1:57:52.859575
1814,551,596,2023,1,0:02:07.140425
1813,528,589,2023,1,4:00:00
1812,528,639,2023,1,4:00:00
1811,528,597,2023,1,4:00:00
1810,562,589,2023,1,4:00:00
1809,562,593,2023,2,2:00:42.167723
1808,562,597,2023,1,4:00:00
1807,573,597,2023,2,7:00:00
1806,573,639,2023,1,1:00:00
1805,525,598,2023,1,0:01:55.175923
1804,525,593,2023,2,2:01:55.175923
1803,525,581,2023,2,3:01:55.175923
1802,525,595,2023,1,1:58:04.824077
1801,590,597,2023,3,2:32:30.762443
1800,597,590,2023,3,2:32:30.762443
1799,550,596,2023,1,3:00:00
1798,550,592,2023,1,3:00:00
1797,550,587,2023,1,0:02:53.091720
1796,527,594,2023,1,2:00:00
1795,553,587,2023,2,2:02:53.091720
1794,544,598,2023,1,1:00:00
1793,563,574,2023,2,1:02:03.316191
1792,625,593,2023,1,1:00:00
1791,620,598,2023,2,1:31:36.355937
1790,619,575,2023,1,2:00:00
1789,591,644,2023,3,7:17:39.183728
1788,644,591,2023,3,7:17:39.183728
1787,623,591,2023,1,1:00:00
1786,525,574,2023,4,6:59:51.859732
1785,613,574,2023,2,3:57:56.683809
1784,559,574,2023,2,3:57:56.683809
1783,595,590,2023,1,0:00:09.998366
1782,528,595,2023,1,0:00:09.998366
1781,637,595,2023,1,0:00:09.998366
1780,573,595,2023,1,0:00:09.998366
1779,590,595,2023,1,0:00:09.998366
1778,549,592,2023,1,1:00:00
1777,616,592,2023,1,1:00:00
1776,583,574,2023,3,6:57:56.683809
1775,566,574,2023,2,3:57:56.683809
1774,519,597,2023,1,1:06:40.706641
1773,580,597,2023,3,3:09:33.798361
1772,572,597,2023,1,1:06:40.706641
1771,626,597,2023,1,1:06:40.706641
1770,548,578,2023,1,1:06:40.706641
1769,548,597,2023,1,1:06:40.706641
1768,520,590,2023,2,2:15:05.254094
1767,637,590,2023,1,2:12:12.162374
1766,573,590,2023,1,2:12:12.162374
1765,586,590,2023,2,0:41:18.731409
1764,619,582,2023,1,2:00:00
1763,609,582,2023,1,0:06:19.463180
1762,559,582,2023,1,0:06:19.463180
1761,583,582,2023,1,2:00:00
1760,572,582,2023,2,4:17:39.183728
1759,584,578,2023,1,2:00:00
1758,623,578,2023,1,2:00:00
1757,637,578,2023,1,2:00:00
1756,515,578,2023,2,3:06:40.706641
1755,527,578,2023,1,2:00:00
1754,565,591,2023,1,4:00:00
1753,597,578,2023,2,3:06:40.706641
1752,623,597,2023,1,2:00:00
1751,578,597,2023,2,3:06:40.706641
1750,515,597,2023,2,3:06:40.706641
1749,584,597,2023,4,5:59:56.365172
1748,527,597,2023,1,2:00:00
1747,637,597,2023,2,6:00:00
1746,556,581,2023,1,1:13:35.936314
1745,525,597,2023,3,7:00:00
1744,562,596,2023,2,4:00:00
1743,617,596,2023,1,3:00:00
1742,548,574,2023,1,2:00:00
1741,625,578,2023,1,2:00:00
1740,625,597,2023,1,2:00:00
1739,553,589,2023,1,1:00:00
1738,573,589,2023,2,2:00:00
1737,542,589,2023,1,1:00:00
1736,524,591,2023,2,3:00:00
1735,518,593,2023,1,3:00:00
1734,553,593,2023,3,5:02:53.091720
1733,602,598,2023,1,1:00:00
1732,595,598,2023,1,1:00:00
1731,598,595,2023,1,1:00:00
1730,602,595,2023,1,1:00:00
1729,535,581,2023,1,2:00:00
1728,592,589,2023,1,1:00:00
1727,589,592,2023,1,1:00:00
1726,601,598,2023,1,1:00:00
1725,601,595,2023,1,1:00:00
1724,603,598,2023,1,1:00:00
1723,603,595,2023,1,1:00:00
1722,615,575,2023,1,2:00:00
1721,552,596,2023,2,6:00:00
1720,560,598,2023,1,1:00:00
1719,560,595,2023,1,1:00:00
1718,557,590,2023,1,2:00:00
1717,532,590,2023,2,4:12:12.162374
1716,616,590,2023,1,2:00:00
1715,563,590,2023,1,2:00:00
1714,550,590,2023,2,2:02:53.091720
1713,549,590,2023,1,2:00:00
1712,592,593,2023,2,9:00:00
1711,573,592,2023,1,3:00:00
1710,593,592,2023,2,9:00:00
1709,562,587,2023,1,2:00:00
1708,552,587,2023,2,6:00:00
1707,519,587,2023,1,3:00:00
1706,617,587,2023,1,3:00:00
1705,629,575,2023,2,4:00:00
1704,545,596,2023,1,2:01:51.485207
1703,545,587,2023,1,2:01:51.485207
1702,599,639,2023,1,2:08:23.723470
1701,639,599,2023,1,2:08:23.723470
1700,628,599,2023,2,0:51:19.509241
1699,609,599,2023,1,2:08:23.723470
1698,559,598,2023,1,3:49:56.545870
1697,634,598,2023,1,3:49:56.545870
1696,605,598,2023,1,2:49:56.545870
1695,594,598,2023,1,1:27:10.999455
1694,598,594,2023,1,1:27:10.999455
1693,536,594,2023,1,1:27:10.999455
1692,559,594,2023,2,7:27:10.999455
1691,528,591,2023,2,3:00:00
1690,558,591,2023,1,1:00:00
1689,635,590,2023,1,1:45:45.643779
1688,514,590,2023,1,1:45:45.643779
1687,547,591,2023,1,1:00:00
1686,596,594,2023,1,1:27:10.999455
1685,596,598,2023,1,3:49:56.545870
1684,594,596,2023,1,1:27:10.999455
1683,598,596,2023,1,3:49:56.545870
1682,559,596,2023,1,5:00:00
1681,521,596,2023,1,1:00:00
1680,612,596,2023,1,1:00:00
1679,558,595,2023,1,0:34:05.104038
1678,557,595,2023,1,0:34:05.104038
1677,525,590,2023,2,3:45:45.643779
1676,644,590,2023,1,1:45:45.643779
1675,590,644,2023,1,1:45:45.643779
1674,599,590,2023,1,1:45:45.643779
1673,590,599,2023,1,1:45:45.643779
1672,580,591,2023,2,5:00:00
1671,580,595,2023,1,0:34:05.104038
1670,580,581,2023,2,11:00:00
1669,571,587,2023,1,1:00:00
1668,619,590,2023,1,1:45:45.643779
1667,607,644,2023,1,1:45:45.643779
1666,607,599,2023,1,1:45:45.643779
1665,537,598,2023,1,1:00:00
1664,537,596,2023,1,1:00:00
1663,541,597,2023,1,1:00:00
1662,541,589,2023,1,0:33:58.261109
1661,624,589,2023,1,1:00:00
1660,532,597,2023,1,4:00:00
1659,637,589,2023,2,4:28:10.241603
1658,609,578,2023,1,3:00:00
1657,571,578,2023,1,1:00:00
1656,563,578,2023,1,3:00:00
1655,613,578,2023,1,4:00:00
1654,544,644,2023,1,1:45:45.643779
1653,546,578,2023,1,1:00:00
1652,566,644,2023,1,1:05:01.622409
1651,566,590,2023,1,1:05:01.622409
1650,550,578,2023,1,0:13:29.416260
1649,593,582,2023,3,2:36:26.753140
1648,593,589,2023,3,3:26:01.738891
1647,532,593,2023,2,1:00:42.167723
1646,554,593,2023,4,7:00:00
1645,528,593,2023,2,0:34:15.829143
1644,582,593,2023,3,2:36:26.753140
1643,589,593,2023,3,3:26:01.738891
1642,615,591,2023,2,3:00:00
1641,615,595,2023,2,0:34:15.102404
1640,562,592,2023,2,3:00:00
1639,636,582,2023,1,0:33:45.807705
1638,636,589,2023,3,6:26:01.738891
1637,636,593,2023,3,4:59:47.853715
1636,564,587,2023,1,0:34:57.786967
1635,564,589,2023,2,2:25:02.213033
1634,564,593,2023,2,4:25:02.213033
1633,572,595,2023,1,0:34:05.104038
1632,545,595,2023,1,0:46:30.225391
1631,545,593,2023,1,0:46:30.225391
1630,512,595,2023,1,1:00:00
1629,512,589,2023,1,1:00:00
1628,512,593,2023,1,1:00:00
1627,622,596,2023,1,2:00:00
1626,580,574,2023,1,1:00:00
1625,615,574,2023,1,1:00:00
1624,625,574,2023,3,3:02:03.316191
1623,557,574,2023,4,13:00:00
1622,547,574,2023,1,1:00:00
1621,572,574,2023,1,1:00:00
1620,541,591,2023,1,1:46:52.038384
1619,527,593,2023,1,0:33:33.661420
1618,556,578,2023,1,4:00:00
1617,573,581,2023,1,0:00:04.964802
1616,573,578,2023,2,3:18:53.057530
1615,542,595,2023,1,0:34:05.104038
1614,623,598,2023,1,3:49:56.545870
1613,520,574,2023,3,5:33:36.992622
1612,520,582,2023,3,2:54:09.268070
1611,520,593,2023,5,5:03:31.928241
1610,545,589,2023,2,1:20:28.486500
1609,532,589,2023,3,5:33:58.261109
1608,616,589,2023,1,0:33:58.261109
1607,548,589,2023,1,0:33:58.261109
1606,620,578,2023,1,0:34:33.319152
1605,588,593,2023,2,2:24:21.111453
1604,588,591,2023,1,0:34:46.584319
1603,552,599,2023,3,7:03:24.827507
1602,514,599,2023,1,4:45:45.643779
1601,619,599,2023,1,4:45:45.643779
1600,623,599,2023,2,1:40:49.734434
1599,553,599,2023,2,8:45:45.643779
1598,587,578,2023,1,4:00:00
1597,573,587,2023,2,3:18:53.057530
1596,613,587,2023,1,4:00:00
1595,609,587,2023,1,3:00:00
1594,578,587,2023,1,4:00:00
1593,563,587,2023,2,9:00:00
1592,546,582,2023,1,0:58:10.661212
1591,623,644,2023,2,1:40:49.734434
1590,514,644,2023,1,4:45:45.643779
1589,553,644,2023,2,8:45:45.643779
1588,619,644,2023,1,4:45:45.643779
1587,524,598,2023,1,3:49:56.545870
1586,602,644,2023,1,0:25:54.650145
1585,602,599,2023,1,0:25:54.650145
1584,603,591,2023,1,1:00:00
1583,626,578,2023,2,5:06:40.706641
1582,545,591,2023,1,3:10:56.085624
1581,595,593,2023,2,2:25:54.895962
1580,595,589,2023,2,2:25:54.895962
1579,588,595,2023,2,2:24:21.111453
1578,636,595,2023,2,2:25:54.895962
1577,624,595,2023,1,1:00:00
1576,593,595,2023,2,2:25:54.895962
1575,564,595,2023,2,2:25:02.213033
1574,589,595,2023,2,2:25:54.895962
1573,594,590,2023,1,3:00:00
1572,621,594,2023,1,3:00:00
1571,590,594,2023,1,3:00:00
1570,622,594,2023,2,4:27:10.999455
1569,513,594,2023,2,4:27:10.999455
1568,575,598,2023,1,3:49:56.545870
1567,575,594,2023,2,2:04:13.123846
1566,575,590,2023,1,0:37:02.124391
1565,598,575,2023,1,3:49:56.545870
1564,622,575,2023,2,2:37:02.124391
1563,562,575,2023,1,0:37:02.124391
1562,594,575,2023,2,2:04:13.123846
1561,513,575,2023,4,6:04:15.054866
1560,590,575,2023,1,0:37:02.124391
1559,584,592,2023,1,3:50:51.515487
1558,535,592,2023,1,3:50:51.515487
1557,612,592,2023,1,3:50:51.515487
1556,611,592,2023,1,3:50:51.515487
1555,527,582,2023,1,4:00:00
1554,586,598,2023,2,0:49:01.417334
1553,586,596,2023,2,1:59:04.871464
1552,598,586,2023,2,0:49:01.417334
1551,559,586,2023,2,1:59:04.871464
1550,596,586,2023,2,1:59:04.871464
1549,630,582,2023,1,3:55:20.234071
1548,624,593,2023,1,3:00:00
1547,528,574,2023,2,3:48:17.261693
1546,528,582,2023,1,2:48:17.261693
1545,528,590,2023,2,2:32:13.729004
1544,552,597,2023,2,4:00:00
1543,632,597,2023,1,3:00:00
1542,517,593,2023,1,2:00:00
1541,527,574,2023,1,4:00:00
1540,630,574,2023,1,3:55:20.234071
1539,627,593,2023,1,2:00:00
1538,605,596,2023,2,3:57:27.607563
1537,605,586,2023,3,1:56:32.479027
1536,524,586,2023,3,1:27:01.489027
1535,524,596,2023,3,7:27:56.617563
1534,575,586,2023,3,1:22:02.747073
1533,575,596,2023,2,4:22:57.875609
1532,586,575,2023,3,1:22:02.747073
1531,596,575,2023,2,4:22:57.875609
1530,605,575,2023,2,3:22:57.875609
1529,524,575,2023,3,6:22:57.875609
1528,634,575,2023,2,4:19:33.193199
1527,623,575,2023,2,4:19:10.265566
1526,623,596,2023,2,4:19:10.265566
1525,542,581,2023,1,3:14:01.894316
1524,601,581,2023,1,1:00:00
1523,557,581,2023,3,11:00:00
1522,545,581,2023,1,0:10:16.256799
1521,542,593,2023,2,2:02:57.925814
1520,535,596,2023,1,1:00:00
1519,634,599,2023,2,1:40:26.806801
1518,528,599,2023,1,2:16:58.768705
1517,588,599,2023,2,2:00:00
1516,558,599,2023,1,2:16:58.768705
1515,544,594,2023,2,6:00:00
1514,597,594,2023,1,1:00:00
1513,565,597,2023,4,6:12:36.277721
1512,549,597,2023,1,0:09:38.114374
1511,512,597,2023,1,0:09:38.114374
1510,551,597,2023,1,0:09:38.114374
1509,613,597,2023,2,1:09:38.114374
1508,594,597,2023,1,1:00:00
1507,553,597,2023,4,8:12:31.206094
1506,518,597,2023,2,3:09:38.114374
1505,613,575,2023,1,0:09:38.114374
1504,549,575,2023,1,0:09:38.114374
1503,560,575,2023,1,2:00:00
1502,597,575,2023,1,0:09:38.114374
1501,512,592,2023,1,1:00:00
1500,560,592,2023,1,1:00:00
1499,518,592,2023,3,5:00:00
1498,637,592,2023,1,1:00:00
1497,521,591,2023,1,1:00:00
1496,556,591,2023,3,11:00:00
1495,612,591,2023,1,1:00:00
1494,535,591,2023,1,1:00:00
1493,577,591,2023,1,1:00:00
1492,611,591,2023,1,1:00:00
1491,636,597,2023,1,1:00:00
1490,574,596,2023,3,7:00:00
1489,596,574,2023,3,7:00:00
1488,556,574,2023,1,1:00:00
1487,521,574,2023,2,1:02:03.316191
1486,634,644,2023,2,1:40:26.806801
1485,588,644,2023,1,1:00:00
1484,546,644,2023,1,1:00:00
1483,565,644,2023,2,5:00:00
1482,608,599,2023,1,1:00:00
1481,589,599,2023,1,1:00:00
1480,589,644,2023,1,1:00:00
1479,634,589,2023,2,2:00:00
1478,520,589,2023,4,7:26:01.738891
1477,599,589,2023,1,1:00:00
1476,644,589,2023,1,1:00:00
1475,588,589,2023,5,7:58:19.372562
1474,546,589,2023,1,1:00:00
1473,626,589,2023,1,1:00:00
1472,583,589,2023,1,1:00:00
1471,571,589,2023,1,1:00:00
1470,608,589,2023,1,1:00:00
1469,568,589,2023,1,1:00:00
1468,595,581,2023,1,0:34:05.104038
1467,595,594,2023,1,0:00:14.601209
1466,618,595,2023,1,0:00:14.601209
1465,620,595,2023,3,3:25:26.680848
1464,581,595,2023,1,0:34:05.104038
1463,536,595,2023,1,0:00:14.601209
1462,594,595,2023,1,0:00:14.601209
1461,544,595,2023,1,0:00:14.601209
1460,559,595,2023,1,1:58:16.580527
1459,618,589,2023,1,0:57:54.302094
1458,620,589,2023,4,4:23:14.722909
1457,581,644,2023,1,0:57:29.499243
1456,581,589,2023,1,0:57:29.499243
1455,520,581,2023,3,5:57:29.499243
1454,644,581,2023,1,0:57:29.499243
1453,546,581,2023,1,0:57:29.499243
1452,625,581,2023,2,7:00:00
1451,589,581,2023,1,0:57:29.499243
1450,588,581,2023,1,0:57:29.499243
1449,536,589,2023,1,0:57:13.873169
1448,550,597,2023,3,4:02:53.091720
1447,550,594,2023,2,5:17:39.183728
1446,607,595,2023,1,1:00:00
1445,619,597,2023,1,1:00:00
1444,554,595,2023,2,2:00:00
1443,515,595,2023,1,1:00:00
1442,598,589,2023,1,1:00:00
1441,625,598,2023,2,1:31:36.355937
1440,589,598,2023,1,1:00:00
1439,626,598,2023,1,3:00:00
1438,571,598,2023,1,1:00:00
1437,563,598,2023,1,1:00:00
1436,635,575,2023,2,3:00:00
1435,557,597,2023,3,4:06:40.706641
1434,628,589,2023,1,1:00:00
1433,615,598,2023,1,3:00:00
1432,606,598,2023,1,0:42:05.262052
1431,606,581,2023,1,0:42:05.262052
1430,580,599,2023,2,6:16:58.768705
1429,628,582,2023,1,1:00:00
1428,625,582,2023,1,2:00:00
1427,529,582,2023,1,2:00:00
1426,532,595,2023,3,2:00:09.998366
1425,617,578,2023,1,4:00:00
1424,565,578,2023,1,1:00:00
1423,564,578,2023,2,4:34:57.786967
1422,635,578,2023,1,4:00:00
1421,559,578,2023,1,4:00:00
1420,525,578,2023,2,6:00:00
1419,522,578,2023,1,3:00:00
1418,592,595,2023,1,1:00:00
1417,595,592,2023,1,1:00:00
1416,551,593,2023,2,5:33:33.661420
1415,634,593,2023,2,8:00:00
1414,620,593,2023,5,13:25:26.680848
1413,623,589,2023,1,1:00:00
1412,541,595,2023,1,1:00:00
1411,512,575,2023,2,2:09:38.114374
1410,547,578,2023,1,4:00:00
1409,552,598,2023,1,1:00:00
1408,552,581,2023,1,3:00:00
1407,552,589,2023,2,7:00:00
1406,546,599,2023,2,2:00:00
1405,573,591,2023,2,8:00:00
1404,549,596,2023,1,1:00:00
1403,519,574,2023,1,1:00:00
1402,519,596,2023,1,3:00:00
1401,519,589,2023,1,1:00:00
1400,534,596,2023,1,1:00:00
1399,630,593,2023,2,5:33:33.661420
1398,513,598,2023,1,1:27:12.930475
1397,513,581,2023,1,1:00:00
1396,513,589,2023,2,5:00:00
1395,623,639,2023,1,1:00:00
1394,536,593,2023,1,2:00:00
1393,595,582,2023,1,0:10:11.247046
1392,622,595,2023,1,0:10:11.247046
1391,625,595,2023,3,1:44:16.351084
1390,582,595,2023,1,0:10:11.247046
1389,562,595,2023,2,0:10:21.245412
1388,529,595,2023,1,0:10:11.247046
1387,606,595,2023,1,0:10:11.247046
1386,629,582,2023,2,4:00:00
1385,523,593,2023,1,5:00:00
1384,521,595,2023,1,0:10:11.247046
1383,521,582,2023,1,2:00:00
1382,608,598,2023,1,3:00:00
1381,639,595,2023,1,0:10:11.247046
1380,639,582,2023,2,2:00:00
1379,562,639,2023,3,6:00:00
1378,595,639,2023,1,0:10:11.247046
1377,606,639,2023,2,2:00:00
1376,629,639,2023,2,2:00:00
1375,625,639,2023,2,2:00:00
1374,582,639,2023,2,2:00:00
1373,521,639,2023,2,2:00:00
1372,529,639,2023,2,2:00:00
1371,591,593,2023,1,5:00:00
1370,593,591,2023,1,5:00:00
1369,523,591,2023,1,5:00:00
1368,549,574,2023,1,2:47:39.580331
1367,612,574,2023,1,1:00:00
1366,590,589,2023,2,1:29:37.670723
1365,590,582,2023,2,1:02:53.091720
1364,590,639,2023,2,1:29:37.670723
1363,589,590,2023,2,1:29:37.670723
1362,623,590,2023,2,2:00:00
1361,625,590,2023,1,1:00:00
1360,582,590,2023,2,1:02:53.091720
1359,562,590,2023,3,6:12:12.162374
1358,529,590,2023,1,1:00:00
1357,639,590,2023,2,1:29:37.670723
1356,629,590,2023,1,1:00:00
1355,521,590,2023,1,1:00:00
1354,581,598,2023,1,1:00:00
1353,598,581,2023,1,1:00:00
1352,615,581,2023,1,5:00:00
1351,631,592,2023,1,2:52:02.536206
1350,607,592,2023,1,4:00:00
1349,515,592,2023,2,5:00:00
1348,644,578,2023,1,4:00:00
1347,617,644,2023,1,4:00:00
1346,559,644,2023,1,4:00:00
1345,564,644,2023,1,4:00:00
1344,525,644,2023,2,8:45:45.643779
1343,522,644,2023,1,3:00:00
1342,547,644,2023,1,4:00:00
1341,556,592,2023,3,9:00:00
1340,614,598,2023,1,1:00:00
1339,614,581,2023,1,3:00:00
1338,542,592,2023,2,4:46:38.562493
1337,561,589,2023,1,1:00:00
1336,561,590,2023,1,1:00:00
1335,557,594,2023,1,2:00:00
1334,524,594,2023,2,4:27:10.999455
1333,616,599,2023,1,2:16:58.768705
1332,577,640,2023,1,1:53:00.964433
1331,583,640,2023,1,0:31:54.900466
1330,538,640,2023,1,2:53:00.964433
1329,622,582,2023,1,2:00:00
1328,563,581,2023,1,2:00:00
1327,513,586,2023,1,2:00:00
1326,519,586,2023,1,2:00:00
1325,623,586,2023,3,1:18:15.137030
1324,628,586,2023,1,2:00:00
1323,568,586,2023,1,2:00:00
1322,571,581,2023,1,2:00:00
1321,518,575,2023,3,6:09:38.114374
1320,637,575,2023,1,4:00:00
1319,609,575,2023,1,2:00:00
1318,621,575,2023,2,4:37:02.124391
1317,516,574,2023,1,3:00:00
1316,611,574,2023,1,1:00:00
1315,619,594,2023,1,3:00:00
1314,605,592,2023,1,4:00:00
1313,535,574,2023,2,3:00:00
1312,566,599,2023,2,3:22:00.391114
1311,552,586,2023,1,2:00:00
1310,545,574,2023,1,3:00:00
1309,546,593,2023,1,1:54:44.439577
1308,583,592,2023,3,4:27:25.307305
1307,613,640,2023,1,3:53:00.964433
1306,548,592,2023,1,0:27:25.307305
1305,626,575,2023,1,0:21:53.543827
1304,544,575,2023,2,0:58:55.668218
1303,515,575,2023,2,1:21:53.543827
1302,534,575,2023,1,0:21:53.543827
1301,536,592,2023,2,3:18:16.822792
1300,636,640,2023,1,3:53:00.964433
1299,537,592,2023,1,0:27:25.307305
1298,551,575,2023,2,0:31:31.658201
1297,618,640,2023,1,3:53:00.964433
1296,582,575,2023,2,2:21:53.543827
1295,575,582,2023,2,2:21:53.543827
1294,544,582,2023,1,0:21:53.543827
1293,515,582,2023,2,4:21:53.543827
1292,534,582,2023,1,0:21:53.543827
1291,551,582,2023,3,5:21:53.543827
1290,557,582,2023,2,5:00:00
1289,572,592,2023,2,1:27:25.307305
1288,532,592,2023,2,4:27:25.307305
1287,611,640,2023,1,1:00:00
1286,635,640,2023,1,1:00:00
1285,590,593,2023,4,3:03:32.576397
1284,513,590,2023,3,4:59:57.316954
1283,534,590,2023,1,0:59:57.316954
1282,593,590,2023,4,3:03:32.576397
1281,584,590,2023,2,1:29:34.987677
1280,544,590,2023,3,5:45:42.960733
1279,546,590,2023,1,0:59:03.854889
1278,578,590,2023,1,0:59:26.129542
1277,547,597,2023,1,1:51:51.146252
1276,574,575,2023,1,0:21:53.543827
1275,574,590,2023,1,0:59:57.316954
1274,575,574,2023,1,0:21:53.543827
1273,626,574,2023,2,1:21:53.543827
1272,551,574,2023,4,8:19:46.403402
1271,620,574,2023,3,2:23:56.860018
1270,590,574,2023,1,0:59:57.316954
1269,546,574,2023,2,2:52:55.100789
1268,584,574,2023,1,4:55:40.584688
1267,578,574,2023,2,7:55:06.714230
1266,581,582,2023,1,0:21:53.543827
1265,626,581,2023,1,0:21:53.543827
1264,582,581,2023,1,0:21:53.543827
1263,599,575,2023,1,0:21:53.543827
1262,599,582,2023,4,4:39:32.727555
1261,599,574,2023,1,0:21:53.543827
1260,551,599,2023,2,1:21:53.543827
1259,615,599,2023,2,2:00:00
1258,582,599,2023,4,4:39:32.727555
1257,563,599,2023,1,1:00:00
1256,525,599,2023,3,6:45:45.643779
1255,554,599,2023,2,2:00:00
1254,574,599,2023,1,0:21:53.543827
1253,534,599,2023,2,1:21:53.543827
1252,596,640,2023,1,1:00:00
1251,636,596,2023,1,1:00:00
1250,640,596,2023,1,1:00:00
1249,618,596,2023,1,1:00:00
1248,625,596,2023,1,1:00:00
1247,613,596,2023,1,1:00:00
1246,611,596,2023,2,2:00:00
1245,608,596,2023,1,1:00:00
1244,577,596,2023,2,2:00:00
1243,591,575,2023,2,2:21:53.543827
1242,591,582,2023,3,8:39:32.727555
1241,591,599,2023,4,7:39:32.727555
1240,575,591,2023,2,2:21:53.543827
1239,626,591,2023,2,1:21:53.543827
1238,620,591,2023,2,5:21:53.543827
1237,544,591,2023,1,0:21:53.543827
1236,582,591,2023,3,8:39:32.727555
1235,599,591,2023,4,7:39:32.727555
1234,515,591,2023,1,0:21:53.543827
1233,644,596,2023,1,1:00:00
1232,596,644,2023,1,1:00:00
1231,611,644,2023,1,1:00:00
1230,572,575,2023,2,4:27:25.307305
1229,532,575,2023,1,0:27:25.307305
1228,536,575,2023,2,2:27:25.307305
1227,548,575,2023,2,3:27:25.307305
1226,547,575,2023,2,2:27:25.307305
1225,537,575,2023,2,1:27:25.307305
1224,583,575,2023,2,1:04:27.431696
1223,553,575,2023,3,4:37:03.421679
1222,547,581,2023,2,2:26:19.982419
1221,532,581,2023,1,0:27:25.307305
1220,536,581,2023,2,1:24:39.180474
1219,548,581,2023,2,2:27:25.307305
1218,537,581,2023,1,0:27:25.307305
1217,583,581,2023,2,3:27:25.307305
1216,553,581,2023,1,0:27:25.307305
1215,606,593,2023,1,0:58:55.227415
1214,622,590,2023,3,4:58:41.886339
1213,572,591,2023,3,4:17:39.183728
1212,536,591,2023,2,3:00:00
1211,542,591,2023,2,2:08:17.982826
1210,515,590,2023,1,0:59:57.316954
1209,515,593,2023,2,2:29:14.246108
1208,548,591,2023,2,4:56:21.282800
1207,595,597,2023,1,1:55:55.341569
1206,597,595,2023,1,1:55:55.341569
1205,547,595,2023,2,2:24:50.925404
1204,629,595,2023,2,2:06:06.588615
1203,556,595,2023,2,1:55:55.341569
1202,520,595,2023,4,4:22:00.235897
1201,637,591,2023,2,4:28:10.241603
1200,516,595,2023,1,1:55:55.341569
1199,634,591,2023,2,6:00:00
1198,535,597,2023,1,1:00:00
1197,535,595,2023,1,1:00:00
1196,608,640,2023,1,3:53:00.964433
1195,605,595,2023,2,2:55:55.341569
1194,562,599,2023,1,1:00:00
1193,619,591,2023,1,1:00:00
1192,511,597,2023,1,1:49:51.886505
1191,511,595,2023,1,1:49:51.886505
1190,592,581,2023,3,4:27:25.307305
1189,581,592,2023,3,4:27:25.307305
1188,521,592,2023,3,5:18:16.822792
1187,550,599,2023,3,4:17:39.183728
1186,550,582,2023,5,9:20:32.275448
1185,626,582,2023,2,1:21:53.543827
1184,626,599,2023,2,1:21:53.543827
1183,612,599,2023,2,2:00:00
1182,560,591,2023,1,1:00:00
1181,583,644,2023,1,0:31:54.900466
1180,577,644,2023,1,1:53:00.964433
1179,628,644,2023,1,1:53:00.964433
1178,616,591,2023,2,4:56:56.114985
1177,581,575,2023,3,1:49:18.851132
1176,521,575,2023,2,1:27:25.307305
1175,514,597,2023,2,2:49:54.473045
1174,514,595,2023,1,1:49:54.473045
1173,537,597,2023,2,4:00:00
1172,537,595,2023,1,1:00:00
1171,611,595,2023,1,1:55:55.341569
1170,625,640,2023,1,1:53:00.964433
1169,630,640,2023,1,2:00:00
1168,596,591,2023,2,2:00:00
1167,616,596,2023,2,2:00:00
1166,572,596,2023,1,1:51:20.856193
1165,560,596,2023,1,1:51:20.856193
1164,536,596,2023,2,3:51:20.856193
1163,591,596,2023,2,2:00:00
1162,619,596,2023,1,1:51:20.856193
1161,634,596,2023,4,7:10:54.049392
1160,532,596,2023,1,1:51:20.856193
1159,548,596,2023,1,1:51:20.856193
1158,635,591,2023,2,3:00:00
1157,635,596,2023,2,2:51:20.856193
1156,635,597,2023,1,0:00:40.637872
1155,635,595,2023,1,0:00:40.637872
1154,577,594,2023,1,0:56:41.522071
1153,535,594,2023,1,0:56:41.522071
1152,635,594,2023,2,5:00:00
1151,551,594,2023,2,3:56:28.037272
1150,511,594,2023,1,3:00:00
1149,547,594,2023,1,3:00:00
1148,616,594,2023,1,0:56:41.522071
1147,560,639,2023,1,1:00:00
1146,536,639,2023,1,1:00:00
1145,635,639,2023,1,0:55:11.773544
1144,532,639,2023,2,8:00:00
1143,548,639,2023,1,4:00:00
1142,527,581,2023,1,1:00:00
1141,528,581,2023,3,2:00:01.474025
1140,558,581,2023,4,13:00:00
1139,559,581,2023,1,1:00:00
1138,620,575,2023,2,1:21:53.543827
1137,564,590,2023,1,1:00:00
1136,627,592,2023,1,1:00:00
1135,627,575,2023,2,3:00:00
1134,524,590,2023,2,3:00:00
1133,606,591,2023,1,2:00:00
1132,566,597,2023,2,2:51:25.145694
1131,566,595,2023,2,2:49:44.406306
1130,588,590,2023,2,1:29:37.670723
1129,518,594,2023,1,0:56:41.522071
1128,565,592,2023,4,10:00:00
1127,522,592,2023,1,3:00:00
1126,559,592,2023,1,4:00:00
1125,528,592,2023,1,4:00:00
1124,551,579,2023,1,0:56:28.037272
1123,583,579,2023,1,0:56:38.364728
1122,577,579,2023,1,1:00:00
1121,518,579,2023,1,4:00:00
1120,535,579,2023,1,4:00:00
1119,616,579,2023,1,4:00:00
1118,568,574,2023,1,3:00:00
1117,625,594,2023,1,0:56:41.522071
1116,537,594,2023,2,1:56:41.522071
1115,537,579,2023,1,4:00:00
1114,562,594,2023,2,3:56:41.522071
1113,562,579,2023,2,4:00:00
1112,544,574,2023,3,4:19:37.444706
1111,544,593,2023,2,4:55:40.584688
1110,513,574,2023,2,5:55:40.584688
1109,586,639,2023,2,2:00:00
1108,639,586,2023,2,2:00:00
1107,637,586,2023,2,2:00:00
1106,532,586,2023,2,2:00:00
1105,548,586,2023,2,2:00:00
1104,636,586,2023,1,0:35:40.681128
1103,618,586,2023,1,0:35:40.681128
1102,613,586,2023,1,0:35:40.681128
1101,630,586,2023,1,0:35:40.681128
1100,608,586,2023,1,0:35:40.681128
1099,529,586,2023,1,0:35:40.681128
1098,538,586,2023,1,0:35:40.681128
1097,523,586,2023,1,0:35:40.681128
1096,644,640,2023,1,3:53:00.964433
1095,640,644,2023,1,3:53:00.964433
1094,554,582,2023,3,7:00:00
1093,634,586,2023,5,3:18:38.064663
1092,634,639,2023,2,4:00:00
1091,525,582,2023,2,5:00:00
1090,589,582,2023,1,1:50:41.911833
1089,615,589,2023,2,5:50:41.911833
1088,632,589,2023,1,1:50:41.911833
1087,582,589,2023,1,1:50:41.911833
1086,563,589,2023,1,1:50:41.911833
1085,550,589,2023,1,1:50:41.911833
1084,554,589,2023,3,3:50:41.911833
1083,612,589,2023,1,1:50:41.911833
1082,612,582,2023,2,5:00:00
1081,552,574,2023,2,3:36:17.923574
1080,552,593,2023,1,0:36:17.923574
1079,575,592,2023,3,5:27:25.307305
1078,558,575,2023,1,4:00:00
1077,592,575,2023,3,5:27:25.307305
1076,617,575,2023,1,3:00:00
1075,559,575,2023,3,8:22:57.875609
1074,565,575,2023,4,7:09:38.114374
1073,527,575,2023,1,4:00:00
1072,522,575,2023,1,3:00:00
1071,528,575,2023,3,6:37:02.124391
1070,545,575,2023,1,2:00:00
1069,545,592,2023,1,2:00:00
1068,561,586,2023,2,2:00:00
1067,561,639,2023,2,3:00:00
1066,644,586,2023,1,0:11:54.227876
1065,636,644,2023,2,6:04:55.192309
1064,613,644,2023,1,5:04:55.192309
1063,630,644,2023,1,3:11:54.227876
1062,608,644,2023,2,6:04:55.192309
1061,586,644,2023,1,0:11:54.227876
1060,529,644,2023,1,2:11:54.227876
1059,538,644,2023,1,4:04:55.192309
1058,618,644,2023,2,6:02:49.494403
1057,572,586,2023,2,2:00:00
1056,572,639,2023,1,4:00:00
1055,581,599,2023,3,4:19:23.043070
1054,521,581,2023,4,6:27:25.307305
1053,620,581,2023,5,7:19:23.043070
1052,599,581,2023,3,4:19:23.043070
1051,515,581,2023,2,3:21:53.543827
1050,515,599,2023,2,3:21:53.543827
1049,605,587,2023,1,2:00:00
1048,520,587,2023,3,5:02:53.091720
1047,611,587,2023,1,2:00:00
1046,619,586,2023,2,2:00:00
1045,619,639,2023,1,4:00:00
1044,625,579,2023,1,4:00:00
1043,597,587,2023,4,6:02:53.091720
1042,611,597,2023,1,3:55:55.341569
1041,629,597,2023,1,3:55:55.341569
1040,587,597,2023,4,6:02:53.091720
1039,520,597,2023,4,10:58:48.433289
1038,516,597,2023,1,3:55:55.341569
1037,556,597,2023,4,10:58:48.433289
1036,606,590,2023,3,4:58:55.227415
1035,552,591,2023,4,5:41:21.260154
1034,627,599,2023,1,3:00:00
1033,627,581,2023,2,4:00:00
1032,624,581,2023,1,3:00:00
1031,624,599,2023,2,4:16:58.768705
1030,524,599,2023,2,4:00:00
1029,524,581,2023,2,6:00:00
1028,593,574,2023,4,11:31:17.562299
1027,584,593,2023,2,9:55:40.584688
1026,568,593,2023,1,3:00:00
1025,578,593,2023,1,4:55:06.714230
1024,534,593,2023,1,4:55:40.584688
1023,513,593,2023,2,6:55:40.584688
1022,574,593,2023,4,11:31:17.562299
1021,622,593,2023,1,4:54:22.471027
1020,583,594,2023,3,6:56:38.364728
1019,544,599,2023,3,3:07:39.187606
1018,544,581,2023,3,3:21:53.543827
1017,564,599,2023,1,3:00:00
1016,564,581,2023,1,3:00:00
1015,633,574,2023,1,1:00:00
1014,633,593,2023,1,1:00:00
1013,519,591,2023,1,3:00:00
1012,614,597,2023,1,2:00:00
1011,553,591,2023,3,13:00:00
1010,571,591,2023,1,3:00:00
1009,607,591,2023,1,3:00:00
1008,629,587,2023,1,2:00:00
1007,590,591,2023,1,3:00:00
1006,621,590,2023,2,7:00:00
1005,571,590,2023,2,6:00:00
1004,519,590,2023,2,4:00:00
1003,542,590,2023,1,2:00:00
1002,591,590,2023,1,3:00:00
1001,553,590,2023,4,7:48:38.735499
1000,628,590,2023,3,4:00:00
999,607,590,2023,2,5:45:45.643779
998,610,639,2023,1,1:00:00
997,615,582,2023,2,5:00:00
996,609,594,2023,1,3:00:00
995,514,594,2023,3,8:00:00
994,614,587,2023,1,2:00:00
993,516,587,2023,1,2:00:00
992,573,593,2023,4,8:00:42.167723
991,584,581,2023,1,1:01:06.646516
990,566,640,2023,1,0:27:07.449812
989,513,640,2023,1,0:27:07.449812
988,520,640,2023,1,0:27:07.449812
987,563,640,2023,1,0:27:07.449812
986,534,589,2023,3,5:33:58.261109
985,513,592,2023,1,0:27:07.449812
984,566,592,2023,1,0:27:07.449812
983,621,589,2023,1,1:00:00
982,621,591,2023,2,4:00:00
981,575,581,2023,4,2:50:25.497648
980,600,639,2023,1,1:43:20.479937
979,584,579,2023,1,1:01:06.646516
978,516,579,2023,1,3:01:06.646516
977,565,579,2023,1,3:01:06.646516
976,633,579,2023,1,3:01:06.646516
975,612,579,2023,1,3:01:06.646516
974,620,640,2023,1,0:27:07.449812
973,566,587,2023,2,1:15:22.388176
972,611,598,2023,3,1:28:46.696682
971,618,598,2023,2,1:57:18.243799
970,533,598,2023,1,1:00:00
969,521,598,2023,3,2:57:18.098554
968,523,640,2023,2,4:43:45.273222
967,617,640,2023,1,2:43:45.273222
966,578,640,2023,1,2:43:45.273222
965,623,574,2023,1,0:57:56.759278
964,623,582,2023,2,1:57:56.759278
963,548,598,2023,2,1:57:15.778199
962,606,582,2023,2,4:57:56.759278
961,558,582,2023,1,2:00:00
960,524,582,2023,1,2:57:56.759278
959,577,582,2023,1,2:57:56.759278
958,553,582,2023,3,9:00:49.850998
957,562,582,2023,4,7:57:56.759278
956,529,640,2023,2,3:16:37.823410
955,599,598,2023,2,1:57:11.915519
954,598,599,2023,2,1:57:11.915519
953,611,599,2023,2,0:57:10.250772
952,547,640,2023,1,2:16:37.823410
951,572,581,2023,3,8:28:31.953821
950,516,581,2023,1,3:01:06.646516
949,634,581,2023,2,3:58:36.145759
948,565,581,2023,3,10:01:06.646516
947,633,581,2023,1,3:01:06.646516
946,527,640,2023,1,2:43:45.273222
945,608,582,2023,1,2:57:56.759278
944,525,591,2023,1,3:00:00
943,557,591,2023,2,4:00:00
942,551,591,2023,3,8:21:53.543827
941,511,591,2023,1,3:00:00
940,518,591,2023,1,3:00:00
939,625,591,2023,2,4:00:00
938,630,591,2023,2,8:00:00
937,636,598,2023,2,1:57:13.769921
936,513,587,2023,1,3:00:00
935,620,587,2023,2,3:34:33.319152
934,580,587,2023,3,5:02:53.091720
933,514,587,2023,2,6:00:00
932,536,598,2023,3,3:57:18.243799
931,596,587,2023,3,8:00:00
930,513,596,2023,3,4:27:12.930475
929,587,596,2023,3,8:00:00
928,620,596,2023,1,2:00:00
927,583,598,2023,1,1:00:00
926,628,640,2023,2,4:36:46.237655
925,626,587,2023,2,7:00:00
924,626,596,2023,2,3:00:00
923,584,644,2023,1,2:00:00
922,637,644,2023,1,2:00:00
921,552,644,2023,4,9:03:24.827507
920,534,644,2023,2,3:00:00
919,560,644,2023,1,2:00:00
918,563,644,2023,1,2:00:00
917,610,644,2023,1,2:00:00
916,546,587,2023,2,4:00:00
915,546,596,2023,1,2:00:00
914,631,598,2023,1,1:00:00
913,622,598,2023,3,3:57:18.243799
912,627,582,2023,1,2:57:56.759278
911,614,582,2023,2,5:57:56.759278
910,632,582,2023,2,6:57:56.759278
909,636,599,2023,3,3:57:11.915519
908,521,599,2023,3,5:57:11.860247
907,583,599,2023,1,2:00:00
906,631,599,2023,1,2:00:00
905,621,644,2023,1,2:00:00
904,618,599,2023,3,3:55:06.217613
903,574,582,2023,3,7:19:50.303105
902,627,574,2023,1,2:57:56.759278
901,558,574,2023,3,5:00:00
900,524,574,2023,3,11:57:56.759278
899,577,574,2023,2,3:57:56.759278
898,553,574,2023,1,2:57:56.759278
897,562,574,2023,2,4:57:56.759278
896,582,574,2023,3,7:19:50.303105
895,632,574,2023,1,2:57:56.759278
894,614,574,2023,2,5:57:56.759278
893,615,594,2023,1,3:00:00
892,528,594,2023,2,4:00:00
891,629,594,2023,1,3:00:00
890,592,640,2023,1,2:43:45.273222
889,541,592,2023,2,5:00:00
888,527,592,2023,2,6:43:45.273222
887,529,592,2023,2,5:07:29.338897
886,640,592,2023,1,2:43:45.273222
885,628,592,2023,2,6:34:36.788709
884,617,592,2023,2,5:43:45.273222
883,578,592,2023,2,5:43:45.273222
882,523,592,2023,1,2:43:45.273222
881,547,592,2023,2,2:44:03.130715
880,533,599,2023,1,2:00:00
879,544,587,2023,2,6:00:00
878,544,596,2023,2,5:00:00
877,517,579,2023,1,2:00:00
876,556,596,2023,4,7:00:00
875,556,587,2023,6,14:02:53.091720
874,589,591,2023,2,3:33:58.261109
873,525,589,2023,2,4:50:41.911833
872,557,589,2023,2,4:50:41.911833
871,551,589,2023,2,7:00:00
870,625,589,2023,2,7:00:00
869,630,589,2023,1,3:00:00
868,613,589,2023,1,3:00:00
867,511,589,2023,1,3:00:00
866,591,589,2023,2,3:33:58.261109
865,518,589,2023,2,4:00:00
864,635,579,2023,1,3:01:06.646516
863,635,581,2023,1,3:01:06.646516
862,549,579,2023,1,3:01:06.646516
861,549,581,2023,1,3:01:06.646516
860,538,594,2023,1,3:00:00
859,611,594,2023,2,4:00:00
858,519,594,2023,1,3:00:00
857,588,594,2023,1,3:00:00
856,607,594,2023,1,3:00:00
855,548,599,2023,2,2:57:11.890215
854,605,594,2023,2,3:27:10.999455
853,622,599,2023,2,2:57:11.915519
852,512,594,2023,1,3:00:00
851,581,639,2023,1,3:10:48.832873
850,639,581,2023,1,3:10:48.832873
849,600,581,2023,1,1:43:20.365161
848,558,592,2023,2,6:22:42.029172
847,554,592,2023,4,11:22:42.029172
846,633,592,2023,1,4:00:00
845,582,592,2023,1,4:00:00
844,633,582,2023,1,4:00:00
843,592,582,2023,1,4:00:00
842,634,592,2023,3,6:19:31.056028
841,591,639,2023,1,3:10:48.887424
840,591,581,2023,3,4:32:42.376700
839,581,591,2023,3,4:32:42.376700
838,639,591,2023,1,3:10:48.887424
837,600,591,2023,1,1:43:20.419712
836,574,639,2023,1,3:10:48.999922
835,574,581,2023,7,12:34:45.692891
834,574,591,2023,4,5:32:42.431251
833,639,574,2023,1,3:10:48.999922
832,581,574,2023,7,12:34:45.692891
831,600,574,2023,1,1:43:20.479937
830,591,574,2023,4,5:32:42.431251
829,618,574,2023,1,1:05:49.498340
828,618,639,2023,1,1:05:49.461486
827,618,591,2023,1,1:05:49.348988
826,521,593,2023,2,5:00:00
825,563,593,2023,2,2:00:00
824,617,593,2023,1,4:00:00
823,519,592,2023,1,4:00:00
822,519,582,2023,1,4:00:00
821,626,592,2023,1,2:22:42.029172
820,579,592,2023,1,0:03:24.627333
819,626,579,2023,2,4:03:24.627333
818,634,579,2023,2,3:04:31.273849
817,592,579,2023,1,0:03:24.627333
816,554,579,2023,1,0:03:24.627333
815,534,591,2023,7,9:36:56.233861
814,534,574,2023,6,10:35:40.703564
813,534,639,2023,1,1:18:06.575049
812,534,581,2023,4,4:40:00.118876
811,635,592,2023,2,5:00:00
810,635,582,2023,1,4:00:00
809,553,579,2023,1,0:03:24.627333
808,553,592,2023,6,11:50:07.336477
807,636,592,2023,1,0:03:39.498962
806,575,599,2023,2,1:41:03.591647
805,536,599,2023,4,7:03:13.418452
804,605,599,2023,1,3:11:24.614105
803,527,599,2023,2,5:28:23.357386
802,572,599,2023,2,5:29:03.871194
801,620,599,2023,5,8:31:06.294863
800,635,599,2023,2,7:57:10.352754
799,629,599,2023,1,3:11:24.708975
798,575,644,2023,2,3:19:09.976453
797,536,644,2023,2,4:06:01.431566
796,605,644,2023,1,3:11:24.614105
795,527,644,2023,1,3:11:24.588681
794,572,644,2023,2,5:29:03.821336
793,629,644,2023,1,3:11:24.637608
792,635,644,2023,4,12:57:10.281387
791,620,644,2023,2,4:09:12.679669
790,622,574,2023,2,8:05:11.444402
789,622,639,2023,3,5:10:48.973375
788,622,581,2023,1,3:10:48.832873
787,622,591,2023,1,3:10:48.887424
786,520,599,2023,4,5:49:05.338832
785,520,644,2023,3,3:32:06.570127
784,520,579,2023,1,0:03:24.627333
783,520,592,2023,2,2:49:49.478984
782,613,579,2023,1,0:03:24.627333
781,613,592,2023,1,2:22:42.029172
780,594,579,2023,2,1:00:06.149404
779,594,592,2023,2,4:19:18.393635
778,579,594,2023,2,1:00:06.149404
777,636,594,2023,2,3:03:39.498962
776,558,594,2023,1,0:19:18.393635
775,613,594,2023,2,3:19:18.393635
774,626,594,2023,2,1:15:59.915706
773,634,594,2023,2,1:46:29.393090
772,592,594,2023,2,4:19:18.393635
771,520,594,2023,3,5:36:57.577363
770,553,594,2023,2,4:19:18.393635
769,554,594,2023,1,0:19:18.393635
768,586,594,2023,1,0:19:18.393635
767,586,592,2023,1,2:22:42.029172
766,579,574,2023,1,0:25:41.832608
765,579,639,2023,1,0:25:41.832608
764,579,591,2023,1,0:25:41.832608
763,579,581,2023,2,3:26:48.479124
762,618,579,2023,1,0:14:17.863403
761,574,579,2023,1,0:25:41.832608
760,639,579,2023,1,0:25:41.832608
759,591,579,2023,1,0:25:41.832608
758,581,579,2023,2,3:26:48.479124
757,608,579,2023,1,0:14:26.039289
756,608,574,2023,2,4:03:54.194310
755,608,639,2023,1,1:05:57.435032
754,608,591,2023,1,1:05:57.435032
753,608,581,2023,2,2:03:26.934275
752,636,574,2023,3,2:59:07.397813
751,636,639,2023,1,0:25:21.590108
750,636,591,2023,2,1:25:21.590108
749,628,579,2023,1,0:10:23.759270
748,594,593,2023,1,4:00:00
747,618,594,2023,1,2:03:23.635537
746,602,594,2023,1,2:00:52.180265
745,593,594,2023,1,4:00:00
744,563,594,2023,1,1:00:00
743,617,594,2023,2,6:00:00
742,521,594,2023,1,4:00:00
741,573,594,2023,1,3:00:00
740,578,594,2023,2,8:01:44.487612
739,515,594,2023,1,2:01:29.191908
738,580,594,2023,2,6:00:41.875439
737,557,579,2023,1,1:53:35.569231
736,636,579,2023,3,2:22:21.786672
735,603,579,2023,1,1:53:35.569231
734,534,579,2023,2,2:18:24.015956
733,575,579,2023,2,2:53:21.307671
732,615,579,2023,1,1:53:35.569231
731,628,639,2023,2,3:03:59.328501
730,628,581,2023,1,2:03:59.328501
729,628,574,2023,3,5:01:49.551356
728,628,591,2023,2,4:03:59.328501
727,600,579,2023,2,1:53:10.300320
726,533,581,2023,1,1:13:21.899078
725,533,639,2023,1,1:13:21.899078
724,533,574,2023,1,1:13:21.899078
723,533,591,2023,1,1:13:21.899078
722,517,639,2023,1,1:13:15.085631
721,517,581,2023,2,3:13:15.085631
720,517,574,2023,1,1:13:15.085631
719,632,579,2023,1,1:39:58.237140
718,511,579,2023,1,0:29:41.173574
717,578,599,2023,1,4:00:00
716,644,599,2023,7,20:14:49.465115
715,578,644,2023,2,8:00:00
714,599,644,2023,7,20:14:49.465115
713,546,597,2023,1,3:43:33.784954
712,544,597,2023,2,4:43:33.784954
711,607,597,2023,2,6:43:33.784954
710,609,597,2023,1,3:43:33.784954
709,524,597,2023,5,10:15:37.167391
708,534,597,2023,1,3:43:33.784954
707,605,597,2023,3,7:42:01.518960
706,628,597,2023,1,3:43:33.784954
705,575,597,2023,2,3:53:11.899328
704,571,596,2023,1,3:00:00
703,520,596,2023,2,6:00:00
702,553,596,2023,2,4:00:00
701,580,596,2023,3,11:00:00
700,566,594,2023,2,4:00:00
699,566,593,2023,1,2:00:00
698,533,592,2023,1,4:00:00
697,533,582,2023,1,4:00:00
696,514,596,2023,3,8:00:00
695,565,640,2023,1,3:29:29.040360
694,542,596,2023,1,3:00:00
693,523,644,2023,2,6:11:54.227876
692,523,599,2023,1,3:00:00
691,558,579,2023,2,1:52:47.237900
690,637,596,2023,2,4:51:20.856193
689,557,644,2023,2,10:00:00
688,557,599,2023,3,6:00:00
687,614,644,2023,1,3:00:00
686,614,599,2023,1,3:00:00
685,632,644,2023,2,4:04:54.148749
684,632,599,2023,3,5:04:54.148749
683,625,644,2023,2,5:53:00.964433
682,625,599,2023,1,4:00:00
681,623,594,2023,4,7:29:05.462648
680,623,593,2023,2,4:00:00
679,608,594,2023,3,6:03:23.635537
678,608,593,2023,2,4:00:00
677,631,596,2023,1,2:00:00
676,629,591,2023,2,6:00:00
675,554,591,2023,2,7:00:00
674,513,591,2023,3,7:00:00
673,532,591,2023,3,6:56:56.114985
672,606,640,2023,1,4:00:00
671,550,591,2023,2,6:17:39.183728
670,621,592,2023,3,6:00:00
669,621,582,2023,1,4:00:00
668,522,590,2023,1,3:00:00
667,627,590,2023,1,3:00:00
666,583,590,2023,2,5:00:00
665,615,590,2023,2,5:12:12.162374
664,516,590,2023,1,3:00:00
663,556,590,2023,3,5:02:53.091720
662,568,590,2023,2,4:00:00
661,626,590,2023,2,5:00:00
660,552,590,2023,5,9:09:27.720205
659,588,579,2023,1,4:00:00
658,610,579,2023,1,3:43:18.526559
657,622,579,2023,2,4:25:41.832608
656,525,579,2023,1,4:00:00
655,527,579,2023,1,4:00:00
654,572,579,2023,2,7:01:06.646516
653,624,579,2023,1,4:00:00
652,545,579,2023,1,3:00:00
651,584,591,2023,2,8:24:36.305961
650,563,592,2023,2,3:27:07.449812
649,563,582,2023,2,7:00:00
648,517,591,2023,2,5:13:15.085631
647,518,581,2023,1,3:10:10.787186
646,612,581,2023,2,6:11:17.433702
645,618,581,2023,3,5:13:29.580866
644,630,581,2023,1,3:10:10.787186
643,561,581,2023,1,3:00:00
642,551,581,2023,2,3:32:04.331013
641,574,640,2023,1,4:00:00
640,565,574,2023,1,3:29:29.040360
639,606,574,2023,3,7:56:51.986693
638,640,574,2023,1,4:00:00
637,620,592,2023,4,8:27:07.449812
636,620,582,2023,3,5:21:53.543827
635,511,592,2023,1,4:00:00
634,511,582,2023,1,4:00:00
633,639,596,2023,2,3:51:20.856193
632,580,639,2023,1,3:00:00
631,637,639,2023,3,11:00:00
630,631,639,2023,1,2:00:00
629,596,639,2023,2,3:51:20.856193
628,571,639,2023,1,3:00:00
627,553,639,2023,1,3:00:00
626,520,639,2023,2,7:00:00
625,542,639,2023,1,3:00:00
624,514,639,2023,1,3:00:00
623,586,579,2023,2,3:47:23.889155
622,549,594,2023,2,5:17:39.183728
621,549,593,2023,2,5:00:00
620,636,581,2023,3,5:35:32.377294
619,564,640,2023,1,4:00:00
618,564,574,2023,1,4:00:00
617,541,640,2023,2,3:00:00
616,541,574,2023,1,2:00:00
615,515,640,2023,1,4:00:00
614,515,574,2023,4,10:17:34.128515
613,536,640,2023,1,4:00:00
612,536,574,2023,1,4:00:00
611,512,640,2023,1,3:29:24.271826
610,512,574,2023,1,3:29:24.271826
609,634,640,2023,1,4:00:00
608,634,574,2023,2,5:00:00
607,613,591,2023,2,7:00:00
606,611,581,2023,1,3:10:10.787186
