id,ballkid,start,end,duration,is_first_checkin
3697,626,2024-08-04 12:22:45,2024-08-04 22:06:48,9:44:02.227156,1
3696,597,2024-08-04 11:46:25,2024-08-04 22:06:47,10:20:21.943508,1
3695,558,2024-08-04 11:44:32,2024-08-04 22:06:48,10:22:15.100061,1
3694,525,2024-08-04 11:44:29,2024-08-04 22:06:48,10:22:18.960582,1
3693,524,2024-08-04 11:44:22,2024-08-04 22:06:48,10:22:26.071907,1
3692,575,2024-08-04 11:07:18,2024-08-04 22:06:48,10:59:30.528270,1
3691,536,2024-08-04 11:03:35,2024-08-04 22:06:48,11:03:13.101315,1
3690,590,2024-08-04 10:59:40,2024-08-04 22:06:48,11:07:07.924883,1
3689,556,2024-08-04 10:59:30,2024-08-04 15:24:45,4:25:14.948025,1
3688,562,2024-08-04 10:56:53,2024-08-04 22:06:48,11:09:55.168500,1
3687,554,2024-08-04 10:53:37,2024-08-04 22:06:47,11:13:10.521443,1
3686,528,2024-08-04 10:51:06,2024-08-04 22:06:48,11:15:42.607976,1
3685,596,2024-08-04 10:46:37,2024-08-04 22:06:48,11:20:11.044127,1
3684,514,2024-08-04 10:46:16,2024-08-04 22:06:48,11:20:32.047551,1
3683,572,2024-08-04 10:40:54,2024-08-04 22:06:48,11:25:53.958165,1
3682,591,2024-08-04 10:38:19,2024-08-04 22:06:47,11:28:28.254849,1
3681,592,2024-08-04 10:38:15,2024-08-04 22:06:47,11:28:32.474391,1
3680,534,2024-08-04 10:38:06,2024-08-04 22:06:47,11:28:40.830437,1
3679,616,2024-08-04 10:37:15,2024-08-04 13:44:07,3:06:52.213308,1
3678,574,2024-08-04 10:35:40,2024-08-04 22:06:48,11:31:08.719787,1
3677,518,2024-08-04 10:35:15,2024-08-04 22:06:48,11:31:32.969105,1
3676,552,2024-08-04 10:33:56,2024-08-04 22:06:48,11:32:52.371588,1
3675,521,2024-08-04 10:33:26,2024-08-04 22:06:47,11:33:21.163514,1
3674,515,2024-08-04 10:33:16,2024-08-04 22:06:47,11:33:30.976752,1
3673,635,2024-08-04 10:33:10,2024-08-04 22:06:48,11:33:38.304310,1
3672,620,2024-08-04 10:30:21,2024-08-04 22:06:48,11:36:26.964868,1
3671,551,2024-08-04 10:30:06,2024-08-04 22:06:48,11:36:42.151125,1
3670,520,2024-08-04 10:30:01,2024-08-04 22:06:48,11:36:46.246890,1
3669,513,2024-08-04 10:29:59,2024-08-04 22:06:48,11:36:48.792266,1
3668,590,2024-08-03 13:20:37,2024-08-04 00:22:43,11:02:06.610586,1
3667,562,2024-08-03 12:58:04,2024-08-03 20:43:45,7:45:40.632118,1
3666,556,2024-08-03 12:51:19,2024-08-04 00:22:43,11:31:24.070112,1
3665,554,2024-08-03 12:49:58,2024-08-03 23:50:44,11:00:46.493624,1
3664,591,2024-08-03 12:48:36,2024-08-04 00:22:43,11:34:06.842482,1
3663,558,2024-08-03 12:48:24,2024-08-04 00:22:43,11:34:19.488880,1
3662,525,2024-08-03 12:47:58,2024-08-04 00:22:43,11:34:45.845722,1
3661,524,2024-08-03 12:47:43,2024-08-04 00:22:43,11:35:00.640423,1
3660,536,2024-08-03 12:46:30,2024-08-03 23:50:44,11:04:13.737281,1
3659,592,2024-08-03 12:40:27,2024-08-04 00:22:43,11:42:15.899538,1
3658,574,2024-08-03 12:39:26,2024-08-04 00:22:44,11:43:17.661077,1
3657,597,2024-08-03 12:38:37,2024-08-03 23:50:44,11:12:07.432138,1
3656,596,2024-08-03 12:38:04,2024-08-03 23:23:36,10:45:31.308951,1
3655,514,2024-08-03 12:37:51,2024-08-04 00:22:43,11:44:51.842394,1
3654,518,2024-08-03 12:37:20,2024-08-04 00:22:43,11:45:23.652354,1
3653,620,2024-08-03 12:37:11,2024-08-04 00:22:43,11:45:31.971429,1
3652,552,2024-08-03 12:35:56,2024-08-03 23:50:44,11:14:48.128370,1
3651,520,2024-08-03 12:34:47,2024-08-04 00:22:43,11:47:56.621861,1
3650,535,2024-08-03 12:33:55,2024-08-03 23:50:35,11:16:39.938922,1
3649,643,2024-08-03 12:33:24,2024-08-04 00:22:44,11:49:20.001007,1
3648,513,2024-08-03 12:30:44,2024-08-04 00:22:44,11:51:59.423030,1
3647,534,2024-08-03 12:29:19,2024-08-04 00:22:43,11:53:23.874663,1
3646,515,2024-08-03 12:29:14,2024-08-03 23:50:44,11:21:29.762979,1
3645,528,2024-08-03 12:29:12,2024-08-03 23:20:25,10:51:12.748848,1
3644,575,2024-08-03 12:25:53,2024-08-03 23:50:44,11:24:51.628760,1
3643,616,2024-08-03 12:20:22,2024-08-03 23:20:28,11:00:06.303358,1
3642,626,2024-08-03 12:19:45,2024-08-03 23:50:44,11:30:58.734068,1
3641,572,2024-08-03 12:16:34,2024-08-04 00:22:44,12:06:09.251681,1
3640,521,2024-08-03 11:57:55,2024-08-04 00:22:43,12:24:48.305703,1
3639,551,2024-08-03 11:57:48,2024-08-04 00:22:44,12:24:55.456918,1
3638,549,2024-08-03 11:33:42,2024-08-03 23:50:35,12:16:53.087388,1
3637,635,2024-08-03 11:16:28,2024-08-04 00:22:44,13:06:15.929629,1
3636,599,2024-08-03 11:16:16,2024-08-03 23:50:35,12:34:19.606783,1
3635,636,2024-08-03 11:16:05,2024-08-03 23:50:35,12:34:30.056347,1
3634,577,2024-08-03 11:13:31,2024-08-03 23:50:35,12:37:04.633189,1
3633,619,2024-08-03 11:05:25,2024-08-03 23:40:17,12:34:52.239486,1
3632,583,2024-08-03 11:05:22,2024-08-03 23:50:35,12:45:12.948856,1
3631,613,2024-08-03 11:05:07,2024-08-03 23:50:35,12:45:28.523834,1
3630,629,2024-08-03 11:05:05,2024-08-03 23:50:35,12:45:30.524362,1
3629,679,2024-08-02 20:14:33,2024-08-03 00:33:11,4:18:37.616292,0
3628,636,2024-08-02 17:49:06,2024-08-02 23:07:30,5:18:23.551309,1
3627,599,2024-08-02 17:48:50,2024-08-02 22:31:44,4:42:54.000198,1
3626,558,2024-08-02 17:33:55,2024-08-03 00:33:19,6:59:23.989641,1
3625,668,2024-08-02 15:42:49,2024-08-03 00:33:05,8:50:16.096609,1
3624,676,2024-08-02 15:22:00,2024-08-02 21:09:46,5:47:46.200577,1
3623,629,2024-08-02 13:59:17,2024-08-02 22:22:27,8:23:09.401128,1
3622,662,2024-08-02 13:41:13,2024-08-02 23:05:46,9:24:32.713130,1
3621,590,2024-08-02 12:58:35,2024-08-03 00:33:11,11:34:36.276915,1
3620,640,2024-08-02 12:34:33,2024-08-02 22:09:03,9:34:30.669210,1
3619,643,2024-08-02 12:34:18,2024-08-02 20:54:20,8:20:01.476382,1
3618,656,2024-08-02 11:52:27,2024-08-03 00:33:05,12:40:37.339810,1
3617,514,2024-08-02 11:51:14,2024-08-03 00:33:11,12:41:57.066525,1
3616,552,2024-08-02 11:50:34,2024-08-02 21:14:42,9:24:07.264753,1
3615,597,2024-08-02 11:34:29,2024-08-02 23:05:26,11:30:57.128905,1
3614,565,2024-08-02 11:34:29,2024-08-02 23:12:20,11:37:51.307988,1
3613,584,2024-08-02 11:34:27,2024-08-02 23:12:18,11:37:50.732724,1
3612,649,2024-08-02 11:17:49,2024-08-03 00:33:19,13:15:30.615503,1
3611,684,2024-08-02 11:17:48,2024-08-02 22:19:09,11:01:21.212834,1
3610,577,2024-08-02 11:17:13,2024-08-02 20:54:40,9:37:26.787422,1
3609,556,2024-08-02 11:12:42,2024-08-02 21:36:11,10:23:28.983009,1
3608,596,2024-08-02 11:10:46,2024-08-02 22:15:24,11:04:37.722031,1
3607,525,2024-08-02 11:05:57,2024-08-02 22:26:20,11:20:22.867298,1
3606,524,2024-08-02 11:05:56,2024-08-03 00:33:15,13:27:19.336472,1
3605,535,2024-08-02 11:03:46,2024-08-03 00:33:11,13:29:24.618861,1
3604,674,2024-08-02 11:01:38,2024-08-03 00:33:15,13:31:36.860517,1
3603,572,2024-08-02 11:01:19,2024-08-02 21:01:51,10:00:31.901437,1
3602,554,2024-08-02 11:01:14,2024-08-02 23:11:55,12:10:41.524694,1
3601,536,2024-08-02 11:00:38,2024-08-03 00:33:15,13:32:37.136725,1
3600,621,2024-08-02 10:45:52,2024-08-02 22:26:10,11:40:17.290373,1
3599,583,2024-08-02 10:45:19,2024-08-03 00:33:11,13:47:52.486430,1
3598,515,2024-08-02 10:45:06,2024-08-03 00:33:15,13:48:09.262418,1
3597,635,2024-08-02 10:44:23,2024-08-03 00:33:15,13:48:52.376850,1
3596,551,2024-08-02 10:44:14,2024-08-03 00:33:11,13:48:56.826962,1
3595,521,2024-08-02 10:44:12,2024-08-02 20:53:17,10:09:04.764763,1
3594,574,2024-08-02 10:43:58,2024-08-02 17:00:56,6:16:57.619779,1
3593,620,2024-08-02 10:42:57,2024-08-03 00:33:05,13:50:07.847069,1
3592,549,2024-08-02 10:42:38,2024-08-02 22:12:03,11:29:24.811076,1
3591,626,2024-08-02 10:42:28,2024-08-03 00:33:11,13:50:42.435865,1
3590,614,2024-08-02 10:42:02,2024-08-02 19:50:04,9:08:01.977756,1
3589,613,2024-08-02 10:41:30,2024-08-02 21:19:38,10:38:08.163285,1
3588,617,2024-08-02 10:41:15,2024-08-02 16:35:16,5:54:01.462712,1
3587,534,2024-08-02 10:40:55,2024-08-03 00:33:05,13:52:09.829150,1
3586,661,2024-08-02 10:40:48,2024-08-03 00:33:11,13:52:22.496569,1
3585,670,2024-08-02 10:40:23,2024-08-03 00:33:11,13:52:48.411526,1
3584,628,2024-08-02 10:40:13,2024-08-03 00:33:15,13:53:02.520133,1
3583,513,2024-08-02 10:39:55,2024-08-03 00:33:05,13:53:09.711902,1
3582,681,2024-08-02 10:39:47,2024-08-02 21:01:04,10:21:17.687155,1
3581,619,2024-08-02 10:39:40,2024-08-03 00:33:19,13:53:38.695415,1
3580,679,2024-08-02 10:39:22,2024-08-02 20:11:52,9:32:29.189196,1
3579,518,2024-08-02 10:38:59,2024-08-03 00:33:15,13:54:16.375966,1
3578,680,2024-08-02 10:38:49,2024-08-02 16:17:52,5:39:02.459736,1
3577,622,2024-08-02 10:38:40,2024-08-02 21:20:09,10:41:28.791794,1
3576,592,2024-08-02 10:38:29,2024-08-03 00:33:15,13:54:46.336521,1
3575,616,2024-08-02 10:38:19,2024-08-02 18:43:43,8:05:23.792927,1
3574,575,2024-08-02 10:38:11,2024-08-02 22:12:32,11:34:20.216015,1
3573,673,2024-08-02 10:38:04,2024-08-03 00:33:15,13:55:11.421667,1
3572,591,2024-08-02 10:38:03,2024-08-02 22:49:08,12:11:05.146766,1
3571,528,2024-08-02 10:37:53,2024-08-03 00:33:15,13:55:22.744940,1
3570,520,2024-08-02 10:31:44,2024-08-02 21:13:29,10:41:44.700077,1
3569,620,2024-08-01 22:11:12,2024-08-01 23:18:06,1:06:54.054524,0
3568,560,2024-08-01 17:55:27,2024-08-01 18:55:25,0:59:58.108311,1
3567,599,2024-08-01 17:04:19,2024-08-01 23:18:06,6:13:46.950111,1
3566,636,2024-08-01 17:03:56,2024-08-01 23:18:05,6:14:09.407979,1
3565,584,2024-08-01 16:35:23,2024-08-01 22:03:55,5:28:31.439927,1
3564,668,2024-08-01 16:02:26,2024-08-01 23:18:06,7:15:39.828090,1
3563,595,2024-08-01 14:09:24,2024-08-01 16:04:12,1:54:48.175088,1
3562,639,2024-08-01 14:09:06,2024-08-01 21:05:49,6:56:43.258759,1
3561,577,2024-08-01 13:14:57,2024-08-01 20:08:19,6:53:21.392717,1
3560,649,2024-08-01 13:14:51,2024-08-01 21:25:50,8:10:59.221865,1
3559,684,2024-08-01 13:14:50,2024-08-01 22:11:00,8:56:09.564829,1
3558,648,2024-08-01 13:14:41,2024-08-01 22:02:59,8:48:17.368506,1
3557,545,2024-08-01 13:08:57,2024-08-01 19:12:36,6:03:38.774253,1
3556,678,2024-08-01 12:55:17,2024-08-01 21:12:35,8:17:17.305151,1
3555,597,2024-08-01 12:28:19,2024-08-01 22:53:11,10:24:52.117268,1
3554,590,2024-08-01 12:04:36,2024-08-01 20:23:37,8:19:00.708394,1
3553,552,2024-08-01 11:55:10,2024-08-01 19:51:15,7:56:05.130415,1
3552,565,2024-08-01 11:42:33,2024-08-01 22:03:21,10:20:47.725860,1
3551,564,2024-08-01 11:42:18,2024-08-01 20:05:07,8:22:48.837411,1
3550,604,2024-08-01 11:24:08,2024-08-01 13:04:14,1:40:05.385698,1
3549,586,2024-08-01 11:23:56,2024-08-01 11:24:04,0:00:07.919149,1
3548,683,2024-08-01 11:11:33,2024-08-01 23:18:06,12:06:32.897224,1
3547,535,2024-08-01 11:09:38,2024-08-01 21:26:06,10:16:27.630638,1
3546,602,2024-08-01 11:01:11,2024-08-01 12:02:28,1:01:16.813397,1
3545,662,2024-08-01 10:48:19,2024-08-01 21:26:14,10:37:55.210035,1
3544,536,2024-08-01 10:46:17,2024-08-01 23:18:06,12:31:49.313826,1
3543,676,2024-08-01 10:32:58,2024-08-01 21:02:43,10:29:45.071419,1
3542,558,2024-08-01 10:24:21,2024-08-01 19:59:25,9:35:03.826648,1
3541,524,2024-08-01 10:24:10,2024-08-01 20:08:02,9:43:52.409625,1
3540,525,2024-08-01 10:24:01,2024-08-01 22:10:11,11:46:10.303272,1
3539,635,2024-08-01 10:13:00,2024-08-01 23:18:06,13:05:05.804167,1
3538,554,2024-08-01 10:11:28,2024-08-01 20:06:41,9:55:13.368306,1
3537,572,2024-08-01 10:11:18,2024-08-01 23:18:06,13:06:47.892880,1
3536,596,2024-08-01 10:10:10,2024-08-01 23:18:06,13:07:55.977209,1
3535,601,2024-08-01 10:09:55,2024-08-01 16:34:17,6:24:22.215360,1
3534,654,2024-08-01 10:09:22,2024-08-01 16:50:17,6:40:54.918307,1
3533,581,2024-08-01 10:09:11,2024-08-01 16:34:10,6:24:58.309447,1
3532,615,2024-08-01 10:06:43,2024-08-01 23:18:05,13:11:22.173201,1
3531,621,2024-08-01 10:06:06,2024-08-01 22:03:31,11:57:24.236298,1
3530,556,2024-08-01 10:03:42,2024-08-01 21:25:46,11:22:04.015991,1
3529,612,2024-08-01 10:01:06,2024-08-01 19:32:10,9:31:03.257360,1
3528,679,2024-08-01 10:00:28,2024-08-01 18:04:23,8:03:54.706090,1
3527,583,2024-08-01 09:57:56,2024-08-01 23:18:06,13:20:09.707574,1
3526,643,2024-08-01 09:56:47,2024-08-01 20:04:20,10:07:33.390202,1
3525,640,2024-08-01 09:56:33,2024-08-01 20:04:33,10:07:59.848824,1
3524,650,2024-08-01 09:56:19,2024-08-01 20:13:33,10:17:13.427196,1
3523,619,2024-08-01 09:56:04,2024-08-01 18:06:43,8:10:38.812682,1
3522,617,2024-08-01 09:55:21,2024-08-01 20:08:07,10:12:46.270667,1
3521,674,2024-08-01 09:55:01,2024-08-01 23:18:06,13:23:04.644542,1
3520,628,2024-08-01 09:53:39,2024-08-01 23:18:06,13:24:27.127399,1
3519,660,2024-08-01 09:52:40,2024-08-01 12:14:08,2:21:28.079080,1
3518,513,2024-08-01 09:51:26,2024-08-01 23:18:06,13:26:40.285209,1
3517,620,2024-08-01 09:51:11,2024-08-01 22:03:35,12:12:24.088867,1
3516,673,2024-08-01 09:50:51,2024-08-01 16:10:08,6:19:17.620696,1
3515,528,2024-08-01 09:50:36,2024-08-01 19:08:51,9:18:14.887953,1
3514,614,2024-08-01 09:49:51,2024-08-01 15:12:30,5:22:39.466139,1
3513,634,2024-08-01 09:49:14,2024-08-01 17:55:58,8:06:44.160766,1
3512,667,2024-08-01 09:48:56,2024-08-01 17:42:23,7:53:26.918133,1
3511,582,2024-08-01 09:48:35,2024-08-01 23:18:06,13:29:30.528486,1
3510,682,2024-08-01 09:48:05,2024-08-01 20:09:34,10:21:29.566822,1
3509,670,2024-08-01 09:47:50,2024-08-01 20:23:29,10:35:38.513156,1
3508,675,2024-08-01 09:47:29,2024-08-01 20:08:51,10:21:22.237091,1
3507,661,2024-08-01 09:46:54,2024-08-01 17:42:13,7:55:19.051359,1
3506,616,2024-08-01 09:46:30,2024-08-01 20:23:45,10:37:14.974492,1
3505,518,2024-08-01 09:46:17,2024-08-01 22:02:46,12:16:29.169488,1
3504,611,2024-08-01 09:45:16,2024-08-01 20:09:50,10:24:33.816512,1
3503,544,2024-08-01 09:45:11,2024-08-01 19:59:30,10:14:18.901744,1
3502,551,2024-08-01 09:44:59,2024-08-01 23:18:06,13:33:07.286211,1
3501,613,2024-08-01 09:44:48,2024-08-01 23:18:06,13:33:18.396620,1
3500,575,2024-08-01 09:44:21,2024-08-01 21:24:49,11:40:28.056071,1
3499,681,2024-08-01 09:44:05,2024-08-01 19:32:47,9:48:41.659641,1
3498,534,2024-08-01 09:43:58,2024-08-01 20:07:42,10:23:44.318659,1
3497,520,2024-08-01 09:43:50,2024-08-01 19:56:44,10:12:54.122556,1
3496,626,2024-08-01 09:43:42,2024-08-01 22:09:43,12:26:00.286134,1
3495,514,2024-08-01 09:43:27,2024-08-01 18:08:54,8:25:26.468275,1
3494,644,2024-08-01 09:43:18,2024-08-01 21:25:59,11:42:40.520315,1
3493,622,2024-08-01 09:43:13,2024-08-01 20:01:47,10:18:33.946381,1
3492,521,2024-08-01 09:42:57,2024-08-01 23:18:06,13:35:08.599947,1
3491,656,2024-08-01 09:42:33,2024-08-01 23:18:06,13:35:33.242933,1
3490,680,2024-08-01 09:42:21,2024-08-01 20:21:44,10:39:22.822719,1
3489,515,2024-08-01 09:42:05,2024-08-01 23:18:06,13:36:00.951633,1
3488,592,2024-08-01 09:30:45,2024-08-01 23:18:06,13:47:20.394703,1
3487,591,2024-08-01 09:30:05,2024-08-01 23:18:06,13:48:00.618646,1
3486,684,2024-07-31 22:36:38,2024-08-01 01:55:06,3:18:27.526919,0
3485,560,2024-07-31 18:25:56,2024-07-31 23:06:18,4:40:22.581448,1
3484,636,2024-07-31 17:55:02,2024-07-31 23:09:31,5:14:28.770172,1
3483,599,2024-07-31 17:50:04,2024-07-31 22:08:17,4:18:13.457791,1
3482,639,2024-07-31 17:38:56,2024-08-01 01:10:37,7:31:40.555093,1
3481,632,2024-07-31 16:48:20,2024-07-31 21:06:24,4:18:03.685398,1
3480,647,2024-07-31 16:39:40,2024-07-31 22:37:04,5:57:23.524542,1
3479,584,2024-07-31 16:39:38,2024-08-01 01:10:49,8:31:10.630931,1
3478,649,2024-07-31 15:29:57,2024-08-01 01:55:05,10:25:08.114813,1
3477,648,2024-07-31 15:29:36,2024-08-01 01:55:05,10:25:29.957715,1
3476,684,2024-07-31 15:28:53,2024-07-31 22:29:23,7:00:29.709673,1
3475,577,2024-07-31 15:28:44,2024-08-01 01:55:05,10:26:20.894403,1
3474,668,2024-07-31 14:39:23,2024-08-01 01:55:06,11:15:42.353859,1
3473,683,2024-07-31 14:37:21,2024-08-01 01:10:49,10:33:28.111947,1
3472,545,2024-07-31 13:52:41,2024-07-31 22:25:04,8:32:23.413447,1
3471,542,2024-07-31 13:52:27,2024-07-31 20:16:06,6:23:38.746441,1
3470,678,2024-07-31 13:50:57,2024-08-01 00:06:43,10:15:46.121977,1
3469,532,2024-07-31 12:44:55,2024-07-31 21:37:14,8:52:19.561022,1
3468,662,2024-07-31 12:44:40,2024-07-31 23:05:14,10:20:33.090055,1
3467,640,2024-07-31 12:29:43,2024-07-31 22:59:35,10:29:52.655122,1
3466,643,2024-07-31 12:29:42,2024-07-31 23:06:11,10:36:29.820811,1
3465,554,2024-07-31 11:43:45,2024-08-01 01:55:05,14:11:20.331088,1
3464,556,2024-07-31 11:41:33,2024-07-31 16:40:43,4:59:09.521073,1
3463,552,2024-07-31 11:38:39,2024-07-31 21:37:10,9:58:30.421029,1
3462,590,2024-07-31 11:31:56,2024-07-31 21:31:29,9:59:33.517472,1
3461,676,2024-07-31 10:50:15,2024-07-31 22:11:16,11:21:00.486435,0
3460,676,2024-07-31 10:41:38,2024-07-31 10:42:14,0:00:36.504058,1
3459,558,2024-07-31 10:33:07,2024-08-01 00:07:10,13:34:02.485143,1
3458,535,2024-07-31 10:32:14,2024-07-31 21:55:26,11:23:12.016741,1
3457,572,2024-07-31 10:32:07,2024-07-31 22:38:53,12:06:46.205478,1
3456,586,2024-07-31 10:31:36,2024-07-31 15:36:23,5:04:46.428313,1
3455,603,2024-07-31 10:30:41,2024-07-31 15:36:23,5:05:41.523840,1
3454,596,2024-07-31 10:28:56,2024-07-31 22:11:01,11:42:05.033598,1
3453,635,2024-07-31 10:22:06,2024-07-31 23:08:41,12:46:34.166202,1
3452,565,2024-07-31 10:21:59,2024-07-31 22:18:52,11:56:52.142890,1
3451,601,2024-07-31 10:17:46,2024-07-31 15:36:22,5:18:36.898894,1
3450,581,2024-07-31 10:17:37,2024-07-31 15:36:23,5:18:45.091864,1
3449,564,2024-07-31 10:14:45,2024-07-31 21:39:37,11:24:51.922747,1
3448,597,2024-07-31 10:13:06,2024-07-31 23:43:04,13:29:57.876149,1
3447,627,2024-07-31 10:03:06,2024-07-31 14:33:36,4:30:29.635345,1
3446,612,2024-07-31 09:59:05,2024-08-01 01:10:49,15:11:44.029565,1
3445,674,2024-07-31 09:57:08,2024-07-31 22:13:32,12:16:23.655434,1
3444,582,2024-07-31 09:56:55,2024-07-31 23:10:04,13:13:08.963609,1
3443,615,2024-07-31 09:55:53,2024-07-31 22:16:39,12:20:45.453680,1
3442,574,2024-07-31 09:55:35,2024-07-31 12:26:52,2:31:17.237775,1
3441,591,2024-07-31 09:55:18,2024-07-31 22:32:40,12:37:22.611476,1
3440,592,2024-07-31 09:54:54,2024-08-01 01:10:37,15:15:42.918053,1
3439,634,2024-07-31 09:52:53,2024-07-31 21:39:32,11:46:38.444797,1
3438,621,2024-07-31 09:51:34,2024-08-01 01:10:37,15:19:02.981454,1
3437,534,2024-07-31 09:50:25,2024-07-31 23:05:25,13:14:59.909081,1
3436,583,2024-07-31 09:48:06,2024-07-31 22:19:42,12:31:36.421184,1
3435,614,2024-07-31 09:46:59,2024-07-31 16:53:43,7:06:43.462525,1
3434,575,2024-07-31 09:46:12,2024-08-01 00:07:14,14:21:01.862597,1
3433,673,2024-07-31 09:46:02,2024-07-31 23:07:03,13:21:00.317266,1
3432,528,2024-07-31 09:46:01,2024-07-31 22:55:58,13:09:57.339522,1
3431,672,2024-07-31 09:44:39,2024-07-31 23:08:35,13:23:55.815283,1
3430,681,2024-07-31 09:44:24,2024-08-01 01:10:37,15:26:13.316159,1
3429,682,2024-07-31 09:44:14,2024-08-01 01:55:05,16:10:51.798572,1
3428,670,2024-07-31 09:43:42,2024-08-01 01:55:06,16:11:23.299734,1
3427,654,2024-07-31 09:43:29,2024-07-31 20:39:49,10:56:20.475968,1
3426,624,2024-07-31 09:42:40,2024-07-31 16:13:12,6:30:32.776571,1
3425,609,2024-07-31 09:42:26,2024-07-31 16:13:08,6:30:42.253297,1
3424,679,2024-07-31 09:42:08,2024-08-01 01:55:05,16:12:57.353729,1
3423,665,2024-07-31 09:41:49,2024-07-31 15:45:11,6:03:22.250548,1
3422,666,2024-07-31 09:41:47,2024-07-31 16:08:29,6:26:42.044418,1
3421,549,2024-07-31 09:41:27,2024-07-31 22:26:00,12:44:33.001484,1
3420,562,2024-07-31 09:41:25,2024-07-31 13:05:42,3:24:16.940465,1
3419,518,2024-07-31 09:41:07,2024-08-01 01:55:06,16:13:58.136094,1
3418,663,2024-07-31 09:40:58,2024-07-31 23:06:36,13:25:37.911083,1
3417,664,2024-07-31 09:40:56,2024-07-31 23:09:22,13:28:26.088981,1
3416,661,2024-07-31 09:40:23,2024-07-31 19:59:33,10:19:09.308405,1
3415,675,2024-07-31 09:40:06,2024-08-01 01:10:49,15:30:43.279529,1
3414,511,2024-07-31 09:39:44,2024-07-31 17:46:01,8:06:17.703757,1
3413,667,2024-07-31 09:39:43,2024-07-31 17:49:13,8:09:29.566789,1
3412,620,2024-07-31 09:39:25,2024-08-01 01:10:37,15:31:12.099811,1
3411,551,2024-07-31 09:38:57,2024-08-01 00:13:23,14:34:25.474805,1
3410,628,2024-07-31 09:38:46,2024-07-31 22:26:13,12:47:27.341547,1
3409,622,2024-07-31 09:38:24,2024-07-31 21:06:14,11:27:49.716456,1
3408,626,2024-07-31 09:38:07,2024-07-31 23:09:55,13:31:47.436766,1
3407,514,2024-07-31 09:37:54,2024-07-31 22:12:21,12:34:26.243946,1
3406,616,2024-07-31 09:37:37,2024-07-31 18:28:41,8:51:03.515171,1
3405,536,2024-07-31 09:35:46,2024-08-01 01:55:05,16:19:19.674259,1
3404,619,2024-07-31 09:35:28,2024-07-31 20:07:27,10:31:59.043685,1
3403,629,2024-07-31 09:35:22,2024-08-01 00:15:02,14:39:40.173894,1
3402,630,2024-07-31 09:35:08,2024-07-31 20:13:03,10:37:54.860329,1
3401,520,2024-07-31 09:28:48,2024-07-31 23:07:19,13:38:30.878894,1
3400,613,2024-07-31 09:28:24,2024-07-31 21:30:06,12:01:41.952415,1
3399,656,2024-07-31 09:24:24,2024-07-31 23:05:40,13:41:16.313559,1
3398,515,2024-07-31 09:23:53,2024-07-31 22:31:43,13:07:50.625704,1
3397,525,2024-07-31 09:20:10,2024-08-01 01:10:37,15:50:26.891437,1
3396,524,2024-07-31 09:20:07,2024-07-31 23:06:58,13:46:50.713391,1
3395,680,2024-07-31 09:15:04,2024-07-31 22:16:27,13:01:23.077572,1
3394,544,2024-07-31 09:14:25,2024-07-31 23:14:26,14:00:00.186523,1
3393,660,2024-07-31 08:58:53,2024-08-01 01:10:49,16:11:55.978459,1
3392,659,2024-07-31 08:58:48,2024-08-01 01:55:06,16:56:17.200379,1
3391,513,2024-07-31 08:56:43,2024-08-01 01:10:37,16:13:53.993020,1
3390,611,2024-07-31 08:56:29,2024-08-01 01:10:37,16:14:07.281634,1
3389,521,2024-07-31 08:56:21,2024-08-01 01:10:37,16:14:15.436362,1
3388,558,2024-07-30 20:46:32,2024-07-30 22:28:43,1:42:10.239725,0
3387,595,2024-07-30 20:28:33,2024-07-30 20:44:07,0:15:34.571687,1
3386,636,2024-07-30 17:30:24,2024-07-30 20:48:24,3:18:00.220081,1
3385,599,2024-07-30 17:28:21,2024-07-30 20:06:04,2:37:42.303022,1
3384,549,2024-07-30 17:17:21,2024-07-30 21:00:09,3:42:47.246877,1
3383,560,2024-07-30 16:39:40,2024-07-30 20:36:49,3:57:08.316367,1
3382,632,2024-07-30 16:35:02,2024-07-30 21:00:09,4:25:07.163625,1
3381,647,2024-07-30 16:30:36,2024-07-30 20:56:54,4:26:17.924048,1
3380,584,2024-07-30 16:30:35,2024-07-30 20:56:54,4:26:18.632706,1
3379,639,2024-07-30 15:55:52,2024-07-30 21:22:20,5:26:28.054443,1
3378,668,2024-07-30 14:33:46,2024-07-30 22:58:44,8:24:57.747431,1
3377,683,2024-07-30 14:05:07,2024-07-30 22:58:44,8:53:36.627586,1
3376,629,2024-07-30 13:09:52,2024-07-30 22:58:43,9:48:50.875349,1
3375,591,2024-07-30 12:02:37,2024-07-31 00:19:45,12:17:07.919604,1
3374,590,2024-07-30 11:41:31,2024-07-30 22:10:27,10:28:55.638205,1
3373,552,2024-07-30 11:34:04,2024-07-30 20:21:17,8:47:13.697011,1
3372,565,2024-07-30 11:25:36,2024-07-31 00:19:46,12:54:09.207135,1
3371,572,2024-07-30 10:50:32,2024-07-30 20:54:30,10:03:57.621389,1
3370,564,2024-07-30 10:46:03,2024-07-30 20:16:40,9:30:37.526494,1
3369,581,2024-07-30 10:26:32,2024-07-30 19:45:16,9:18:44.016076,1
3368,592,2024-07-30 10:25:46,2024-07-30 20:56:53,10:31:07.837882,1
3367,675,2024-07-30 10:21:46,2024-07-30 20:56:54,10:35:07.268722,1
3366,601,2024-07-30 10:20:36,2024-07-30 18:50:35,8:29:58.927458,1
3365,535,2024-07-30 10:18:36,2024-07-31 00:19:46,14:01:09.910838,1
3364,596,2024-07-30 10:09:56,2024-07-30 18:52:35,8:42:38.101365,1
3363,545,2024-07-30 10:08:31,2024-07-31 00:19:46,14:11:15.181415,1
3362,678,2024-07-30 10:08:23,2024-07-31 00:19:46,14:11:22.270666,1
3361,674,2024-07-30 10:08:16,2024-07-30 22:58:43,12:50:27.102932,1
3360,648,2024-07-30 10:07:42,2024-07-30 21:09:41,11:01:58.832373,1
3359,649,2024-07-30 10:07:38,2024-07-30 21:09:46,11:02:07.762517,1
3358,684,2024-07-30 10:07:37,2024-07-30 20:56:54,10:49:16.389510,1
3357,577,2024-07-30 10:07:19,2024-07-30 21:09:39,11:02:20.257121,1
3356,660,2024-07-30 10:05:22,2024-07-30 14:43:41,4:38:18.560794,1
3355,659,2024-07-30 10:05:21,2024-07-30 15:05:12,4:59:51.453541,1
3354,635,2024-07-30 10:04:02,2024-07-30 21:19:55,11:15:52.387387,1
3353,628,2024-07-30 10:02:32,2024-07-30 22:58:43,12:56:11.217385,1
3352,615,2024-07-30 09:59:07,2024-07-30 20:36:52,10:37:44.988903,1
3351,643,2024-07-30 09:58:47,2024-07-30 20:56:54,10:58:06.684985,1
3350,640,2024-07-30 09:58:43,2024-07-30 21:00:09,11:01:25.698820,1
3349,583,2024-07-30 09:58:19,2024-07-30 20:36:18,10:37:58.872673,1
3348,536,2024-07-30 09:58:06,2024-07-31 00:19:46,14:21:40.020284,1
3347,617,2024-07-30 09:57:49,2024-07-30 21:00:09,11:02:20.274283,1
3346,556,2024-07-30 09:56:22,2024-07-30 19:45:28,9:49:06.335514,1
3345,529,2024-07-30 09:56:02,2024-07-30 18:44:19,8:48:16.869324,1
3344,619,2024-07-30 09:55:33,2024-07-30 22:10:27,12:14:54.156813,1
3343,657,2024-07-30 09:54:48,2024-07-30 15:10:58,5:16:10.126687,1
3342,630,2024-07-30 09:54:28,2024-07-30 20:21:44,10:27:16.159573,1
3341,597,2024-07-30 09:54:20,2024-07-30 22:10:27,12:16:06.749013,1
3340,661,2024-07-30 09:54:20,2024-07-30 20:50:27,10:56:06.600725,1
3339,670,2024-07-30 09:54:03,2024-07-30 22:58:44,13:04:40.603836,1
3338,554,2024-07-30 09:54:01,2024-07-30 20:56:53,11:02:52.716063,1
3337,682,2024-07-30 09:53:40,2024-07-30 20:39:32,10:45:51.911546,1
3336,667,2024-07-30 09:53:24,2024-07-30 14:50:12,4:56:47.186004,1
3335,662,2024-07-30 09:53:11,2024-07-30 17:02:11,7:08:59.794194,1
3334,624,2024-07-30 09:52:51,2024-07-30 16:26:53,6:34:01.452146,1
3333,609,2024-07-30 09:52:49,2024-07-30 17:18:42,7:25:52.257910,1
3332,514,2024-07-30 09:52:22,2024-07-30 17:39:45,7:47:22.764247,1
3331,551,2024-07-30 09:51:54,2024-07-31 00:19:46,14:27:51.799962,1
3330,513,2024-07-30 09:51:43,2024-07-30 22:58:43,13:07:00.901194,1
3329,575,2024-07-30 09:51:28,2024-07-30 21:34:11,11:42:43.115629,1
3328,679,2024-07-30 09:51:09,2024-07-30 15:08:15,5:17:06.099630,1
3327,621,2024-07-30 09:50:44,2024-07-30 22:10:27,12:19:43.370951,1
3326,525,2024-07-30 09:50:30,2024-07-30 22:10:27,12:19:57.270188,1
3325,524,2024-07-30 09:50:27,2024-07-30 22:10:08,12:19:40.726924,1
3324,622,2024-07-30 09:50:25,2024-07-30 22:29:01,12:38:35.396287,1
3323,558,2024-07-30 09:50:21,2024-07-30 20:43:32,10:53:11.326366,1
3322,620,2024-07-30 09:50:07,2024-07-30 21:00:09,11:10:02.065111,1
3321,614,2024-07-30 09:49:56,2024-07-30 17:01:38,7:11:41.628250,1
3320,594,2024-07-30 09:49:43,2024-07-30 20:43:41,10:53:57.652774,1
3319,616,2024-07-30 09:49:42,2024-07-30 19:19:19,9:29:36.952903,1
3318,654,2024-07-30 09:49:21,2024-07-30 20:56:54,11:07:32.263221,1
3317,528,2024-07-30 09:48:57,2024-07-30 21:00:09,11:11:12.282198,1
3316,673,2024-07-30 09:48:52,2024-07-30 21:00:09,11:11:16.557676,1
3315,520,2024-07-30 09:48:34,2024-07-30 22:10:27,12:21:53.530246,1
3314,511,2024-07-30 09:48:24,2024-07-30 17:38:28,7:50:04.420180,1
3313,544,2024-07-30 09:48:09,2024-07-30 21:00:09,11:11:59.665592,1
3312,681,2024-07-30 09:47:57,2024-07-30 21:00:09,11:12:11.544330,1
3311,669,2024-07-30 09:47:47,2024-07-30 22:10:27,12:22:39.718268,1
3310,518,2024-07-30 09:47:33,2024-07-30 20:54:40,11:07:07.012231,1
3309,665,2024-07-30 09:47:12,2024-07-30 20:01:07,10:13:55.598179,1
3308,666,2024-07-30 09:47:06,2024-07-30 09:47:18,0:00:12.404530,1
3307,534,2024-07-30 09:46:45,2024-07-30 22:58:43,13:11:57.784961,1
3306,611,2024-07-30 09:46:32,2024-07-30 20:56:53,11:10:21.428517,1
3305,676,2024-07-30 09:46:21,2024-07-30 21:21:19,11:34:57.351574,1
3304,574,2024-07-30 09:46:12,2024-07-31 00:19:46,14:33:33.316996,1
3303,515,2024-07-30 09:46:03,2024-07-31 00:19:46,14:33:42.277023,1
3302,521,2024-07-30 09:45:44,2024-07-31 00:19:45,14:34:01.773251,1
3301,562,2024-07-30 09:45:40,2024-07-30 22:10:27,12:24:47.448103,1
3300,582,2024-07-30 09:45:23,2024-07-30 21:30:09,11:44:46.534515,1
3299,626,2024-07-30 09:45:06,2024-07-30 22:10:27,12:25:21.093608,1
3298,532,2024-07-30 09:44:31,2024-07-30 22:58:43,13:14:12.197829,1
3297,613,2024-07-30 09:44:11,2024-07-30 21:00:09,11:15:57.829080,1
3296,663,2024-07-30 09:43:50,2024-07-30 20:54:56,11:11:05.929551,1
3295,664,2024-07-30 09:43:47,2024-07-30 20:54:53,11:11:05.545740,1
3294,672,2024-07-30 09:43:27,2024-07-30 20:45:32,11:02:04.848194,1
3293,656,2024-07-30 09:42:50,2024-07-30 22:58:43,13:15:53.612771,1
3292,680,2024-07-30 09:42:20,2024-07-30 20:56:54,11:14:33.729266,1
3291,634,2024-07-30 09:42:07,2024-07-30 22:10:27,12:28:20.167201,1
3290,659,2024-07-29 19:54:27,2024-07-30 00:11:07,4:16:40.068905,0
3289,647,2024-07-29 19:21:13,2024-07-29 23:17:43,3:56:29.851090,1
3288,639,2024-07-29 17:58:05,2024-07-29 19:15:15,1:17:10.080418,0
3287,584,2024-07-29 16:41:23,2024-07-29 23:08:59,6:27:35.602419,1
3286,632,2024-07-29 16:39:40,2024-07-29 19:08:33,2:28:52.727202,1
3285,577,2024-07-29 16:27:04,2024-07-29 23:16:35,6:49:31.456349,1
3284,674,2024-07-29 14:41:46,2024-07-29 23:23:42,8:41:55.288779,1
3283,542,2024-07-29 13:30:05,2024-07-29 20:45:24,7:15:19.452698,1
3282,595,2024-07-29 12:26:25,2024-07-29 16:22:51,3:56:25.662204,1
3281,683,2024-07-29 11:44:45,2024-07-30 00:36:58,12:52:13.036663,1
3280,552,2024-07-29 11:30:50,2024-07-29 20:48:17,9:17:27.727566,1
3279,621,2024-07-29 11:28:44,2024-07-29 23:25:35,11:56:51.316216,1
3278,525,2024-07-29 11:28:35,2024-07-29 23:25:34,11:56:58.500848,1
3277,524,2024-07-29 11:28:34,2024-07-29 23:25:33,11:56:58.238962,1
3276,639,2024-07-29 11:22:33,2024-07-29 17:58:01,6:35:27.999060,1
3275,529,2024-07-29 10:53:00,2024-07-29 16:42:53,5:49:53.344156,0
3274,614,2024-07-29 10:52:41,2024-07-29 15:12:08,4:19:27.290611,0
3273,612,2024-07-29 10:51:51,2024-07-29 14:58:31,4:06:39.853728,1
3272,601,2024-07-29 10:21:54,2024-07-29 16:06:40,5:44:46.481921,1
3271,590,2024-07-29 10:20:52,2024-07-29 19:19:05,8:58:12.918689,1
3270,545,2024-07-29 10:20:45,2024-07-29 20:45:43,10:24:57.707132,1
3269,678,2024-07-29 10:20:36,2024-07-29 20:45:47,10:25:10.263258,1
3268,561,2024-07-29 10:20:06,2024-07-29 16:27:45,6:07:38.638968,1
3267,568,2024-07-29 10:20:01,2024-07-29 16:25:02,6:05:00.341448,1
3266,572,2024-07-29 10:19:07,2024-07-30 00:11:37,13:52:29.631627,1
3265,565,2024-07-29 10:18:36,2024-07-29 23:08:21,12:49:44.871246,1
3264,564,2024-07-29 10:18:04,2024-07-29 21:19:24,11:01:20.112117,1
3263,586,2024-07-29 10:15:26,2024-07-29 15:09:48,4:54:22.393554,1
3262,660,2024-07-29 10:08:48,2024-07-29 23:17:58,13:09:10.122268,1
3261,659,2024-07-29 10:08:46,2024-07-29 16:56:08,6:47:21.323780,1
3260,649,2024-07-29 10:08:20,2024-07-29 21:43:57,11:35:36.289407,1
3259,648,2024-07-29 10:08:11,2024-07-29 21:43:55,11:35:43.916730,1
3258,618,2024-07-29 10:07:33,2024-07-30 02:10:27,16:02:53.456019,1
3257,608,2024-07-29 10:07:26,2024-07-30 02:10:26,16:03:00.002799,1
3256,535,2024-07-29 10:06:22,2024-07-30 00:11:09,14:04:47.446158,1
3255,597,2024-07-29 10:04:55,2024-07-29 21:41:24,11:36:29.443089,1
3254,635,2024-07-29 10:01:14,2024-07-30 00:12:04,14:10:50.150424,1
3253,636,2024-07-29 10:01:07,2024-07-29 22:08:15,12:07:07.906375,1
3252,599,2024-07-29 10:00:56,2024-07-29 22:08:22,12:07:25.765097,1
3251,556,2024-07-29 09:55:23,2024-07-29 16:05:32,6:10:08.573582,1
3250,562,2024-07-29 09:54:50,2024-07-29 23:09:16,13:14:26.324947,1
3249,596,2024-07-29 09:54:31,2024-07-29 20:47:15,10:52:44.480243,1
3248,515,2024-07-29 09:52:18,2024-07-29 23:15:58,13:23:40.910680,1
3247,623,2024-07-29 09:51:17,2024-07-29 15:27:45,5:36:28.230609,1
3246,615,2024-07-29 09:49:51,2024-07-29 20:49:56,11:00:04.627834,1
3245,592,2024-07-29 09:48:32,2024-07-30 02:10:26,16:21:54.586497,1
3244,675,2024-07-29 09:46:20,2024-07-29 23:04:31,13:18:11.058172,1
3243,667,2024-07-29 09:45:49,2024-07-29 14:09:10,4:23:20.577487,1
3242,669,2024-07-29 09:43:53,2024-07-30 02:10:26,16:26:33.344825,1
3241,574,2024-07-29 09:40:33,2024-07-30 02:10:27,16:29:53.269194,1
3240,650,2024-07-29 09:40:21,2024-07-30 00:36:58,14:56:37.265857,1
3239,609,2024-07-29 09:40:03,2024-07-29 16:01:43,6:21:40.153097,1
3238,624,2024-07-29 09:40:01,2024-07-29 16:02:07,6:22:06.646601,1
3237,661,2024-07-29 09:39:11,2024-07-29 17:02:11,7:22:59.234817,1
3236,582,2024-07-29 09:38:32,2024-07-29 23:18:52,13:40:20.413594,1
3235,583,2024-07-29 09:38:00,2024-07-29 21:55:56,12:17:56.882056,1
3234,644,2024-07-29 09:37:49,2024-07-29 17:10:17,7:32:27.517469,1
3233,532,2024-07-29 09:37:32,2024-07-29 21:23:55,11:46:23.156079,1
3232,616,2024-07-29 09:37:11,2024-07-29 18:45:30,9:08:18.930521,1
3231,513,2024-07-29 09:35:52,2024-07-29 23:29:02,13:53:09.858857,1
3230,670,2024-07-29 09:34:44,2024-07-29 20:55:27,11:20:42.254997,1
3229,682,2024-07-29 09:34:28,2024-07-29 20:55:25,11:20:56.768217,1
3228,676,2024-07-29 09:34:18,2024-07-29 15:14:21,5:40:03.445030,1
3226,673,2024-07-29 09:33:28,2024-07-29 18:40:31,9:07:02.596677,1
3225,528,2024-07-29 09:33:26,2024-07-29 18:40:32,9:07:06.176085,1
3224,594,2024-07-29 09:33:05,2024-07-29 23:16:53,13:43:48.644222,1
3223,628,2024-07-29 09:32:55,2024-07-30 02:10:26,16:37:31.209385,1
3222,630,2024-07-29 09:32:44,2024-07-30 00:11:24,14:38:39.280707,1
3221,613,2024-07-29 09:32:29,2024-07-29 23:17:06,13:44:36.236692,1
3220,622,2024-07-29 09:32:16,2024-07-29 20:41:49,11:09:32.952760,1
3219,634,2024-07-29 09:31:41,2024-07-30 00:11:18,14:39:37.002877,1
3218,679,2024-07-29 09:31:29,2024-07-29 16:55:43,7:24:13.264281,1
3217,518,2024-07-29 09:30:54,2024-07-30 02:10:27,16:39:32.751924,1
3216,665,2024-07-29 09:30:44,2024-07-29 18:07:10,8:36:26.317296,1
3215,666,2024-07-29 09:30:41,2024-07-29 16:53:13,7:22:31.867500,1
3214,617,2024-07-29 09:30:20,2024-07-29 17:37:24,8:07:04.277579,1
3213,551,2024-07-29 09:29:46,2024-07-29 23:27:29,13:57:42.851232,1
3212,575,2024-07-29 09:29:15,2024-07-29 23:34:23,14:05:08.200368,1
3211,554,2024-07-29 09:28:58,2024-07-29 23:23:23,13:54:25.200047,1
3210,626,2024-07-29 09:28:55,2024-07-29 23:16:24,13:47:28.822776,1
3209,521,2024-07-29 09:28:39,2024-07-29 23:08:11,13:39:32.749388,1
3208,672,2024-07-29 09:28:21,2024-07-30 02:10:27,16:42:05.739314,1
3207,619,2024-07-29 09:28:03,2024-07-29 20:46:25,11:18:21.822120,1
3206,657,2024-07-29 09:27:30,2024-07-29 20:46:48,11:19:18.119115,1
3205,544,2024-07-29 09:27:17,2024-07-29 23:27:35,14:00:18.099007,1
3204,534,2024-07-29 09:26:59,2024-07-30 02:10:26,16:43:27.522231,1
3203,523,2024-07-29 09:26:46,2024-07-29 18:23:02,8:56:16.389047,1
3201,514,2024-07-29 09:26:07,2024-07-29 18:07:02,8:40:54.902423,1
3200,536,2024-07-29 09:25:42,2024-07-30 02:10:27,16:44:44.099474,1
3199,654,2024-07-29 09:25:33,2024-07-30 00:11:39,14:46:06.489484,1
3198,511,2024-07-29 09:25:12,2024-07-29 22:36:47,13:11:35.301988,1
3197,620,2024-07-29 09:24:47,2024-07-30 02:10:26,16:45:39.064141,1
3196,663,2024-07-29 09:24:38,2024-07-30 00:11:21,14:46:43.830963,1
3195,664,2024-07-29 09:24:07,2024-07-29 23:16:12,13:52:05.221711,1
3194,656,2024-07-29 09:23:55,2024-07-30 00:12:38,14:48:43.838082,1
3193,681,2024-07-29 09:23:39,2024-07-30 00:36:58,15:13:19.398784,1
3192,668,2024-07-29 09:23:24,2024-07-30 02:10:27,16:47:02.359941,1
3191,611,2024-07-29 09:22:53,2024-07-29 19:10:38,9:47:44.444415,1
3190,520,2024-07-29 09:22:16,2024-07-30 00:36:58,15:14:41.875587,1
3189,680,2024-07-29 09:22:09,2024-07-29 23:18:04,13:55:55.044504,1
3188,591,2024-07-29 09:21:56,2024-07-29 23:04:21,13:42:25.288299,1
3187,619,2024-07-28 15:29:44,2024-07-28 15:44:31,0:14:47.118929,1
3186,521,2024-07-28 15:25:41,2024-07-28 15:44:31,0:18:50.008749,0
3185,520,2024-07-28 14:44:50,2024-07-28 15:44:31,0:59:41.659420,0
3184,520,2024-07-28 14:40:21,2024-07-28 14:41:22,0:01:01.193510,0
3183,515,2024-07-28 13:29:04,2024-07-28 17:03:10,3:34:05.867676,1
3182,595,2024-07-28 11:47:46,2024-07-28 15:44:32,3:56:45.347801,1
3181,683,2024-07-28 10:37:13,2024-07-28 14:39:05,4:01:51.940511,1
3180,554,2024-07-28 10:19:22,2024-07-28 14:12:10,3:52:47.641607,1
3179,562,2024-07-28 10:05:48,2024-07-28 15:44:31,5:38:43.075178,1
3178,627,2024-07-28 09:57:26,2024-07-28 15:44:31,5:47:04.868137,1
3177,535,2024-07-28 09:51:56,2024-07-28 15:26:45,5:34:49.443320,1
3176,677,2024-07-28 09:51:26,2024-07-28 14:22:56,4:31:30.163216,1
3175,681,2024-07-28 09:50:53,2024-07-28 15:27:04,5:36:10.926349,1
3174,647,2024-07-28 09:50:34,2024-07-28 13:58:32,4:07:58.483073,1
3173,542,2024-07-28 09:50:08,2024-07-28 14:29:07,4:38:58.385946,1
3172,678,2024-07-28 09:49:47,2024-07-28 14:22:00,4:32:13.251360,1
3171,568,2024-07-28 09:28:30,2024-07-28 14:22:13,4:53:43.301928,1
3170,561,2024-07-28 09:28:16,2024-07-28 14:28:52,5:00:35.941108,1
3169,560,2024-07-28 09:26:05,2024-07-28 13:08:29,3:42:23.779471,1
3168,564,2024-07-28 09:21:54,2024-07-28 15:27:12,6:05:17.710016,1
3167,565,2024-07-28 09:12:34,2024-07-28 13:58:07,4:45:33.023699,1
3166,584,2024-07-28 09:12:26,2024-07-28 13:58:01,4:45:35.653982,1
3165,572,2024-07-28 09:10:04,2024-07-28 15:18:26,6:08:22.401784,1
3164,597,2024-07-28 09:09:54,2024-07-28 15:08:26,5:58:31.756110,1
3163,674,2024-07-28 09:04:08,2024-07-28 15:44:31,6:40:23.341640,1
3162,552,2024-07-28 09:00:58,2024-07-28 15:27:18,6:26:19.461068,1
3161,551,2024-07-28 08:50:36,2024-07-28 15:44:32,6:53:55.686601,1
3160,621,2024-07-28 08:46:43,2024-07-28 14:28:00,5:41:16.533189,1
3159,525,2024-07-28 08:46:33,2024-07-28 14:28:03,5:41:30.439668,1
3158,524,2024-07-28 08:46:27,2024-07-28 14:27:47,5:41:20.015138,1
3157,558,2024-07-28 08:46:11,2024-07-28 14:20:20,5:34:08.647889,1
3156,682,2024-07-28 08:45:41,2024-07-28 16:52:57,8:07:16.207189,1
3155,670,2024-07-28 08:45:20,2024-07-28 15:27:24,6:42:04.074405,1
3154,596,2024-07-28 08:42:45,2024-07-28 13:00:17,4:17:31.824552,0
3153,630,2024-07-28 08:42:28,2024-07-28 14:22:50,5:40:21.974853,1
3152,520,2024-07-28 08:38:41,2024-07-28 14:37:53,5:59:12.063188,1
3151,636,2024-07-28 08:38:22,2024-07-28 15:18:13,6:39:51.467686,0
3150,629,2024-07-28 08:38:03,2024-07-28 15:44:31,7:06:28.776904,1
3149,599,2024-07-28 08:37:59,2024-07-28 13:53:31,5:15:32.000522,0
3147,676,2024-07-28 08:37:32,2024-07-28 15:44:31,7:06:58.794512,1
3146,655,2024-07-28 08:37:14,2024-07-28 15:44:31,7:07:17.229026,1
3145,519,2024-07-28 08:36:57,2024-07-28 15:18:07,6:41:10.015481,1
3144,617,2024-07-28 08:36:48,2024-07-28 15:18:00,6:41:11.916987,1
3143,549,2024-07-28 08:36:43,2024-07-28 15:26:17,6:49:34.080769,1
3142,636,2024-07-28 08:36:20,2024-07-28 08:38:11,0:01:50.639564,1
3141,536,2024-07-28 08:35:35,2024-07-28 17:03:10,8:27:35.407169,1
3140,534,2024-07-28 08:34:00,2024-07-28 16:52:57,8:18:57.265186,1
3139,665,2024-07-28 08:33:38,2024-07-28 13:45:35,5:11:56.809487,1
3138,666,2024-07-28 08:33:34,2024-07-28 14:03:56,5:30:21.668503,1
3137,616,2024-07-28 08:33:04,2024-07-28 15:44:32,7:11:28.114078,1
3136,518,2024-07-28 08:32:51,2024-07-28 15:44:31,7:11:40.749965,1
3135,634,2024-07-28 08:32:41,2024-07-28 16:52:57,8:20:15.900814,1
3134,626,2024-07-28 08:32:34,2024-07-28 16:52:57,8:20:23.296731,1
3133,640,2024-07-28 08:32:10,2024-07-28 16:52:57,8:20:47.531124,1
3132,643,2024-07-28 08:32:06,2024-07-28 15:44:32,7:12:25.138942,1
3131,660,2024-07-28 08:31:50,2024-07-28 15:44:31,7:12:40.738796,1
3130,659,2024-07-28 08:31:47,2024-07-28 15:19:17,6:47:29.536388,1
3129,591,2024-07-28 08:30:46,2024-07-28 15:44:31,7:13:45.287789,1
3128,628,2024-07-28 08:29:50,2024-07-28 17:03:10,8:33:19.804132,1
3127,644,2024-07-28 08:29:35,2024-07-28 15:44:32,7:14:56.808706,1
3126,574,2024-07-28 08:29:28,2024-07-28 16:52:57,8:23:29.023975,1
3125,582,2024-07-28 08:29:15,2024-07-28 15:44:31,7:15:15.903644,1
3124,613,2024-07-28 08:29:04,2024-07-28 15:26:38,6:57:33.825522,1
3123,654,2024-07-28 08:23:59,2024-07-28 15:18:34,6:54:34.944678,1
3122,514,2024-07-28 08:23:15,2024-07-28 15:27:32,7:04:16.607643,1
3121,661,2024-07-28 08:22:38,2024-07-28 14:21:45,5:59:07.232247,1
3120,575,2024-07-28 08:20:18,2024-07-28 17:48:10,9:27:51.476923,1
3119,650,2024-07-28 08:19:26,2024-07-28 15:10:37,6:51:10.629617,1
3118,608,2024-07-28 08:19:07,2024-07-28 17:03:10,8:44:02.651420,1
3117,632,2024-07-28 08:18:28,2024-07-28 16:52:57,8:34:29.059560,1
3116,679,2024-07-28 08:17:46,2024-07-28 13:50:54,5:33:08.923349,1
3115,672,2024-07-28 08:16:58,2024-07-28 17:48:10,9:31:11.084523,1
3114,618,2024-07-28 08:16:39,2024-07-28 17:03:10,8:46:30.813962,1
3113,620,2024-07-28 08:16:02,2024-07-28 17:48:09,9:32:07.493665,1
3112,639,2024-07-28 08:15:35,2024-07-28 15:26:24,7:10:48.439111,1
3111,521,2024-07-28 08:13:39,2024-07-28 15:25:35,7:11:55.976594,1
3110,596,2024-07-28 08:13:28,2024-07-28 08:13:52,0:00:24.199908,1
3109,635,2024-07-28 08:13:18,2024-07-28 17:03:10,8:49:52.027752,1
3108,675,2024-07-28 08:13:01,2024-07-28 14:13:31,6:00:29.738769,1
3107,612,2024-07-28 08:12:02,2024-07-28 15:26:57,7:14:54.558056,1
3106,656,2024-07-28 08:09:49,2024-07-28 13:50:37,5:40:48.085593,1
3105,662,2024-07-28 08:09:30,2024-07-28 15:17:37,7:08:06.883788,1
3104,663,2024-07-28 08:06:13,2024-07-28 15:44:31,7:38:18.168149,1
3103,664,2024-07-28 08:06:11,2024-07-28 16:52:57,8:46:46.205888,1
3102,544,2024-07-28 08:05:40,2024-07-28 17:03:10,8:57:30.144909,1
3101,513,2024-07-28 08:05:24,2024-07-28 17:03:10,8:57:45.897403,1
3100,673,2024-07-28 08:03:28,2024-07-28 17:48:09,9:44:41.661413,1
3099,528,2024-07-28 08:03:23,2024-07-28 17:48:10,9:44:46.579811,1
3098,669,2024-07-28 08:02:52,2024-07-28 15:44:31,7:41:38.861001,1
3097,614,2024-07-28 08:02:38,2024-07-28 15:18:54,7:16:15.998596,1
3096,668,2024-07-28 08:01:47,2024-07-28 17:48:10,9:46:22.833293,1
3095,529,2024-07-28 08:01:10,2024-07-28 15:18:19,7:17:09.015043,1
3094,523,2024-07-28 08:00:47,2024-07-28 13:46:43,5:45:55.789731,1
3093,594,2024-07-28 07:58:52,2024-07-28 15:18:47,7:19:54.738797,1
3092,680,2024-07-28 07:58:52,2024-07-28 17:48:10,9:49:17.717786,0
3091,592,2024-07-28 07:58:30,2024-07-28 15:26:31,7:28:00.525152,1
3090,583,2024-07-28 07:58:16,2024-07-28 15:44:32,7:46:15.044626,1
3089,657,2024-07-28 07:57:51,2024-07-28 14:21:33,6:23:42.312127,0
3088,611,2024-07-28 07:57:38,2024-07-28 17:48:09,9:50:31.639093,0
3087,592,2024-07-28 07:42:45,2024-07-28 07:58:24,0:15:38.836429,1
3086,595,2024-07-27 16:09:19,2024-07-27 17:29:09,1:19:49.950064,0
3085,560,2024-07-27 13:47:10,2024-07-27 17:12:20,3:25:10.017056,1
3084,599,2024-07-27 12:26:04,2024-07-27 18:33:15,6:07:11.250917,0
3083,534,2024-07-27 12:02:29,2024-07-27 18:00:56,5:58:26.936764,1
3082,581,2024-07-27 11:26:33,2024-07-27 17:51:17,6:24:44.433916,1
3081,571,2024-07-27 11:21:39,2024-07-27 18:00:56,6:39:17.092697,0
3079,564,2024-07-27 09:54:32,2024-07-27 17:57:24,8:02:52.212847,1
3078,514,2024-07-27 09:54:12,2024-07-27 18:00:56,8:06:43.794444,1
3077,630,2024-07-27 09:53:59,2024-07-27 18:33:16,8:39:16.721075,1
3076,535,2024-07-27 09:53:46,2024-07-27 17:35:52,7:42:06.422429,1
3075,595,2024-07-27 09:42:22,2024-07-27 16:09:08,6:26:46.139994,1
3074,634,2024-07-27 09:22:20,2024-07-27 18:33:16,9:10:56.057071,1
3073,539,2024-07-27 09:20:49,2024-07-27 14:17:45,4:56:56.096640,1
3072,517,2024-07-27 09:20:31,2024-07-27 13:26:43,4:06:12.150567,1
3071,597,2024-07-27 09:19:59,2024-07-27 18:00:56,8:40:57.098423,1
3070,683,2024-07-27 09:05:47,2024-07-27 18:00:57,8:55:09.241456,1
3069,623,2024-07-27 08:59:31,2024-07-27 15:21:48,6:22:16.973743,1
3068,684,2024-07-27 08:40:25,2024-07-27 18:00:57,9:20:31.637854,1
3067,649,2024-07-27 08:39:49,2024-07-27 18:00:56,9:21:07.086158,1
3066,590,2024-07-27 08:38:48,2024-07-27 16:12:03,7:33:15.066095,1
3065,552,2024-07-27 08:38:23,2024-07-27 18:00:57,9:22:33.026857,1
3064,645,2024-07-27 08:37:32,2024-07-27 15:12:33,6:35:00.555398,1
3063,545,2024-07-27 08:36:51,2024-07-27 15:27:20,6:50:29.005918,1
3062,542,2024-07-27 08:36:39,2024-07-27 15:26:50,6:50:11.334057,1
3061,678,2024-07-27 08:36:22,2024-07-27 15:27:11,6:50:48.656994,1
3060,565,2024-07-27 08:35:40,2024-07-27 18:00:57,9:25:16.328167,1
3059,584,2024-07-27 08:35:38,2024-07-27 18:00:56,9:25:17.974811,1
3058,647,2024-07-27 08:35:22,2024-07-27 17:37:59,9:02:36.896263,1
3057,617,2024-07-27 08:34:15,2024-07-27 18:00:56,9:26:41.520287,1
3056,551,2024-07-27 08:34:00,2024-07-27 17:57:24,9:23:24.246055,1
3055,519,2024-07-27 08:33:48,2024-07-27 17:51:45,9:17:57.387336,1
3054,518,2024-07-27 08:33:25,2024-07-27 18:00:56,9:27:31.695729,1
3053,562,2024-07-27 08:33:23,2024-07-27 18:33:16,9:59:52.847338,1
3052,643,2024-07-27 08:32:49,2024-07-27 13:09:09,4:36:19.290611,0
3051,663,2024-07-27 08:32:36,2024-07-27 18:00:56,9:28:19.911767,1
3050,664,2024-07-27 08:32:34,2024-07-27 18:00:57,9:28:22.155843,1
3048,640,2024-07-27 08:32:09,2024-07-27 13:09:21,4:37:11.984324,1
3047,554,2024-07-27 08:31:52,2024-07-27 17:11:22,8:39:29.895661,1
3046,674,2024-07-27 08:31:47,2024-07-27 17:16:17,8:44:29.378399,1
3045,594,2024-07-27 08:31:23,2024-07-27 18:00:56,9:29:33.241507,1
3044,582,2024-07-27 08:31:21,2024-07-27 18:00:56,9:29:35.027420,1
3043,668,2024-07-27 08:30:50,2024-07-27 17:57:24,9:26:34.291497,1
3042,676,2024-07-27 08:30:46,2024-07-27 18:00:56,9:30:10.443011,1
3041,655,2024-07-27 08:29:30,2024-07-27 18:00:57,9:31:26.259604,1
3040,591,2024-07-27 08:29:20,2024-07-27 17:15:37,8:46:17.256874,1
3039,679,2024-07-27 08:28:56,2024-07-27 18:00:56,9:32:00.333307,1
3038,682,2024-07-27 08:28:34,2024-07-27 18:26:24,9:57:50.108662,1
3037,675,2024-07-27 08:28:09,2024-07-27 17:57:24,9:29:14.469061,1
3036,667,2024-07-27 08:27:59,2024-07-27 14:05:08,5:37:08.575317,1
3035,622,2024-07-27 08:27:44,2024-07-27 18:00:56,9:33:12.360433,1
3034,662,2024-07-27 08:26:56,2024-07-27 18:00:56,9:34:00.444813,1
3033,556,2024-07-27 08:26:47,2024-07-27 18:00:56,9:34:09.549411,1
3032,572,2024-07-27 08:26:33,2024-07-27 17:13:04,8:46:30.628096,1
3031,515,2024-07-27 08:26:20,2024-07-27 17:11:10,8:44:50.012512,1
3030,677,2024-07-27 08:25:57,2024-07-27 18:00:56,9:34:59.869275,1
3029,616,2024-07-27 08:25:44,2024-07-27 17:37:33,9:11:49.650541,1
3028,575,2024-07-27 08:25:26,2024-07-27 18:26:25,10:00:58.386033,1
3026,609,2024-07-27 08:25:08,2024-07-27 17:06:44,8:41:36.609896,1
3025,624,2024-07-27 08:25:06,2024-07-27 16:12:39,7:47:32.312886,1
3024,636,2024-07-27 08:25:05,2024-07-27 17:57:24,9:32:18.999028,1
3023,629,2024-07-27 08:24:14,2024-07-27 18:00:56,9:36:42.727574,1
3022,661,2024-07-27 08:24:01,2024-07-27 14:05:06,5:41:04.983270,1
3021,618,2024-07-27 08:23:14,2024-07-27 17:57:24,9:34:09.935655,1
3020,608,2024-07-27 08:23:01,2024-07-27 18:00:56,9:37:55.282317,1
3019,670,2024-07-27 08:22:53,2024-07-27 18:00:57,9:38:04.021167,1
3018,669,2024-07-27 08:22:34,2024-07-27 18:26:24,10:03:50.408449,1
3017,672,2024-07-27 08:22:22,2024-07-27 18:00:56,9:38:34.778080,1
3016,635,2024-07-27 08:22:05,2024-07-27 18:26:24,10:04:19.778031,1
3015,613,2024-07-27 08:21:57,2024-07-27 18:26:24,10:04:27.177409,1
3014,628,2024-07-27 08:21:39,2024-07-27 17:57:24,9:35:44.994774,1
3013,654,2024-07-27 08:21:00,2024-07-27 18:33:16,10:12:15.735170,1
3012,532,2024-07-27 08:20:37,2024-07-27 17:37:44,9:17:06.731272,1
3011,656,2024-07-27 08:20:08,2024-07-27 17:44:30,9:24:21.919115,1
3010,632,2024-07-27 08:19:31,2024-07-27 17:07:13,8:47:41.652250,1
3009,614,2024-07-27 08:18:42,2024-07-27 17:13:18,8:54:35.424271,1
3008,644,2024-07-27 08:18:15,2024-07-27 17:38:15,9:19:59.867093,1
3007,574,2024-07-27 08:17:47,2024-07-27 18:00:57,9:43:09.740004,1
3006,599,2024-07-27 08:17:18,2024-07-27 09:31:13,1:13:54.918659,1
3005,660,2024-07-27 08:16:57,2024-07-27 16:09:31,7:52:34.772003,1
3004,659,2024-07-27 08:16:51,2024-07-27 17:16:05,8:59:13.833370,1
3003,558,2024-07-27 08:15:59,2024-07-27 18:26:24,10:10:25.635248,1
3002,621,2024-07-27 08:15:31,2024-07-27 18:33:15,10:17:44.542518,1
3001,525,2024-07-27 08:15:00,2024-07-27 18:33:16,10:18:15.200894,1
3000,524,2024-07-27 08:14:47,2024-07-27 18:33:16,10:18:28.393380,1
2999,673,2024-07-27 08:13:18,2024-07-27 17:13:57,9:00:38.452154,1
2998,528,2024-07-27 08:13:12,2024-07-27 17:51:02,9:37:50.220608,1
2997,544,2024-07-27 08:12:34,2024-07-27 18:26:24,10:13:50.480189,1
2996,521,2024-07-27 08:11:42,2024-07-27 17:57:24,9:45:41.700912,1
2995,549,2024-07-27 08:11:28,2024-07-27 17:23:29,9:12:01.717605,1
2994,681,2024-07-27 08:10:21,2024-07-27 18:00:56,9:50:35.509034,1
2993,657,2024-07-27 08:09:30,2024-07-27 18:26:25,10:16:54.574926,1
2992,620,2024-07-27 08:08:54,2024-07-27 18:26:24,10:17:30.070025,1
2991,596,2024-07-27 08:08:10,2024-07-27 15:16:24,7:08:13.531769,1
2990,627,2024-07-27 08:07:45,2024-07-27 16:11:35,8:03:50.478946,1
2989,611,2024-07-27 08:06:41,2024-07-27 18:00:56,9:54:15.333839,1
2988,680,2024-07-27 08:06:01,2024-07-27 18:33:16,10:27:14.801441,1
2987,513,2024-07-27 08:05:20,2024-07-27 18:00:56,9:55:36.114939,1
2986,665,2024-07-27 08:04:16,2024-07-27 17:51:49,9:47:32.115990,1
2985,666,2024-07-27 08:04:14,2024-07-27 18:26:24,10:22:10.599823,1
2984,650,2024-07-27 08:00:18,2024-07-27 18:00:57,10:00:38.856747,1
2983,626,2024-07-27 07:59:21,2024-07-27 18:00:56,10:01:35.314226,1
2982,536,2024-07-27 07:58:33,2024-07-27 17:57:24,9:58:51.239695,1
2981,520,2024-07-27 07:54:50,2024-07-27 18:33:16,10:38:25.118895,1
2357,556,2023-08-06 11:30:12,2023-08-06 22:30:12,11:00:00,1
2356,599,2023-08-06 12:10:17,2023-08-06 22:10:17,10:00:00,1
2355,596,2023-08-06 11:48:36,2023-08-06 21:48:36,10:00:00,1
2354,565,2023-08-06 11:32:20,2023-08-06 22:32:20,11:00:00,1
2353,587,2023-08-06 11:30:14,2023-08-06 22:30:14,11:00:00,1
2352,513,2023-08-06 11:25:33,2023-08-06 22:25:33,11:00:00,1
2351,557,2023-08-06 11:24:52,2023-08-06 22:24:52,11:00:00,1
2350,581,2023-08-06 11:20:21,2023-08-06 22:20:21,11:00:00,1
2349,562,2023-08-06 11:19:28,2023-08-06 22:19:28,11:00:00,1
2348,580,2023-08-06 11:02:24,2023-08-06 22:02:24,11:00:00,1
2347,592,2023-08-06 11:02:20,2023-08-06 22:02:20,11:00:00,1
2346,597,2023-08-06 11:00:15,2023-08-06 22:00:15,11:00:00,1
2345,554,2023-08-06 10:52:16,2023-08-06 21:52:16,11:00:00,1
2344,549,2023-08-06 10:50:45,2023-08-06 21:50:45,11:00:00,1
2343,591,2023-08-06 10:50:35,2023-08-06 21:50:35,11:00:00,1
2342,574,2023-08-06 10:50:29,2023-08-06 21:50:29,11:00:00,1
2341,644,2023-08-06 10:50:22,2023-08-06 21:50:22,11:00:00,1
2340,553,2023-08-06 10:47:35,2023-08-06 21:47:35,11:00:00,1
2339,572,2023-08-06 10:39:35,2023-08-06 21:39:35,11:00:00,1
2338,582,2023-08-06 10:38:39,2023-08-06 21:38:39,11:00:00,1
2337,583,2023-08-06 10:38:17,2023-08-06 21:38:17,11:00:00,1
2336,525,2023-08-06 10:37:58,2023-08-06 21:37:58,11:00:00,1
2335,593,2023-08-06 10:54:47,2023-08-06 15:16:45,4:21:58,1
2334,550,2023-08-06 10:54:46,2023-08-06 15:16:44,4:21:58,1
2333,520,2023-08-06 10:35:46,2023-08-06 21:35:46,11:00:00,1
2332,594,2023-08-06 10:35:39,2023-08-06 21:35:39,11:00:00,1
2331,552,2023-08-06 10:35:26,2023-08-06 21:35:26,11:00:00,1
2330,524,2023-08-06 10:37:55,2023-08-06 21:37:55,11:00:00,1
2329,552,2023-08-05 12:19:15,2023-08-05 21:48:20,9:29:05,1
2328,525,2023-08-05 12:31:01,2023-08-05 22:07:01,9:36:00,1
2327,587,2023-08-05 13:01:53,2023-08-06 00:36:22,11:34:29,1
2326,583,2023-08-05 12:51:32,2023-08-05 23:07:01,10:15:29,1
2325,574,2023-08-05 10:59:18,2023-08-05 23:07:01,12:07:43,1
2324,520,2023-08-05 10:52:31,2023-08-06 00:36:22,13:43:51,1
2323,554,2023-08-05 12:59:52,2023-08-05 23:07:01,10:07:09,1
2322,597,2023-08-05 12:23:23,2023-08-06 00:36:22,12:12:59,1
2321,550,2023-08-05 12:41:25,2023-08-06 00:36:22,11:54:57,1
2320,596,2023-08-05 13:17:55,2023-08-05 23:07:01,9:49:06,1
2319,593,2023-08-05 12:41:22,2023-08-06 00:36:23,11:55:01,1
2318,578,2023-08-05 12:19:09,2023-08-05 23:07:01,10:47:52,1
2317,572,2023-08-05 12:14:34,2023-08-05 22:11:58,9:57:24,1
2316,553,2023-08-05 12:55:37,2023-08-06 00:36:22,11:40:45,1
2315,589,2023-08-05 11:11:38,2023-08-05 23:04:04,11:52:26,1
2314,524,2023-08-05 12:31:00,2023-08-05 22:07:03,9:36:03,1
2313,565,2023-08-05 12:44:38,2023-08-05 22:09:32,9:24:54,1
2312,580,2023-08-05 12:19:07,2023-08-06 00:36:22,12:17:15,1
2311,590,2023-08-05 13:25:46,2023-08-06 00:36:22,11:10:36,1
2310,589,2023-08-05 10:44:00,2023-08-05 11:01:18,0:17:18,1
2309,598,2023-08-04 14:30:46,2023-08-04 23:31:44,9:00:58,1
2308,580,2023-08-04 10:50:45,2023-08-04 23:31:44,12:40:59,1
2307,581,2023-08-04 10:51:21,2023-08-04 23:31:44,12:40:23,1
2306,566,2023-08-04 12:10:56,2023-08-04 23:31:44,11:20:48,1
2305,578,2023-08-04 10:51:05,2023-08-04 23:31:44,12:40:39,1
2304,588,2023-08-04 14:54:49,2023-08-04 23:31:44,8:36:55,1
2303,571,2023-08-04 12:45:18,2023-08-04 23:31:44,10:46:26,1
2302,599,2023-08-04 11:30:43,2023-08-04 23:31:44,12:01:01,1
2301,591,2023-08-04 10:46:47,2023-08-04 23:31:44,12:44:57,1
2300,584,2023-08-04 11:53:15,2023-08-04 23:31:44,11:38:29,1
2299,589,2023-08-04 15:40:32,2023-08-04 23:31:44,7:51:12,1
2298,520,2023-08-04 10:43:16,2023-08-04 23:31:44,12:48:28,1
2297,549,2023-08-04 11:35:14,2023-08-04 23:31:44,11:56:30,1
2296,534,2023-08-04 10:36:49,2023-08-04 23:31:44,12:54:55,1
2295,554,2023-08-04 11:14:07,2023-08-04 23:31:44,12:17:37,1
2294,532,2023-08-04 10:30:24,2023-08-04 23:31:44,13:01:20,1
2293,635,2023-08-04 10:26:57,2023-08-04 22:58:05,12:31:08,1
2292,644,2023-08-04 12:47:05,2023-08-04 22:36:08,9:49:03,1
2291,574,2023-08-04 10:46:38,2023-08-04 22:34:33,11:47:55,1
2290,628,2023-08-04 11:16:05,2023-08-04 22:25:44,11:09:39,1
2289,593,2023-08-04 14:13:16,2023-08-04 22:21:23,8:08:07,1
2288,550,2023-08-04 14:13:15,2023-08-04 22:21:13,8:07:58,1
2287,623,2023-08-04 10:54:32,2023-08-04 22:20:05,11:25:33,1
2286,559,2023-08-04 10:36:31,2023-08-04 22:19:52,11:43:21,1
2285,524,2023-08-04 11:05:21,2023-08-04 22:19:36,11:14:15,1
2284,525,2023-08-04 11:05:23,2023-08-04 22:19:32,11:14:09,1
2283,513,2023-08-04 10:39:51,2023-08-04 22:15:34,11:35:43,1
2282,572,2023-08-04 10:50:55,2023-08-04 22:09:30,11:18:35,1
2281,536,2023-08-04 14:39:24,2023-08-04 22:09:26,7:30:02,1
2280,557,2023-08-04 13:30:42,2023-08-04 22:06:02,8:35:20,1
2279,514,2023-08-04 10:34:27,2023-08-04 22:04:45,11:30:18,1
2278,547,2023-08-04 11:16:28,2023-08-04 22:04:41,10:48:13,1
2277,596,2023-08-04 11:11:29,2023-08-04 21:46:35,10:35:06,1
2276,594,2023-08-04 10:34:10,2023-08-04 21:35:45,11:01:35,1
2275,587,2023-08-04 13:10:42,2023-08-04 21:14:15,8:03:33,1
2274,556,2023-08-04 10:43:24,2023-08-04 21:14:13,10:30:49,1
2273,548,2023-08-04 10:58:05,2023-08-04 19:50:11,8:52:06,1
2272,632,2023-08-04 10:12:15,2023-08-04 19:50:10,9:37:55,1
2271,552,2023-08-04 11:32:44,2023-08-04 18:45:01,7:12:17,1
2270,563,2023-08-04 11:14:23,2023-08-04 18:15:42,7:01:19,1
2269,595,2023-08-04 12:57:28,2023-08-04 18:05:22,5:07:54,1
2268,573,2023-08-04 11:18:05,2023-08-04 17:09:22,5:51:17,1
2267,590,2023-08-04 10:33:53,2023-08-04 16:29:37,5:55:44,1
2266,551,2023-08-05 10:33:35,2023-08-05 23:04:04,12:30:29,1
2265,625,2023-08-05 10:34:35,2023-08-05 23:04:04,12:29:29,1
2264,592,2023-08-05 13:11:21,2023-08-05 23:07:01,9:55:40,1
2263,527,2023-08-05 10:44:39,2023-08-05 23:04:04,12:19:25,1
2262,586,2023-08-04 11:37:50,2023-08-04 13:06:07,1:28:17,1
2261,582,2023-08-05 12:20:48,2023-08-06 00:36:22,12:15:34,1
2260,594,2023-08-05 12:01:31,2023-08-05 23:04:04,11:02:33,1
2259,562,2023-08-05 13:29:48,2023-08-05 21:53:10,8:23:22,1
2258,581,2023-08-05 13:11:37,2023-08-05 23:07:01,9:55:24,1
2257,556,2023-08-05 13:00:08,2023-08-06 00:36:22,11:36:14,1
2256,549,2023-08-05 12:32:14,2023-08-05 23:04:04,10:31:50,1
2255,636,2023-08-05 10:59:16,2023-08-05 23:04:04,12:04:48,1
2254,635,2023-08-05 10:30:57,2023-08-05 23:04:04,12:33:07,1
2253,534,2023-08-05 10:38:27,2023-08-05 23:04:04,12:25:37,1
2252,557,2023-08-05 13:08:42,2023-08-05 23:07:01,9:58:19,1
2251,521,2023-08-05 10:32:32,2023-08-05 23:04:04,12:31:32,1
2250,513,2023-08-05 10:34:07,2023-08-05 23:04:04,12:29:57,1
2249,559,2023-08-05 10:35:29,2023-08-05 23:04:04,12:28:35,1
2248,644,2023-08-05 10:59:33,2023-08-05 23:04:04,12:04:31,1
2247,553,2023-08-04 10:35:43,2023-08-04 23:31:45,12:56:02,1
2246,527,2023-08-04 10:59:30,2023-08-04 23:31:45,12:32:15,1
2245,599,2023-08-05 11:05:57,2023-08-05 23:04:04,11:58:07,1
2244,565,2023-08-04 11:53:08,2023-08-04 23:31:45,11:38:37,1
2243,592,2023-08-04 10:51:20,2023-08-04 23:31:45,12:40:25,1
2242,591,2023-08-05 10:59:22,2023-08-05 23:04:04,12:04:42,1
2241,636,2023-08-04 10:46:58,2023-08-04 23:31:45,12:44:47,1
2240,528,2023-08-04 12:39:52,2023-08-04 23:31:45,10:51:53,1
2239,613,2023-08-04 10:51:00,2023-08-04 23:31:45,12:40:45,1
2238,615,2023-08-04 10:59:13,2023-08-04 23:31:44,12:32:31,1
2237,639,2023-08-04 15:07:07,2023-08-04 23:31:44,8:24:37,1
2236,625,2023-08-04 10:51:08,2023-08-04 23:31:44,12:40:36,1
2235,597,2023-08-04 11:37:39,2023-08-04 23:31:44,11:54:05,1
2234,629,2023-08-04 10:43:31,2023-08-04 23:31:44,12:48:13,1
2233,637,2023-08-04 10:50:22,2023-08-04 23:31:44,12:41:22,1
2232,619,2023-08-04 10:28:13,2023-08-04 18:16:56,7:48:43,1
2231,617,2023-08-04 10:11:59,2023-08-04 23:31:44,13:19:45,1
2230,519,2023-08-04 10:11:57,2023-08-04 21:02:30,10:50:33,1
2229,515,2023-08-04 10:20:30,2023-08-04 22:08:46,11:48:16,1
2228,634,2023-08-04 10:27:48,2023-08-04 23:31:44,13:03:56,1
2227,620,2023-08-04 10:29:07,2023-08-04 23:31:44,13:02:37,1
2226,551,2023-08-04 10:26:06,2023-08-04 23:31:45,13:05:39,1
2225,575,2023-08-04 10:20:50,2023-08-04 22:27:22,12:06:32,1
2224,582,2023-08-04 10:12:40,2023-08-04 22:28:43,12:16:03,1
2223,521,2023-08-04 10:16:11,2023-08-04 22:11:38,11:55:27,1
2222,595,2023-08-03 19:51:43,2023-08-03 23:05:41,3:13:58,1
2221,593,2023-08-03 10:53:29,2023-08-03 23:05:41,12:12:12,1
2220,524,2023-08-03 11:23:55,2023-08-03 20:29:59,9:06:04,1
2219,557,2023-08-03 13:08:44,2023-08-03 20:28:43,7:19:59,1
2218,616,2023-08-03 10:34:04,2023-08-03 20:25:48,9:51:44,1
2217,601,2023-08-03 13:36:15,2023-08-03 19:51:37,6:15:22,1
2216,603,2023-08-03 13:36:17,2023-08-03 19:51:35,6:15:18,1
2215,602,2023-08-03 13:36:09,2023-08-03 19:51:33,6:15:24,1
2214,560,2023-08-03 15:27:40,2023-08-03 19:51:31,4:23:51,1
2213,595,2023-08-03 13:37:18,2023-08-03 19:51:30,6:14:12,1
2212,586,2023-08-03 13:36:12,2023-08-03 19:29:49,5:53:37,1
2211,514,2023-08-03 11:02:25,2023-08-03 19:11:58,8:09:33,1
2210,573,2023-08-03 11:15:04,2023-08-03 19:06:11,7:51:07,1
2209,587,2023-08-03 11:13:56,2023-08-03 18:50:06,7:36:10,1
2208,626,2023-08-04 10:26:44,2023-08-04 23:31:44,13:05:00,1
2207,623,2023-08-03 10:52:29,2023-08-03 18:08:53,7:16:24,1
2206,563,2023-08-03 11:06:16,2023-08-03 18:07:30,7:01:14,1
2205,583,2023-08-04 10:24:10,2023-08-04 22:19:24,11:55:14,1
2204,575,2023-08-03 10:17:45,2023-08-03 23:06:10,12:48:25,1
2203,547,2023-08-03 10:57:00,2023-08-03 14:24:09,3:27:09,1
2202,518,2023-08-03 10:23:03,2023-08-03 23:05:41,12:42:38,1
2201,554,2023-08-03 11:06:25,2023-08-03 23:05:41,11:59:16,1
2200,566,2023-08-03 12:49:02,2023-08-03 22:36:38,9:47:36,1
2199,532,2023-08-03 10:12:22,2023-08-03 22:14:05,12:01:43,1
2198,535,2023-08-03 10:43:55,2023-08-03 21:51:41,11:07:46,1
2197,582,2023-08-03 10:26:14,2023-08-03 23:06:19,12:40:05,1
2196,528,2023-08-03 10:28:04,2023-08-03 21:47:20,11:19:16,1
2195,544,2023-08-03 10:15:27,2023-08-03 23:05:54,12:50:27,1
2194,521,2023-08-03 10:10:47,2023-08-03 23:05:54,12:55:07,1
2193,558,2023-08-03 11:23:47,2023-08-03 23:05:49,11:42:02,1
2192,550,2023-08-03 10:53:44,2023-08-03 23:05:49,12:12:05,1
2191,527,2023-08-03 11:01:44,2023-08-03 23:06:14,12:04:30,1
2190,626,2023-08-03 10:27:20,2023-08-03 23:05:49,12:38:29,1
2189,598,2023-08-03 14:46:38,2023-08-03 23:05:49,8:19:11,1
2188,581,2023-08-03 10:46:57,2023-08-03 23:06:23,12:19:26,1
2187,597,2023-08-03 11:32:02,2023-08-03 23:06:14,11:34:12,1
2186,565,2023-08-03 12:39:40,2023-08-03 23:06:10,10:26:30,1
2185,548,2023-08-03 10:49:15,2023-08-03 21:21:43,10:32:28,1
2184,534,2023-08-03 10:36:29,2023-08-03 23:06:23,12:29:54,1
2183,591,2023-08-03 10:35:54,2023-08-03 23:06:10,12:30:16,1
2182,513,2023-08-03 10:26:19,2023-08-03 23:06:10,12:39:51,1
2181,520,2023-08-03 10:30:38,2023-08-03 23:06:23,12:35:45,1
2180,552,2023-08-03 11:45:55,2023-08-03 21:04:59,9:19:04,1
2179,544,2023-08-04 10:18:06,2023-08-04 23:31:44,13:13:38,1
2178,524,2023-08-03 20:30:00,2023-08-03 23:06:10,2:36:10,1
2177,590,2023-08-03 11:12:22,2023-08-03 23:05:49,11:53:27,1
2176,632,2023-08-03 10:08:06,2023-08-03 21:01:30,10:53:24,1
2175,545,2023-08-03 12:57:20,2023-08-03 20:55:44,7:58:24,1
2174,551,2023-08-03 10:26:26,2023-08-03 23:06:19,12:39:53,1
2173,572,2023-08-03 10:43:21,2023-08-03 23:06:19,12:22:58,1
2172,536,2023-08-03 18:44:20,2023-08-03 23:06:05,4:21:45,1
2171,542,2023-08-03 12:56:08,2023-08-03 20:38:20,7:42:12,1
2170,628,2023-08-03 10:34:25,2023-08-03 23:06:05,12:31:40,1
2169,599,2023-08-03 10:58:44,2023-08-03 23:05:49,12:07:05,1
2168,571,2023-08-03 13:03:19,2023-08-03 20:36:16,7:32:57,1
2167,549,2023-08-03 11:29:50,2023-08-03 23:05:49,11:35:59,1
2166,592,2023-08-03 10:41:40,2023-08-03 23:05:41,12:24:01,1
2165,562,2023-08-03 13:13:26,2023-08-03 23:05:54,9:52:28,1
2164,519,2023-08-03 10:22:01,2023-08-03 23:05:54,12:43:53,1
2163,518,2023-08-04 10:27:33,2023-08-04 22:04:51,11:37:18,1
2162,616,2023-08-04 10:27:43,2023-08-04 20:20:46,9:53:03,1
2161,625,2023-08-03 10:27:48,2023-08-03 23:06:14,12:38:26,1
2160,637,2023-08-03 10:20:16,2023-08-03 23:06:14,12:45:58,1
2159,639,2023-08-03 11:51:12,2023-08-03 20:34:00,8:42:48,1
2158,562,2023-08-04 10:25:24,2023-08-04 23:31:44,13:06:20,1
2157,613,2023-08-03 10:21:25,2023-08-03 23:05:54,12:44:29,1
2156,553,2023-08-03 10:29:34,2023-08-03 23:05:41,12:36:07,1
2155,635,2023-08-03 10:33:54,2023-08-03 23:06:19,12:32:25,1
2154,559,2023-08-03 10:17:53,2023-08-03 23:06:19,12:48:26,1
2153,617,2023-08-03 10:22:03,2023-08-03 23:05:54,12:43:51,1
2152,556,2023-08-03 11:13:42,2023-08-03 23:06:24,11:52:42,1
2151,578,2023-08-03 10:20:06,2023-08-03 23:06:14,12:46:08,1
2150,619,2023-08-03 10:17:31,2023-08-03 23:06:19,12:48:48,1
2149,620,2023-08-03 11:20:35,2023-08-03 23:05:41,11:45:06,1
2148,584,2023-08-03 12:39:46,2023-08-03 23:06:14,10:26:28,1
2147,515,2023-08-03 10:27:56,2023-08-03 23:06:14,12:38:18,1
2146,525,2023-08-03 11:23:54,2023-08-03 23:06:14,11:42:20,1
2145,609,2023-08-03 10:20:00,2023-08-03 23:06:19,12:46:19,1
2144,583,2023-08-03 10:37:19,2023-08-03 23:06:19,12:29:00,1
2143,636,2023-08-03 10:36:05,2023-08-03 23:06:24,12:30:19,1
2142,574,2023-08-03 10:35:42,2023-08-03 23:06:24,12:30:42,1
2141,629,2023-08-03 11:17:34,2023-08-03 23:06:10,11:48:36,1
2140,611,2023-08-03 09:55:52,2023-08-03 23:06:24,13:10:32,1
2139,596,2023-08-03 11:31:44,2023-08-03 23:05:54,11:34:10,1
2138,634,2023-08-03 10:40:17,2023-08-03 23:05:41,12:25:24,1
2137,588,2023-08-03 18:05:30,2023-08-03 23:05:54,5:00:24,1
2136,589,2023-08-03 15:43:06,2023-08-03 23:05:41,7:22:35,1
2135,611,2023-08-04 10:10:55,2023-08-04 23:31:44,13:20:49,1
2134,604,2023-08-03 00:11:58,2023-08-03 09:48:12,9:36:14,1
2133,586,2023-08-03 00:11:55,2023-08-03 09:48:12,9:36:17,1
2132,615,2023-08-03 11:02:02,2023-08-03 23:06:10,12:04:08,1
2131,600,2023-08-03 00:11:47,2023-08-03 09:48:12,9:36:25,1
2130,601,2023-08-03 00:11:41,2023-08-03 09:48:12,9:36:31,1
2129,603,2023-08-03 00:11:36,2023-08-03 09:48:12,9:36:36,1
2128,541,2023-08-02 14:30:21,2023-08-02 19:20:26,4:50:05,1
2127,573,2023-08-02 12:40:32,2023-08-02 19:12:59,6:32:27,1
2126,542,2023-08-02 12:34:14,2023-08-02 19:12:51,6:38:37,1
2125,563,2023-08-02 11:31:41,2023-08-02 17:23:07,5:51:26,1
2124,554,2023-08-02 11:02:29,2023-08-02 17:14:45,6:12:16,1
2123,609,2023-08-02 10:18:04,2023-08-02 17:08:05,6:50:01,1
2122,624,2023-08-02 10:18:02,2023-08-02 17:07:59,6:49:57,1
2121,614,2023-08-02 10:36:15,2023-08-02 17:07:46,6:31:31,1
2120,558,2023-08-02 13:25:15,2023-08-02 21:01:15,7:36:00,1
2119,602,2023-08-02 11:17:45,2023-08-02 16:41:17,5:23:32,1
2118,602,2023-08-03 00:11:50,2023-08-03 09:48:12,9:36:22,1
2117,524,2023-08-02 11:48:29,2023-08-02 22:08:45,10:20:16,1
2116,546,2023-08-02 15:58:58,2023-08-02 22:08:13,6:09:15,1
2115,517,2023-08-02 11:48:50,2023-08-02 15:19:15,3:30:25,1
2114,627,2023-08-02 11:01:44,2023-08-02 15:14:47,4:13:03,1
2113,597,2023-08-02 11:00:33,2023-08-02 22:02:05,11:01:32,1
2112,586,2023-08-02 11:17:14,2023-08-02 15:10:08,3:52:54,1
2111,622,2023-08-02 10:31:00,2023-08-02 22:11:26,11:40:26,1
2110,628,2023-08-02 12:38:28,2023-08-02 22:11:31,9:33:03,1
2109,605,2023-08-02 10:28:32,2023-08-02 20:06:55,9:38:23,1
2108,578,2023-08-02 10:27:48,2023-08-02 21:51:57,11:24:09,1
2107,528,2023-08-02 12:56:13,2023-08-02 21:01:47,8:05:34,1
2106,615,2023-08-02 11:09:37,2023-08-02 21:12:12,10:02:35,1
2105,584,2023-08-02 12:42:44,2023-08-02 21:54:17,9:11:33,1
2104,532,2023-08-02 10:32:21,2023-08-02 22:01:09,11:28:48,1
2103,571,2023-08-02 17:02:14,2023-08-02 19:55:28,2:53:14,1
2102,626,2023-08-02 10:16:31,2023-08-02 22:11:31,11:55:00,1
2101,553,2023-08-02 10:39:29,2023-08-02 22:11:31,11:32:02,1
2100,557,2023-08-02 11:09:31,2023-08-02 21:01:43,9:52:12,1
2099,527,2023-08-02 11:00:44,2023-08-02 19:53:36,8:52:52,1
2098,565,2023-08-02 12:42:49,2023-08-02 21:51:35,9:08:46,1
2097,607,2023-08-02 10:55:15,2023-08-02 22:11:31,11:16:16,1
2096,515,2023-08-02 10:16:18,2023-08-02 22:11:31,11:55:13,1
2095,601,2023-08-02 11:17:27,2023-08-02 16:41:14,5:23:47,1
2094,544,2023-08-02 10:10:04,2023-08-02 22:11:31,12:01:27,1
2093,559,2023-08-02 10:32:36,2023-08-02 22:08:51,11:36:15,1
2092,512,2023-08-02 19:00:35,2023-08-02 21:51:01,2:50:26,1
2091,537,2023-08-02 11:00:18,2023-08-02 22:09:19,11:09:01,1
2090,548,2023-08-02 10:37:52,2023-08-02 18:56:21,8:18:29,1
2089,630,2023-08-02 10:48:55,2023-08-02 18:55:20,8:06:25,1
2088,603,2023-08-02 11:17:01,2023-08-02 16:41:09,5:24:08,1
2087,601,2023-08-02 17:31:34,2023-08-02 18:50:14,1:18:40,1
2086,550,2023-08-02 11:01:19,2023-08-02 21:13:48,10:12:29,1
2085,636,2023-08-02 10:59:02,2023-08-02 21:11:40,10:12:38,1
2084,547,2023-08-02 18:00:42,2023-08-02 21:01:29,3:00:47,1
2083,616,2023-08-02 10:33:50,2023-08-02 19:34:54,9:01:04,1
2082,632,2023-08-02 10:24:50,2023-08-02 19:24:13,8:59:23,1
2081,564,2023-08-02 11:32:22,2023-08-02 21:11:12,9:38:50,1
2080,586,2023-08-02 15:10:39,2023-08-02 16:41:06,1:30:27,1
2079,591,2023-08-02 10:58:56,2023-08-02 21:29:58,10:31:02,1
2078,566,2023-08-02 14:15:37,2023-08-02 21:19:15,7:03:38,1
2077,634,2023-08-02 10:24:59,2023-08-02 22:11:25,11:46:26,1
2076,595,2023-08-02 15:06:37,2023-08-02 22:11:31,7:04:54,1
2075,545,2023-08-02 12:35:04,2023-08-02 20:46:30,8:11:26,1
2074,592,2023-08-02 10:58:00,2023-08-02 22:02:14,11:04:14,1
2073,534,2023-08-02 10:36:29,2023-08-02 22:28:54,11:52:25,1
2072,619,2023-08-02 10:15:02,2023-08-02 22:10:12,11:55:10,1
2071,580,2023-08-02 10:26:05,2023-08-02 22:28:55,12:02:50,1
2070,593,2023-08-02 11:01:17,2023-08-02 21:13:13,10:11:56,1
2069,621,2023-08-02 12:12:17,2023-08-02 21:45:26,9:33:09,1
2068,612,2023-08-02 10:43:56,2023-08-02 22:28:55,11:44:59,1
2067,520,2023-08-02 10:44:26,2023-08-02 22:02:20,11:17:54,1
2066,599,2023-08-02 11:00:47,2023-08-02 22:11:31,11:10:44,1
2065,513,2023-08-02 10:29:15,2023-08-02 22:11:25,11:42:10,1
2064,611,2023-08-02 10:24:36,2023-08-02 22:11:31,11:46:55,1
2063,552,2023-08-02 11:50:16,2023-08-02 22:11:31,10:21:15,1
2062,556,2023-08-02 11:07:20,2023-08-02 19:12:15,8:04:55,1
2061,588,2023-08-02 15:59:04,2023-08-02 22:07:57,6:08:53,1
2060,625,2023-08-02 10:59:26,2023-08-02 22:28:55,11:29:29,1
2059,637,2023-08-02 10:26:11,2023-08-02 21:55:39,11:29:28,1
2058,572,2023-08-02 11:00:26,2023-08-02 22:23:34,11:23:08,1
2057,587,2023-08-02 11:07:21,2023-08-02 19:12:12,8:04:51,1
2056,518,2023-08-02 10:30:01,2023-08-02 22:28:54,11:58:53,1
2055,582,2023-08-02 10:39:38,2023-08-02 21:55:08,11:15:30,1
2054,635,2023-08-02 10:52:21,2023-08-02 22:11:31,11:19:10,1
2053,620,2023-08-02 10:34:38,2023-08-02 22:11:31,11:36:53,1
2052,596,2023-08-02 11:20:29,2023-08-02 22:09:03,10:48:34,1
2051,554,2023-08-02 19:04:50,2023-08-02 22:01:39,2:56:49,1
2050,589,2023-08-02 15:38:59,2023-08-02 22:01:56,6:22:57,1
2049,594,2023-08-02 10:30:14,2023-08-02 22:11:26,11:41:12,1
2048,551,2023-08-02 10:49:14,2023-08-02 22:11:31,11:22:17,1
2047,581,2023-08-02 10:58:06,2023-08-02 22:28:55,11:30:49,1
2046,525,2023-08-02 11:48:37,2023-08-02 22:11:31,10:22:54,1
2045,575,2023-08-02 10:27:07,2023-08-02 22:11:25,11:44:18,1
2044,562,2023-08-02 10:25:09,2023-08-02 21:53:33,11:28:24,1
2043,536,2023-08-02 10:12:00,2023-08-02 22:11:25,11:59:25,1
2042,613,2023-08-02 10:07:56,2023-08-02 21:55:45,11:47:49,1
2041,574,2023-08-02 10:58:48,2023-08-02 22:28:55,11:30:07,1
2040,535,2023-08-02 10:35:26,2023-08-02 21:54:30,11:19:04,1
2039,598,2023-08-02 15:09:52,2023-08-02 22:11:26,7:01:34,1
2038,583,2023-08-02 11:08:45,2023-08-02 20:36:19,9:27:34,1
2037,644,2023-08-02 12:37:03,2023-08-02 22:11:31,9:34:28,1
2036,529,2023-08-02 10:31:18,2023-08-02 17:55:34,7:24:16,1
2035,629,2023-08-02 20:42:05,2023-08-02 22:11:31,1:29:26,1
2034,521,2023-08-02 10:29:50,2023-08-02 22:11:31,11:41:41,1
2033,514,2023-08-02 10:54:20,2023-08-02 22:11:08,11:16:48,1
2032,623,2023-08-02 11:00:57,2023-08-02 22:11:25,11:10:28,1
2031,590,2023-08-02 11:53:28,2023-08-02 22:11:31,10:18:03,1
2030,635,2023-08-01 10:49:33,2023-08-01 23:23:52,12:34:19,1
2029,581,2023-08-01 10:53:35,2023-08-01 23:23:51,12:30:16,1
2028,544,2023-08-01 10:05:25,2023-08-01 23:23:51,13:18:26,1
2027,536,2023-08-01 17:31:02,2023-08-01 23:23:51,5:52:49,1
2026,644,2023-08-01 12:37:13,2023-08-01 23:11:20,10:34:07,1
2025,550,2023-08-01 11:48:46,2023-08-01 22:21:23,10:32:37,1
2024,573,2023-08-01 17:17:21,2023-08-01 21:16:10,3:58:49,1
2023,625,2023-08-01 11:05:30,2023-08-01 21:06:07,10:00:37,1
2022,605,2023-08-01 10:27:27,2023-08-01 20:21:01,9:53:34,1
2021,563,2023-08-01 11:03:31,2023-08-01 19:01:58,7:58:27,1
2020,546,2023-08-01 18:46:14,2023-08-01 23:00:17,4:14:03,1
2019,535,2023-08-01 10:24:07,2023-08-01 23:11:20,12:47:13,1
2018,522,2023-08-01 10:31:19,2023-08-01 18:06:09,7:34:50,1
2017,598,2023-08-01 15:28:31,2023-08-01 22:11:18,6:42:47,1
2016,613,2023-08-01 10:12:52,2023-08-01 23:11:20,12:58:28,1
2015,631,2023-08-01 10:32:13,2023-08-01 17:52:02,7:19:49,1
2014,542,2023-08-01 11:49:36,2023-08-01 17:45:05,5:55:29,1
2013,590,2023-08-01 13:48:22,2023-08-01 23:11:20,9:22:58,1
2012,618,2023-08-01 10:26:24,2023-08-01 23:23:51,12:57:27,1
2011,577,2023-08-01 17:34:26,2023-08-01 23:11:20,5:36:54,1
2010,584,2023-08-01 11:15:46,2023-08-01 21:24:38,10:08:52,1
2009,545,2023-08-01 11:49:40,2023-08-01 17:06:33,5:16:53,1
2008,594,2023-08-01 10:25:13,2023-08-01 23:23:51,12:58:38,1
2007,574,2023-08-01 10:45:10,2023-08-01 23:11:20,12:26:10,1
2006,512,2023-08-01 18:25:34,2023-08-01 23:11:20,4:45:46,1
2005,621,2023-08-01 12:21:31,2023-08-01 22:13:14,9:51:43,1
2004,571,2023-08-01 14:45:52,2023-08-01 21:05:42,6:19:50,1
2003,524,2023-08-01 11:14:36,2023-08-01 22:17:47,11:03:11,1
2002,596,2023-08-01 17:24:24,2023-08-01 23:11:20,5:46:56,1
2001,591,2023-08-01 10:47:08,2023-08-01 23:11:20,12:24:12,1
2000,554,2023-08-01 14:43:15,2023-08-01 22:17:34,7:34:19,1
1999,606,2023-08-01 15:14:28,2023-08-01 21:04:29,5:50:01,1
1998,565,2023-08-01 18:01:40,2023-08-01 18:02:04,0:00:24,1
1997,556,2023-08-01 10:46:54,2023-08-01 23:11:20,12:24:26,1
1996,588,2023-08-01 18:46:26,2023-08-01 23:00:14,4:13:48,1
1995,572,2023-08-01 10:38:44,2023-08-01 22:10:34,11:31:50,1
1994,619,2023-08-01 10:22:30,2023-08-01 22:18:05,11:55:35,1
1993,632,2023-08-01 10:06:01,2023-08-01 21:09:41,11:03:40,1
1992,529,2023-08-01 10:30:24,2023-08-01 19:13:57,8:43:33,1
1991,622,2023-08-01 10:55:10,2023-08-01 20:53:50,9:58:40,1
1990,617,2023-08-01 10:36:01,2023-08-01 21:02:38,10:26:37,1
1989,595,2023-08-01 16:49:27,2023-08-01 23:23:51,6:34:24,1
1988,553,2023-08-01 11:26:45,2023-08-01 23:11:20,11:44:35,1
1987,549,2023-08-01 14:11:37,2023-08-01 23:11:20,8:59:43,1
1986,565,2023-08-01 18:02:20,2023-08-01 23:11:20,5:09:00,1
1985,616,2023-08-01 10:28:01,2023-08-01 20:48:31,10:20:30,1
1984,607,2023-08-01 10:28:44,2023-08-01 22:20:24,11:51:40,1
1983,623,2023-08-01 10:36:44,2023-08-01 23:11:20,12:34:36,1
1982,527,2023-08-01 11:02:44,2023-08-01 20:52:49,9:50:05,1
1981,560,2023-08-01 18:06:02,2023-08-01 22:10:48,4:04:46,1
1980,612,2023-08-01 10:26:51,2023-08-01 23:11:20,12:44:29,1
1979,552,2023-08-01 11:49:48,2023-08-01 21:03:16,9:13:28,1
1978,626,2023-07-31 10:36:51,2023-07-31 23:22:01,12:45:10,1
1977,591,2023-07-31 22:16:43,2023-07-31 23:22:01,1:05:18,1
1976,581,2023-07-31 22:41:36,2023-07-31 23:22:01,0:40:25,1
1975,640,2023-07-31 15:52:54,2023-07-31 23:04:27,7:11:33,1
1974,553,2023-07-31 10:39:16,2023-07-31 23:04:27,12:25:11,1
1973,644,2023-07-31 12:47:24,2023-07-31 23:04:27,10:17:03,1
1972,611,2023-07-31 21:14:15,2023-07-31 23:04:27,1:50:12,1
1971,536,2023-07-31 17:27:42,2023-07-31 23:04:27,5:36:45,1
1970,596,2023-07-31 18:08:08,2023-07-31 23:04:27,4:56:19,1
1969,583,2023-07-31 20:32:07,2023-07-31 23:04:27,2:32:20,1
1968,577,2023-07-31 17:32:56,2023-07-31 23:04:27,5:31:31,1
1967,537,2023-07-31 10:43:52,2023-07-31 23:04:27,12:20:35,1
1966,621,2023-07-31 12:28:17,2023-07-31 22:04:36,9:36:19,1
1965,525,2023-07-31 12:28:05,2023-07-31 22:04:35,9:36:30,1
1964,524,2023-07-31 12:27:59,2023-07-31 22:04:33,9:36:34,1
1963,554,2023-07-31 10:50:02,2023-07-31 22:02:50,11:12:48,1
1962,584,2023-07-31 12:22:44,2023-07-31 22:00:42,9:37:58,1
1961,588,2023-07-31 18:28:30,2023-07-31 21:59:08,3:30:38,1
1960,546,2023-07-31 18:28:40,2023-07-31 21:59:03,3:30:23,1
1959,606,2023-07-31 14:35:42,2023-07-31 21:58:55,7:23:13,1
1958,520,2023-07-31 10:08:16,2023-07-31 21:15:48,11:07:32,1
1957,560,2023-07-31 17:32:40,2023-07-31 21:13:53,3:41:13,1
1956,595,2023-07-31 15:53:06,2023-07-31 21:13:26,5:20:20,1
1955,619,2023-07-31 10:36:23,2023-07-31 21:09:55,10:33:32,1
1954,597,2023-07-31 13:26:07,2023-07-31 21:09:26,7:43:19,1
1953,565,2023-07-31 12:22:50,2023-07-31 20:54:22,8:31:32,1
1952,609,2023-08-01 10:26:06,2023-08-01 18:07:27,7:41:21,1
1951,558,2023-07-31 12:27:30,2023-07-31 20:24:09,7:56:39,1
1950,627,2023-07-31 11:01:08,2023-07-31 20:24:07,9:22:59,1
1949,552,2023-07-31 11:43:46,2023-07-31 20:11:39,8:27:53,1
1948,564,2023-07-31 11:50:09,2023-07-31 20:11:02,8:20:53,1
1947,571,2023-07-31 11:50:31,2023-07-31 20:09:53,8:19:22,1
1946,630,2023-07-31 11:47:15,2023-07-31 19:06:48,7:19:33,1
1945,566,2023-07-31 12:43:34,2023-07-31 19:05:49,6:22:15,1
1944,589,2023-07-31 15:08:06,2023-07-31 18:31:46,3:23:40,1
1943,547,2023-08-01 10:45:47,2023-08-01 20:19:12,9:33:25,1
1942,568,2023-07-31 11:18:45,2023-07-31 18:13:45,6:55:00,1
1941,624,2023-07-31 10:38:57,2023-07-31 18:13:15,7:34:18,1
1940,593,2023-08-01 11:49:08,2023-08-01 22:21:18,10:32:10,1
1939,578,2023-08-01 10:39:10,2023-08-01 20:49:16,10:10:06,1
1938,586,2023-07-31 12:24:09,2023-07-31 17:24:16,5:00:07,1
1937,542,2023-07-31 10:31:06,2023-07-31 16:32:08,6:01:02,1
1936,548,2023-08-01 10:45:53,2023-08-01 20:23:50,9:37:57,1
1935,634,2023-08-01 10:29:20,2023-08-01 23:11:20,12:42:00,1
1934,589,2023-08-01 15:28:39,2023-08-01 23:02:50,7:34:11,1
1933,608,2023-08-01 23:21:11,2023-08-01 23:23:51,0:02:40,1
1932,551,2023-08-01 10:49:18,2023-08-01 23:11:20,12:22:02,1
1931,514,2023-08-01 10:45:34,2023-08-01 22:18:26,11:32:52,1
1930,597,2023-08-01 16:30:03,2023-08-01 23:11:20,6:41:17,1
1929,640,2023-07-31 10:51:16,2023-07-31 11:45:16,0:54:00,1
1928,587,2023-07-31 10:48:42,2023-07-31 15:10:28,4:21:46,1
1927,538,2023-07-31 10:26:27,2023-07-31 20:57:43,10:31:16,1
1926,527,2023-07-31 11:01:40,2023-07-31 20:56:20,9:54:40,1
1925,513,2023-07-31 10:39:18,2023-07-31 22:36:10,11:56:52,1
1924,633,2023-07-31 11:08:29,2023-07-31 14:17:44,3:09:15,1
1923,582,2023-07-31 10:37:03,2023-07-31 23:22:01,12:44:58,1
1922,521,2023-07-31 10:14:23,2023-07-31 23:04:27,12:50:04,1
1921,610,2023-07-31 10:55:43,2023-07-31 13:40:46,2:45:03,1
1920,607,2023-07-31 10:32:38,2023-07-31 20:48:04,10:15:26,1
1919,550,2023-07-31 10:56:14,2023-07-31 22:05:13,11:08:59,1
1918,534,2023-07-31 10:33:19,2023-07-31 23:22:01,12:48:42,1
1917,593,2023-07-31 10:56:11,2023-07-31 22:05:04,11:08:53,1
1916,522,2023-07-31 10:25:39,2023-07-31 18:04:44,7:39:05,1
1915,615,2023-07-31 11:06:44,2023-07-31 22:03:09,10:56:25,1
1914,632,2023-07-31 10:30:35,2023-07-31 20:05:58,9:35:23,1
1913,579,2023-07-31 10:42:09,2023-07-31 19:12:27,8:30:18,1
1912,551,2023-07-31 11:01:23,2023-07-31 23:22:01,12:20:38,1
1911,612,2023-07-31 10:42:33,2023-07-31 22:01:31,11:18:58,1
1910,547,2023-07-31 10:45:25,2023-07-31 23:04:27,12:19:02,1
1909,613,2023-07-31 10:18:12,2023-07-31 23:04:27,12:46:15,1
1908,635,2023-07-31 10:30:14,2023-07-31 23:04:27,12:34:13,1
1907,532,2023-07-31 10:18:33,2023-07-31 23:04:27,12:45:54,1
1906,622,2023-07-31 10:38:44,2023-07-31 21:58:41,11:19:57,1
1905,562,2023-07-31 10:33:55,2023-07-31 22:01:36,11:27:41,1
1904,518,2023-07-31 10:38:24,2023-07-31 19:57:49,9:19:25,1
1903,609,2023-07-31 10:38:59,2023-07-31 17:19:55,6:40:56,1
1902,556,2023-07-31 10:48:09,2023-07-31 19:08:26,8:20:17,1
1901,629,2023-07-31 10:42:46,2023-07-31 21:25:25,10:42:39,1
1900,511,2023-07-31 10:33:02,2023-07-31 21:09:51,10:36:49,1
1899,581,2023-07-31 10:53:42,2023-07-31 22:38:30,11:44:48,1
1898,636,2023-07-31 10:47:47,2023-07-31 23:04:27,12:16:40,1
1897,529,2023-07-31 10:41:00,2023-07-31 17:10:24,6:29:24,1
1896,561,2023-07-31 11:17:59,2023-07-31 17:56:26,6:38:27,1
1895,639,2023-07-31 10:47:47,2023-07-31 19:06:36,8:18:49,1
1894,578,2023-07-31 10:37:28,2023-07-31 21:59:26,11:21:58,1
1893,563,2023-07-31 10:50:20,2023-07-31 20:04:41,9:14:21,1
1892,523,2023-07-31 10:40:28,2023-07-31 19:06:01,8:25:33,1
1891,519,2023-07-31 10:37:46,2023-07-31 18:11:16,7:33:30,1
1890,590,2023-07-31 10:49:39,2023-07-31 21:59:57,11:10:18,1
1889,575,2023-07-31 10:33:48,2023-07-31 23:22:01,12:48:13,1
1888,628,2023-07-31 10:40:01,2023-07-31 21:14:16,10:34:15,1
1887,620,2023-07-31 10:33:32,2023-07-31 23:22:01,12:48:29,1
1886,611,2023-07-31 10:31:31,2023-07-31 21:12:34,10:41:03,1
1885,535,2023-07-31 10:24:54,2023-07-31 21:11:50,10:46:56,1
1884,545,2023-07-31 10:30:44,2023-07-31 16:51:15,6:20:31,1
1883,614,2023-07-31 10:39:07,2023-07-31 17:02:59,6:23:52,1
1882,528,2023-07-31 10:29:49,2023-07-31 20:15:59,9:46:10,1
1881,618,2023-07-31 10:32:16,2023-07-31 23:04:27,12:32:11,1
1880,605,2023-07-31 10:36:33,2023-07-31 21:10:38,10:34:05,1
1879,594,2023-07-31 10:33:02,2023-07-31 20:24:24,9:51:22,1
1878,514,2023-07-31 10:39:36,2023-07-31 21:09:02,10:29:26,1
1877,617,2023-07-31 10:37:43,2023-07-31 18:11:15,7:33:32,1
1876,634,2023-07-31 10:33:22,2023-07-31 21:12:16,10:38:54,1
1875,544,2023-07-31 10:13:29,2023-07-31 23:22:01,13:08:32,1
1874,608,2023-07-31 10:31:52,2023-07-31 23:04:27,12:32:35,1
1873,625,2023-07-31 10:44:44,2023-07-31 23:04:27,12:19:43,1
1872,548,2023-07-31 10:45:33,2023-07-31 23:04:27,12:18:54,1
1871,599,2023-07-31 11:00:20,2023-07-31 23:22:01,12:21:41,1
1870,591,2023-07-31 10:48:13,2023-07-31 21:20:02,10:31:49,1
1869,628,2023-07-30 08:39:00,2023-07-30 16:27:20,7:48:20,1
1868,566,2023-07-30 13:24:21,2023-07-30 16:27:20,3:02:59,1
1867,523,2023-07-30 07:49:05,2023-07-30 16:27:20,8:38:15,1
1866,572,2023-07-30 09:30:05,2023-07-30 16:05:31,6:35:26,1
1865,579,2023-07-30 09:06:09,2023-07-30 16:05:31,6:59:22,1
1864,633,2023-07-30 09:06:22,2023-07-30 16:05:31,6:59:09,1
1863,627,2023-07-30 09:19:15,2023-07-30 16:05:31,6:46:16,1
1862,634,2023-07-30 08:44:51,2023-07-30 16:05:31,7:20:40,1
1861,623,2023-07-30 14:34:08,2023-07-30 16:05:31,1:31:23,1
1860,621,2023-07-30 09:19:56,2023-07-30 16:05:30,6:45:34,1
1859,615,2023-07-30 09:17:47,2023-07-30 16:05:30,6:47:43,1
1858,612,2023-07-30 08:40:10,2023-07-30 16:05:30,7:25:20,1
1857,587,2023-07-30 09:12:46,2023-07-30 16:05:30,6:52:44,1
1856,589,2023-07-30 09:18:23,2023-07-30 16:05:30,6:47:07,1
1855,584,2023-07-30 09:08:31,2023-07-30 16:05:30,6:56:59,1
1854,565,2023-07-30 09:09:08,2023-07-30 16:05:30,6:56:22,1
1853,516,2023-07-30 08:30:43,2023-07-30 16:05:30,7:34:47,1
1852,524,2023-07-30 09:19:17,2023-07-30 16:05:30,6:46:13,1
1851,556,2023-07-30 09:12:44,2023-07-30 16:05:30,6:52:46,1
1850,551,2023-07-30 09:19:38,2023-07-30 16:05:30,6:45:52,1
1849,525,2023-07-30 09:19:18,2023-07-30 16:05:30,6:46:12,1
1848,557,2023-07-30 09:17:29,2023-07-30 16:05:30,6:48:01,1
1847,598,2023-07-30 11:32:34,2023-07-30 15:51:14,4:18:40,1
1846,512,2023-07-30 09:08:58,2023-07-30 15:41:54,6:32:56,1
1845,629,2023-07-30 08:37:13,2023-07-30 15:41:43,7:04:30,1
1844,558,2023-07-30 09:19:39,2023-07-30 14:58:46,5:39:07,1
1843,644,2023-07-30 08:44:12,2023-07-30 14:35:15,5:51:03,1
1842,557,2023-07-31 11:06:26,2023-07-31 22:02:44,10:56:18,1
1841,583,2023-07-30 08:39:00,2023-07-30 13:06:42,4:27:42,1
1840,541,2023-07-30 09:22:02,2023-07-30 11:55:11,2:33:09,1
1839,574,2023-07-31 10:47:09,2023-07-31 23:22:01,12:34:52,1
1838,516,2023-07-31 10:36:53,2023-07-31 21:12:30,10:35:37,1
1837,515,2023-07-31 10:23:44,2023-07-31 23:22:01,12:58:17,1
1836,583,2023-07-31 10:59:59,2023-07-31 20:31:54,9:31:55,1
1835,616,2023-07-31 10:29:52,2023-07-31 21:10:19,10:40:27,1
1834,559,2023-07-31 11:03:52,2023-07-31 20:56:01,9:52:09,1
1833,572,2023-07-31 10:49:43,2023-07-31 23:04:27,12:14:44,1
1832,551,2023-07-30 09:08:41,2023-07-30 09:08:48,0:00:07,1
1831,592,2023-07-31 10:54:00,2023-07-31 23:04:27,12:10:27,1
1830,637,2023-07-31 10:46:46,2023-07-31 21:13:02,10:26:16,1
1829,529,2023-07-30 07:51:04,2023-07-30 14:33:47,6:42:43,1
1828,586,2023-08-01 11:22:12,2023-08-01 15:26:59,4:04:47,1
1827,518,2023-07-30 08:21:35,2023-07-30 16:05:30,7:43:55,1
1826,605,2023-07-30 08:29:15,2023-07-30 15:40:56,7:11:41,1
1825,547,2023-07-30 08:28:19,2023-07-30 14:27:22,5:59:03,1
1824,517,2023-07-30 08:51:46,2023-07-30 14:06:36,5:14:50,1
1823,562,2023-07-30 08:01:01,2023-07-30 16:05:30,8:04:29,1
1822,594,2023-07-30 07:56:28,2023-07-30 16:05:30,8:09:02,1
1821,635,2023-07-30 08:21:09,2023-07-30 16:05:30,7:44:21,1
1820,574,2023-07-30 08:43:47,2023-07-30 16:12:47,7:29:00,1
1819,546,2023-07-30 08:56:57,2023-07-30 15:19:19,6:22:22,1
1818,625,2023-07-30 08:46:07,2023-07-30 16:05:30,7:19:23,1
1817,521,2023-07-30 08:32:17,2023-07-30 16:27:20,7:55:03,1
1816,632,2023-07-30 08:23:53,2023-07-30 16:05:30,7:41:37,1
1815,636,2023-07-30 08:44:33,2023-07-30 16:12:47,7:28:14,1
1814,596,2023-07-30 08:18:17,2023-07-30 13:11:18,4:53:01,1
1813,558,2023-08-01 11:14:47,2023-08-01 20:08:55,8:54:08,1
1812,525,2023-08-01 11:14:34,2023-08-01 20:50:29,9:35:55,1
1811,553,2023-07-30 08:03:18,2023-07-30 16:05:31,8:02:13,1
1810,610,2023-07-30 08:33:20,2023-07-30 14:43:39,6:10:19,1
1809,544,2023-07-30 08:36:25,2023-07-30 16:05:30,7:29:05,1
1808,617,2023-07-30 08:28:45,2023-07-30 16:27:20,7:58:35,1
1807,549,2023-07-30 08:59:22,2023-07-30 16:05:30,7:06:08,1
1806,533,2023-07-30 08:51:22,2023-07-30 13:45:54,4:54:32,1
1805,548,2023-07-30 08:28:30,2023-07-30 15:13:22,6:44:52,1
1804,637,2023-07-30 08:26:47,2023-07-30 14:45:33,6:18:46,1
1803,575,2023-07-30 08:23:36,2023-07-30 16:05:30,7:41:54,1
1802,611,2023-07-30 07:56:37,2023-07-30 16:27:20,8:30:43,1
1801,592,2023-07-30 08:49:50,2023-07-30 16:27:20,7:37:30,1
1800,513,2023-07-30 08:29:43,2023-07-30 16:27:20,7:57:37,1
1799,618,2023-07-30 08:32:46,2023-07-30 16:27:20,7:54:34,1
1798,578,2023-07-30 08:27:18,2023-07-30 16:27:20,8:00:02,1
1797,582,2023-07-30 08:46:45,2023-07-30 16:05:30,7:18:45,1
1796,566,2023-08-01 12:41:31,2023-08-01 20:08:38,7:27:07,1
1795,527,2023-07-30 08:20:56,2023-07-30 16:27:20,8:06:24,1
1794,608,2023-07-30 08:33:11,2023-07-30 16:05:30,7:32:19,1
1793,514,2023-07-30 08:34:24,2023-07-30 15:06:23,6:31:59,1
1792,630,2023-07-30 08:46:35,2023-07-30 16:05:30,7:18:55,1
1791,613,2023-07-30 08:22:53,2023-07-30 16:05:30,7:42:37,1
1790,577,2023-07-30 08:59:58,2023-07-30 16:05:30,7:05:32,1
1789,626,2023-07-30 08:26:30,2023-07-30 16:05:30,7:39:00,1
1788,538,2023-07-30 08:18:33,2023-07-30 16:05:30,7:46:57,1
1787,534,2023-07-30 08:21:50,2023-07-30 16:05:30,7:43:40,1
1786,511,2023-07-30 08:38:38,2023-07-30 16:05:31,7:26:53,1
1785,580,2023-07-30 08:27:09,2023-07-30 16:05:31,7:38:22,1
1784,563,2023-07-30 08:30:51,2023-07-30 16:27:20,7:56:29,1
1783,577,2023-07-30 08:19:26,2023-07-30 08:19:52,0:00:26,1
1782,528,2023-07-30 08:27:02,2023-07-30 16:05:30,7:38:28,1
1781,631,2023-07-30 08:34:55,2023-07-30 13:28:00,4:53:05,1
1780,640,2023-07-30 08:12:30,2023-07-30 16:27:21,8:14:51,1
1779,599,2023-07-30 08:36:56,2023-07-30 16:27:20,7:50:24,1
1778,600,2023-07-29 18:34:10,2023-07-29 22:10:48,3:36:38,1
1777,518,2023-08-01 10:26:39,2023-08-01 23:11:20,12:44:41,1
1776,528,2023-08-01 12:11:39,2023-08-01 20:47:44,8:36:05,1
1775,516,2023-08-01 10:37:34,2023-08-01 17:13:15,6:35:41,1
1774,639,2023-08-01 14:10:51,2023-08-01 20:34:49,6:23:58,1
1773,629,2023-08-01 10:46:32,2023-08-01 20:56:50,10:10:18,1
1772,626,2023-08-01 10:22:21,2023-08-01 23:11:20,12:48:59,1
1771,624,2023-08-01 10:26:05,2023-08-01 18:15:41,7:49:36,1
1770,630,2023-08-01 10:45:23,2023-08-01 21:37:10,10:51:47,1
1769,602,2023-07-29 18:33:00,2023-07-29 21:01:18,2:28:18,1
1768,580,2023-08-01 10:39:00,2023-08-01 21:02:53,10:23:53,1
1767,603,2023-07-29 18:33:09,2023-07-29 20:53:46,2:20:37,1
1766,637,2023-08-01 10:39:34,2023-08-01 22:11:48,11:32:14,1
1765,519,2023-07-30 08:39:21,2023-07-30 16:05:31,7:26:10,1
1764,607,2023-07-30 08:28:06,2023-07-30 15:50:04,7:21:58,1
1763,591,2023-07-30 08:43:59,2023-07-30 16:05:30,7:21:31,1
1762,622,2023-07-30 08:16:43,2023-07-30 16:27:20,8:10:37,1
1761,536,2023-07-30 08:32:55,2023-07-30 16:27:20,7:54:25,1
1760,521,2023-08-01 09:59:56,2023-08-01 23:11:20,13:11:24,1
1759,581,2023-07-30 08:50:03,2023-07-30 16:05:30,7:15:27,1
1758,582,2023-08-01 10:50:06,2023-08-01 20:58:02,10:07:56,1
1757,588,2023-07-30 08:57:06,2023-07-30 15:19:11,6:22:05,1
1756,564,2023-08-01 11:43:30,2023-08-01 20:19:17,8:35:47,1
1755,560,2023-07-30 08:37:17,2023-07-30 14:36:47,5:59:30,1
1754,628,2023-08-01 10:49:18,2023-08-01 21:49:52,11:00:34,1
1753,552,2023-07-30 09:01:56,2023-07-30 14:31:20,5:29:24,1
1752,515,2023-08-01 10:23:49,2023-08-01 22:14:59,11:51:10,1
1751,520,2023-07-30 08:14:05,2023-07-30 16:27:20,8:13:15,1
1750,583,2023-08-01 10:58:30,2023-08-01 21:06:38,10:08:08,1
1749,614,2023-08-01 10:27:10,2023-08-01 17:33:27,7:06:17,1
1748,523,2023-08-01 10:30:56,2023-08-01 21:14:06,10:43:10,1
1747,606,2023-07-30 08:57:51,2023-07-30 16:04:19,7:06:28,1
1746,592,2023-08-01 10:53:45,2023-08-01 23:23:52,12:30:07,1
1745,620,2023-07-30 08:31:20,2023-07-30 16:27:20,7:56:00,1
1744,615,2023-08-01 11:49:22,2023-08-01 21:35:30,9:46:08,1
1743,559,2023-08-01 10:28:19,2023-08-01 23:23:51,12:55:32,1
1742,620,2023-08-01 10:31:29,2023-08-01 23:23:52,12:52:23,1
1741,520,2023-08-01 10:47:02,2023-08-01 23:11:20,12:24:18,1
1740,568,2023-08-01 10:24:55,2023-08-01 17:43:18,7:18:23,1
1739,614,2023-07-30 08:21:22,2023-07-30 16:05:31,7:44:09,1
1738,513,2023-08-01 10:27:35,2023-08-01 23:11:20,12:43:45,1
1737,534,2023-08-01 10:32:53,2023-08-01 23:11:20,12:38:27,1
1736,599,2023-08-01 11:04:10,2023-08-01 23:11:20,12:07:10,1
1735,541,2023-08-01 12:34:18,2023-08-01 20:08:28,7:34:10,1
1734,627,2023-08-01 11:03:13,2023-08-01 18:07:30,7:04:17,1
1733,557,2023-08-01 14:22:22,2023-08-01 22:19:25,7:57:03,1
1732,636,2023-08-01 10:47:24,2023-08-01 23:11:20,12:23:56,1
1731,519,2023-08-01 10:36:02,2023-08-01 21:11:55,10:35:53,1
1730,608,2023-08-01 10:26:18,2023-08-01 23:11:20,12:45:02,1
1729,561,2023-08-01 10:24:30,2023-08-01 17:43:21,7:18:51,1
1728,575,2023-08-01 10:13:00,2023-08-01 23:11:20,12:58:20,1
1727,532,2023-08-01 10:23:25,2023-08-01 20:57:56,10:34:31,1
1726,523,2023-07-29 08:16:27,2023-07-29 16:11:36,7:55:09,1
1725,561,2023-07-29 08:26:22,2023-07-29 15:26:26,7:00:04,1
1724,549,2023-07-29 08:58:25,2023-07-29 15:05:57,6:07:32,1
1723,573,2023-07-29 09:01:02,2023-07-29 15:05:44,6:04:42,1
1722,562,2023-08-01 10:25:41,2023-08-01 21:30:23,11:04:42,1
1721,541,2023-07-29 09:04:27,2023-07-29 13:17:10,4:12:43,1
1720,532,2023-07-29 08:37:25,2023-07-29 13:09:31,4:32:06,1
1719,611,2023-08-01 10:05:35,2023-08-01 23:11:20,13:05:45,1
1718,524,2023-07-29 08:11:32,2023-07-29 18:01:35,9:50:03,1
1717,592,2023-07-29 09:05:18,2023-07-29 21:31:54,12:26:36,1
1716,527,2023-07-29 08:15:29,2023-07-29 22:11:24,13:55:55,1
1715,564,2023-07-29 08:53:17,2023-07-29 17:58:38,9:05:21,1
1714,533,2023-07-29 08:54:20,2023-07-29 20:13:21,11:19:01,1
1713,578,2023-07-29 09:03:03,2023-07-29 21:01:44,11:58:41,1
1712,618,2023-07-29 08:20:53,2023-07-29 22:10:49,13:49:56,1
1711,580,2023-07-29 08:53:45,2023-07-29 21:00:41,12:06:56,1
1710,605,2023-07-29 08:49:15,2023-07-29 22:11:24,13:22:09,1
1709,553,2023-07-29 08:57:16,2023-07-29 21:31:53,12:34:37,1
1708,623,2023-07-29 08:51:39,2023-07-29 21:01:54,12:10:15,1
1707,631,2023-07-29 08:17:54,2023-07-29 14:26:50,6:08:56,1
1706,628,2023-07-29 08:10:23,2023-07-29 21:03:59,12:53:36,1
1705,586,2023-07-29 09:43:39,2023-07-29 21:23:12,11:39:33,1
1704,599,2023-07-29 09:06:37,2023-07-29 22:11:24,13:04:47,1
1703,629,2023-07-29 08:09:21,2023-07-29 22:11:24,14:02:03,1
1702,625,2023-07-29 08:50:27,2023-07-29 18:01:25,9:10:58,1
1701,597,2023-07-29 09:12:54,2023-07-29 17:43:33,8:30:39,1
1700,590,2023-07-29 08:47:31,2023-07-29 16:20:56,7:33:25,1
1699,640,2023-07-29 09:01:36,2023-07-29 17:37:39,8:36:03,1
1698,615,2023-07-29 08:17:17,2023-07-29 20:55:40,12:38:23,1
1697,517,2023-07-29 08:55:47,2023-07-29 20:13:15,11:17:28,1
1696,545,2023-07-29 08:30:17,2023-07-29 16:14:13,7:43:56,1
1695,514,2023-07-29 08:46:26,2023-07-29 17:22:12,8:35:46,1
1694,571,2023-07-29 09:23:02,2023-07-29 18:01:32,8:38:30,1
1693,633,2023-07-29 08:56:17,2023-07-29 17:58:54,9:02:37,1
1692,519,2023-07-29 08:08:16,2023-07-29 17:58:54,9:50:38,1
1691,596,2023-07-29 09:05:51,2023-07-29 17:42:31,8:36:40,1
1690,550,2023-07-29 08:38:51,2023-07-29 17:58:44,9:19:53,1
1689,612,2023-07-29 08:14:56,2023-07-29 17:41:18,9:26:22,1
1688,546,2023-07-29 10:46:43,2023-07-29 18:01:35,7:14:52,1
1687,513,2023-07-29 08:21:34,2023-07-29 17:58:44,9:37:10,1
1686,525,2023-07-29 08:11:58,2023-07-29 18:01:18,9:49:20,1
1685,575,2023-07-29 09:02:32,2023-07-29 22:11:24,13:08:52,1
1684,607,2023-07-29 08:32:50,2023-07-29 18:01:35,9:28:45,1
1683,521,2023-07-29 08:32:18,2023-07-29 18:01:14,9:28:56,1
1682,617,2023-07-29 08:30:54,2023-07-29 18:01:14,9:30:20,1
1681,563,2023-07-29 08:57:49,2023-07-29 17:19:58,8:22:09,1
1680,566,2023-07-29 13:20:04,2023-07-29 17:37:51,4:17:47,1
1679,644,2023-07-29 09:02:05,2023-07-29 22:11:24,13:09:19,1
1678,565,2023-07-29 08:59:41,2023-07-29 16:29:29,7:29:48,1
1677,624,2023-07-29 08:42:12,2023-07-29 18:01:18,9:19:06,1
1676,551,2023-07-29 09:03:51,2023-07-29 17:59:48,8:55:57,1
1675,520,2023-07-29 08:07:47,2023-07-29 21:45:56,13:38:09,1
1674,635,2023-07-29 08:13:26,2023-07-29 22:11:24,13:57:58,1
1673,594,2023-07-29 08:48:00,2023-07-29 21:29:41,12:41:41,1
1672,579,2023-07-29 08:35:36,2023-07-29 21:31:54,12:56:18,1
1671,593,2023-07-29 08:38:10,2023-07-29 18:01:14,9:23:04,1
1670,554,2023-07-29 08:56:51,2023-07-29 21:31:54,12:35:03,1
1669,636,2023-07-29 08:23:23,2023-07-29 21:31:54,13:08:31,1
1668,558,2023-07-29 14:12:50,2023-07-29 21:31:54,7:19:04,1
1667,583,2023-07-29 08:23:54,2023-07-29 14:20:54,5:57:00,1
1666,588,2023-07-29 10:46:53,2023-07-29 18:01:18,7:14:25,1
1665,606,2023-07-29 08:19:42,2023-07-29 17:58:38,9:38:56,1
1664,591,2023-07-29 08:22:52,2023-07-29 22:10:48,13:47:56,1
1663,534,2023-07-29 08:47:07,2023-07-29 22:10:48,13:23:41,1
1662,609,2023-07-29 08:41:46,2023-07-29 18:01:35,9:19:49,1
1661,515,2023-07-29 08:34:42,2023-07-29 21:01:29,12:26:47,1
1660,639,2023-07-29 10:07:32,2023-07-29 22:10:48,12:03:16,1
1659,608,2023-07-29 08:39:31,2023-07-29 22:10:48,13:31:17,1
1658,516,2023-07-29 08:14:03,2023-07-29 16:19:31,8:05:28,1
1657,637,2023-07-29 08:28:38,2023-07-29 16:17:16,7:48:38,1
1656,512,2023-07-29 08:58:52,2023-07-29 16:29:24,7:30:32,1
1655,621,2023-07-29 08:10:54,2023-07-29 17:58:54,9:48:00,1
1654,614,2023-07-29 08:44:09,2023-07-29 16:15:03,7:30:54,1
1653,568,2023-07-29 08:27:24,2023-07-29 16:13:55,7:46:31,1
1652,627,2023-07-29 09:39:29,2023-07-29 16:14:38,6:35:09,1
1651,556,2023-07-29 08:25:12,2023-07-29 16:13:24,7:48:12,1
1650,611,2023-07-29 08:40:29,2023-07-29 17:59:48,9:19:19,1
1649,622,2023-07-29 08:43:21,2023-07-29 22:10:48,13:27:27,1
1648,574,2023-07-29 08:55:14,2023-07-29 22:10:49,13:15:35,1
1647,630,2023-07-29 08:48:26,2023-07-29 17:59:49,9:11:23,1
1646,536,2023-07-29 08:31:34,2023-07-29 22:11:24,13:39:50,1
1645,542,2023-07-29 08:29:45,2023-07-29 16:12:58,7:43:13,1
1644,557,2023-07-29 08:16:48,2023-07-29 20:55:36,12:38:48,1
1643,522,2023-07-29 09:53:50,2023-07-29 16:12:30,6:18:40,1
1642,632,2023-07-29 08:12:22,2023-07-29 20:54:03,12:41:41,1
1641,610,2023-07-29 08:36:14,2023-07-29 17:43:18,9:07:04,1
1640,584,2023-07-29 09:00:11,2023-07-29 16:24:36,7:24:25,1
1639,581,2023-07-29 08:39:11,2023-07-29 22:10:48,13:31:37,1
1638,552,2023-07-29 09:04:51,2023-07-29 18:01:29,8:56:38,1
1637,620,2023-07-29 08:27:56,2023-07-29 22:11:24,13:43:28,1
1636,626,2023-07-29 08:45:51,2023-07-29 21:31:54,12:46:03,1
1635,613,2023-07-29 08:41:01,2023-07-29 21:30:31,12:49:30,1
1634,634,2023-07-29 08:18:43,2023-07-29 21:31:54,13:13:11,1
1633,582,2023-07-29 08:33:43,2023-07-29 17:58:53,9:25:10,1
1632,518,2023-07-29 08:42:48,2023-07-29 17:59:48,9:17:00,1
1631,511,2023-07-29 08:49:48,2023-07-29 19:29:41,10:39:53,1
1630,544,2023-07-29 08:34:11,2023-07-29 18:01:35,9:27:24,1
1629,572,2023-07-29 09:03:26,2023-07-29 22:11:24,13:07:58,1
