id,ballkid,year,court,count,duration
7223091,595,2024,Grandstand,2,2:00:00
7223090,595,2024,Court 5,1,1:00:00
7223089,595,2024,Harris,1,1:00:00
7223088,595,2024,Court 4,2,2:00:00
7223087,595,2024,Stadium,2,0:22:20.237508
7220497,684,2024,Grandstand,3,2:54:55.394521
7220496,684,2024,Court 5,1,"-1 day, 21:15:50.232545"
7220495,684,2024,Harris,6,5:50:32.351474
7220494,684,2024,Court 4,3,3:00:00
7220493,684,2024,Stadium,7,6:55:05.799178
7220492,678,2024,Grandstand,5,4:21:37.493591
7220491,678,2024,Court 5,1,0:38:06.198804
7220490,678,2024,Harris,5,5:00:00
7220489,678,2024,Court 4,7,7:00:00
7220488,678,2024,Stadium,8,7:40:26.012832
7220487,575,2024,Grandstand,7,6:31:39.126634
7220486,575,2024,Court 5,6,5:26:10.760840
7220485,575,2024,Harris,9,9:00:00
7220484,575,2024,Court 4,4,4:00:00
7220483,575,2024,Stadium,16,14:51:41.978636
7220482,574,2024,Grandstand,5,5:00:00
7220481,574,2024,Court 5,4,4:00:00
7220480,574,2024,Harris,8,8:00:00
7220479,574,2024,Court 4,8,6:11:24.854447
7220478,574,2024,Stadium,15,13:59:49.814975
7220477,616,2024,Grandstand,3,2:21:48.743715
7220476,616,2024,Court 5,5,5:00:00
7220475,616,2024,Harris,8,8:00:00
7220474,616,2024,Court 4,6,5:33:47.135170
7220473,616,2024,Stadium,10,8:53:03.670272
7220472,656,2024,Grandstand,7,6:27:58.229049
7220471,656,2024,Court 5,3,3:00:00
7220470,656,2024,Harris,10,10:00:00
7220469,656,2024,Court 4,5,5:00:00
7220468,656,2024,Stadium,10,9:58:43.693655
7220467,664,2024,Grandstand,9,9:00:00
7220466,664,2024,Court 5,2,2:00:00
7220465,664,2024,Harris,5,3:40:30.119446
7220464,664,2024,Court 4,6,5:52:57.444067
7220463,664,2024,Stadium,5,5:00:00
7220462,528,2024,Grandstand,7,7:00:00
7220461,528,2024,Court 5,4,2:23:37.926804
7220460,528,2024,Harris,7,6:49:12.157434
7220459,528,2024,Court 4,6,5:27:39.884344
7220458,528,2024,Stadium,14,13:48:10.016733
7220457,683,2024,Grandstand,6,5:33:09.235268
7220456,683,2024,Court 5,3,3:00:00
7220455,683,2024,Harris,6,6:00:00
7220454,683,2024,Court 4,1,0:22:30.637876
7220453,683,2024,Stadium,8,7:00:38.212883
7220452,583,2024,Grandstand,7,6:51:54.022124
7220451,583,2024,Court 5,3,3:00:00
7220450,583,2024,Harris,9,7:58:57.266760
7220449,583,2024,Court 4,5,5:00:00
7220448,583,2024,Stadium,15,14:01:08.339582
7220447,657,2024,Grandstand,4,3:33:36.962034
7220446,657,2024,Court 5,2,1:26:10.760840
7220445,657,2024,Harris,4,4:00:00
7220444,657,2024,Court 4,4,4:00:00
7220443,657,2024,Stadium,3,3:00:00
7220442,668,2024,Grandstand,4,4:00:00
7220441,668,2024,Court 5,4,4:00:00
7220440,668,2024,Harris,5,5:00:00
7220439,668,2024,Court 4,2,1:56:42.283711
7220438,668,2024,Stadium,17,16:00:06.348540
7220437,650,2024,Grandstand,5,5:00:00
7220436,650,2024,Court 5,3,3:00:00
7220435,650,2024,Harris,4,3:57:24.167910
7220434,650,2024,Court 4,2,2:00:00
7220433,650,2024,Stadium,5,4:23:05.843834
7220432,552,2024,Grandstand,6,5:17:44.195771
7220431,552,2024,Court 5,2,2:00:00
7220430,552,2024,Harris,7,6:22:23.344625
7220429,552,2024,Court 4,5,4:19:50.201196
7220428,552,2024,Stadium,15,14:36:35.538416
7220427,644,2024,Grandstand,4,2:18:33.804554
7220426,644,2024,Court 5,1,1:00:00
7220425,644,2024,Harris,4,4:00:00
7220424,644,2024,Court 4,5,5:00:00
7220423,644,2024,Stadium,6,4:37:47.953002
7220422,647,2024,Grandstand,2,1:56:54.199345
7220421,647,2024,Court 5,1,1:00:00
7220420,647,2024,Harris,2,1:02:05.945635
7220419,647,2024,Court 4,4,2:33:28.569927
7220418,647,2024,Stadium,4,3:08:56.378961
7220417,635,2024,Grandstand,8,7:50:03.264707
7220416,635,2024,Court 5,2,1:26:10.760840
7220415,635,2024,Harris,9,8:35:13.480984
7220414,635,2024,Court 4,6,6:00:00
7220413,635,2024,Stadium,19,19:00:00
7220412,623,2024,Grandstand,1,1:00:00
7220411,623,2024,Court 5,0,0:00:00
7220410,623,2024,Harris,0,0:00:00
7220409,623,2024,Court 4,3,3:00:00
7220408,623,2024,Stadium,3,3:00:00
7220407,565,2024,Grandstand,6,5:58:01.134104
7220406,565,2024,Court 5,4,"-1 day, 22:39:28.159349"
7220405,565,2024,Harris,11,5:45:43.097177
7220404,565,2024,Court 4,3,3:00:00
7220403,565,2024,Stadium,10,10:00:00
7220402,665,2024,Grandstand,4,4:00:00
7220401,665,2024,Court 5,3,3:00:00
7220400,665,2024,Harris,5,3:51:18.036440
7220399,665,2024,Court 4,4,3:45:11.588646
7220398,665,2024,Stadium,5,4:40:26.012832
7220397,680,2024,Grandstand,8,7:56:54.228708
7220396,680,2024,Court 5,4,0:15:50.232545
7220395,680,2024,Harris,8,7:13:11.570090
7220394,680,2024,Court 4,4,3:00:09.252923
7220393,680,2024,Stadium,11,10:11:06.683415
7220392,634,2024,Grandstand,7,6:31:06.850422
7220391,634,2024,Court 5,2,2:00:00
7220390,634,2024,Harris,7,6:33:16.170992
7220389,634,2024,Court 4,9,7:13:14.729056
7220388,634,2024,Stadium,7,7:00:00
7220387,661,2024,Grandstand,5,5:00:00
7220386,661,2024,Court 5,1,"-1 day, 23:48:12.274619"
7220385,661,2024,Harris,5,5:00:00
7220384,661,2024,Court 4,6,5:42:13.765803
7220383,661,2024,Stadium,9,8:32:44.543426
7220382,551,2024,Grandstand,6,6:00:00
7220381,551,2024,Court 5,5,5:00:00
7220380,551,2024,Harris,9,8:24:36.340821
7220379,551,2024,Court 4,4,4:00:00
7220378,551,2024,Stadium,15,12:23:20.375891
7220377,624,2024,Grandstand,1,1:00:00
7220376,624,2024,Court 5,2,2:00:00
7220375,624,2024,Harris,5,5:00:00
7220374,624,2024,Court 4,4,4:00:00
7220373,624,2024,Stadium,3,3:00:00
7220372,654,2024,Grandstand,7,6:30:50.606836
7220371,654,2024,Court 5,2,2:00:00
7220370,654,2024,Harris,6,5:33:16.233261
7220369,654,2024,Court 4,6,5:50:17.464940
7220368,654,2024,Stadium,8,8:00:00
7220367,672,2024,Grandstand,6,6:00:00
7220366,672,2024,Court 5,3,3:00:00
7220365,672,2024,Harris,6,5:49:12.111024
7220364,672,2024,Court 4,7,6:27:41.491189
7220363,672,2024,Stadium,8,7:48:10.040253
7220362,658,2024,Grandstand,0,0:00:00
7220361,658,2024,Court 5,0,0:00:00
7220360,658,2024,Harris,0,0:00:00
7220359,658,2024,Court 4,0,0:00:00
7220358,658,2024,Stadium,0,0:00:00
7220357,670,2024,Grandstand,6,5:42:36.094607
7220356,670,2024,Court 5,3,3:00:00
7220355,670,2024,Harris,10,9:21:49.904473
7220354,670,2024,Court 4,4,3:00:33.502674
7220353,670,2024,Stadium,13,11:50:06.879873
7220352,643,2024,Grandstand,5,4:29:03.936262
7220351,643,2024,Court 5,1,1:00:00
7220350,643,2024,Harris,6,5:02:34.267272
7220349,643,2024,Court 4,5,5:00:00
7220348,643,2024,Stadium,8,7:40:26.012832
7220347,639,2024,Grandstand,5,4:17:44.195771
7220346,639,2024,Court 5,2,2:00:00
7220345,639,2024,Harris,4,3:24:59.267232
7220344,639,2024,Court 4,3,1:13:52.613010
7220343,639,2024,Stadium,5,3:30:03.407450
7220342,523,2024,Grandstand,0,0:00:00
7220341,523,2024,Court 5,2,2:00:00
7220340,523,2024,Harris,3,3:00:00
7220339,523,2024,Court 4,3,3:00:00
7220338,523,2024,Stadium,2,2:00:00
7220337,655,2024,Grandstand,1,1:00:00
7220336,655,2024,Court 5,1,1:00:00
7220335,655,2024,Harris,3,2:24:59.207091
7220334,655,2024,Court 4,2,2:00:00
7220333,655,2024,Stadium,0,0:00:00
7220332,640,2024,Grandstand,5,4:50:03.264707
7220331,640,2024,Court 5,1,1:00:00
7220330,640,2024,Harris,6,6:00:00
7220329,640,2024,Court 4,5,4:52:57.444067
7220328,640,2024,Stadium,6,6:00:00
7220327,662,2024,Grandstand,3,3:00:00
7220326,662,2024,Court 5,3,3:00:00
7220325,662,2024,Harris,7,6:24:36.340821
7220324,662,2024,Court 4,4,4:00:00
7220323,662,2024,Stadium,6,5:09:17.586873
7220322,677,2024,Grandstand,1,0:58:01.134104
7220321,677,2024,Court 5,0,0:00:00
7220320,677,2024,Harris,2,2:00:00
7220319,677,2024,Court 4,2,2:00:00
7220318,677,2024,Stadium,1,1:00:00
7220317,562,2024,Grandstand,3,2:32:09.794317
7220316,562,2024,Court 5,4,2:48:12.274619
7220315,562,2024,Harris,5,4:25:10.667406
7220314,562,2024,Court 4,5,4:33:47.135170
7220313,562,2024,Stadium,9,9:00:00
7220312,543,2024,Grandstand,0,0:00:00
7220311,543,2024,Court 5,0,0:00:00
7220310,543,2024,Harris,0,0:00:00
7220309,543,2024,Court 4,0,0:00:00
7220308,543,2024,Stadium,0,0:00:00
7220307,666,2024,Grandstand,4,3:42:36.094607
7220306,666,2024,Court 5,3,2:26:10.760840
7220305,666,2024,Harris,4,4:00:00
7220304,666,2024,Court 4,2,2:00:00
7220303,666,2024,Stadium,3,3:00:00
7220302,532,2024,Grandstand,4,2:22:59.086436
7220301,532,2024,Court 5,3,3:00:00
7220300,532,2024,Harris,6,4:12:24.862266
7220299,532,2024,Court 4,5,5:00:00
7220298,532,2024,Stadium,6,5:27:14.059784
7220297,513,2024,Grandstand,7,6:31:55.026206
7220296,513,2024,Court 5,5,1:15:50.232545
7220295,513,2024,Harris,9,8:39:55.367652
7220294,513,2024,Court 4,4,3:11:28.147273
7220293,513,2024,Stadium,21,18:34:00.744091
7220292,673,2024,Grandstand,6,6:00:00
7220291,673,2024,Court 5,5,5:00:00
7220290,673,2024,Harris,7,7:00:00
7220289,673,2024,Court 4,7,6:01:23.648315
7220288,673,2024,Stadium,6,5:22:59.041458
7220287,529,2024,Grandstand,3,3:00:00
7220286,529,2024,Court 5,0,0:00:00
7220285,529,2024,Harris,2,1:24:36.340821
7220284,529,2024,Court 4,3,3:00:00
7220283,529,2024,Stadium,4,4:00:00
7220282,649,2024,Grandstand,5,4:35:08.101164
7220281,649,2024,Court 5,2,2:00:00
7220280,649,2024,Harris,6,3:01:18.471306
7220279,649,2024,Court 4,5,5:00:00
7220278,649,2024,Stadium,9,8:04:23.386051
7220277,572,2024,Grandstand,7,7:00:00
7220276,572,2024,Court 5,3,1:48:12.274619
7220275,572,2024,Harris,9,7:26:42.286456
7220274,572,2024,Court 4,8,6:35:20.779601
7220273,572,2024,Stadium,13,11:40:50.627146
7220272,518,2024,Grandstand,7,6:49:38.884407
7220271,518,2024,Court 5,5,5:00:00
7220270,518,2024,Harris,9,8:58:38.876088
7220269,518,2024,Court 4,6,4:21:11.325108
7220268,518,2024,Stadium,16,15:55:05.799178
7220267,537,2024,Grandstand,0,0:00:00
7220266,537,2024,Court 5,0,0:00:00
7220265,537,2024,Harris,0,0:00:00
7220264,537,2024,Court 4,0,0:00:00
7220263,537,2024,Stadium,0,0:00:00
7220262,681,2024,Grandstand,8,7:40:37.228711
7220261,681,2024,Court 5,4,4:00:00
7220260,681,2024,Harris,8,6:27:05.094361
7220259,681,2024,Court 4,5,3:45:43.347366
7220258,681,2024,Stadium,8,7:13:38.554385
7220257,511,2024,Grandstand,3,2:38:29.000456
7220256,511,2024,Court 5,3,3:00:00
7220255,511,2024,Harris,4,4:00:00
7220254,511,2024,Court 4,1,1:00:00
7220253,511,2024,Stadium,3,3:00:00
7220252,539,2024,Grandstand,0,0:00:00
7220251,539,2024,Court 5,0,0:00:00
7220250,539,2024,Harris,0,0:00:00
7220249,539,2024,Court 4,1,1:00:00
7220248,539,2024,Stadium,1,1:00:00
7220247,533,2024,Grandstand,0,0:00:00
7220246,533,2024,Court 5,0,0:00:00
7220245,533,2024,Harris,0,0:00:00
7220244,533,2024,Court 4,0,0:00:00
7220243,533,2024,Stadium,0,0:00:00
7220242,525,2024,Grandstand,6,5:20:13.101164
7220241,525,2024,Court 5,5,5:00:00
7220240,525,2024,Harris,9,7:35:22.055265
7220239,525,2024,Court 4,8,2:59:44.253948
7220238,525,2024,Stadium,17,15:36:22.287507
7220237,629,2024,Grandstand,3,2:32:09.814861
7220236,629,2024,Court 5,2,2:00:00
7220235,629,2024,Harris,5,4:50:35.900129
7220234,629,2024,Court 4,4,4:00:00
7220233,629,2024,Stadium,11,9:19:21.665291
7220232,524,2024,Grandstand,7,6:50:03.264707
7220231,524,2024,Court 5,5,3:23:37.926804
7220230,524,2024,Harris,10,5:25:52.584401
7220229,524,2024,Court 4,3,3:00:00
7220228,524,2024,Stadium,15,14:03:09.931572
7220227,663,2024,Grandstand,5,5:00:00
7220226,663,2024,Court 5,2,2:00:00
7220225,663,2024,Harris,6,5:14:11.181169
7220224,663,2024,Court 4,6,6:00:00
7220223,663,2024,Stadium,5,5:00:00
7220222,675,2024,Grandstand,5,4:56:54.057955
7220221,675,2024,Court 5,4,2:23:37.926804
7220220,675,2024,Harris,10,5:53:04.653640
7220219,675,2024,Court 4,5,5:00:00
7220218,675,2024,Stadium,6,6:00:00
7220217,614,2024,Grandstand,3,2:49:38.884407
7220216,614,2024,Court 5,4,4:00:00
7220215,614,2024,Harris,6,6:00:00
7220214,614,2024,Court 4,4,4:00:00
7220213,614,2024,Stadium,4,4:00:00
7220212,558,2024,Grandstand,4,3:50:03.264707
7220211,558,2024,Court 5,2,1:24:20.466995
7220210,558,2024,Harris,5,5:00:00
7220209,558,2024,Court 4,6,6:00:00
7220208,558,2024,Stadium,12,11:22:43.742655
7220207,669,2024,Grandstand,4,4:00:00
7220206,669,2024,Court 5,5,2:49:48.687644
7220205,669,2024,Harris,6,3:01:18.471306
7220204,669,2024,Court 4,3,1:20:17.284989
7220203,669,2024,Stadium,6,5:28:30.366129
7220202,617,2024,Grandstand,5,5:00:00
7220201,617,2024,Court 5,2,2:00:00
7220200,617,2024,Harris,6,5:02:34.179589
7220199,617,2024,Court 4,6,6:00:00
7220198,617,2024,Stadium,6,6:00:00
7220197,590,2024,Grandstand,3,2:41:31.597932
7220196,590,2024,Court 5,4,4:00:00
7220195,590,2024,Harris,8,8:00:00
7220194,590,2024,Court 4,6,4:20:17.284989
7220193,590,2024,Stadium,15,11:08:59.109330
7220192,613,2024,Grandstand,5,4:42:36.094607
7220191,613,2024,Court 5,6,5:26:10.760840
7220190,613,2024,Harris,12,10:18:09.179205
7220189,613,2024,Court 4,4,4:00:00
7220188,613,2024,Stadium,14,13:28:30.366129
7220187,514,2024,Grandstand,8,7:42:36.094607
7220186,514,2024,Court 5,4,4:00:00
7220185,514,2024,Harris,8,7:24:59.065624
7220184,514,2024,Court 4,4,4:00:00
7220183,514,2024,Stadium,12,11:12:56.657217
7220182,674,2024,Grandstand,6,5:24:46.985571
7220181,674,2024,Court 5,2,2:00:00
7220180,674,2024,Harris,6,6:00:00
7220179,674,2024,Court 4,5,5:00:00
7220178,674,2024,Stadium,12,11:16:50.155706
7220177,519,2024,Grandstand,2,2:00:00
7220176,519,2024,Court 5,1,1:00:00
7220175,519,2024,Harris,1,1:00:00
7220174,519,2024,Court 4,1,1:00:00
7220173,519,2024,Stadium,2,2:00:00
7220172,648,2024,Grandstand,5,5:00:00
7220171,648,2024,Court 5,3,1:23:37.926804
7220170,648,2024,Harris,4,1:01:18.471306
7220169,648,2024,Court 4,0,0:00:00
7220168,648,2024,Stadium,7,6:55:05.799178
7220167,620,2024,Grandstand,5,4:31:50.151772
7220166,620,2024,Court 5,5,4:26:10.760840
7220165,620,2024,Harris,11,10:59:13.546182
7220164,620,2024,Court 4,6,5:00:46.453818
7220163,620,2024,Stadium,21,19:19:55.063173
7220162,618,2024,Grandstand,4,4:00:00
7220161,618,2024,Court 5,3,3:00:00
7220160,618,2024,Harris,4,3:24:36.340821
7220159,618,2024,Court 4,0,0:00:00
7220158,618,2024,Stadium,6,6:00:00
7220157,594,2024,Grandstand,5,5:00:00
7220156,594,2024,Court 5,1,1:00:00
7220155,594,2024,Harris,2,1:24:36.340821
7220154,594,2024,Court 4,4,4:00:00
7220153,594,2024,Stadium,6,6:00:00
7220152,625,2024,Grandstand,0,0:00:00
7220151,625,2024,Court 5,0,0:00:00
7220150,625,2024,Harris,0,0:00:00
7220149,625,2024,Court 4,0,0:00:00
7220148,625,2024,Stadium,0,0:00:00
7220147,622,2024,Grandstand,6,6:00:00
7220146,622,2024,Court 5,5,3:48:12.274619
7220145,622,2024,Harris,7,5:01:18.027515
7220144,622,2024,Court 4,2,2:00:00
7220143,622,2024,Stadium,6,6:00:00
7220142,626,2024,Grandstand,8,7:27:36.509324
7220141,626,2024,Court 5,1,1:00:00
7220140,626,2024,Harris,8,8:00:00
7220139,626,2024,Court 4,9,7:13:14.729056
7220138,626,2024,Stadium,17,15:42:28.896454
7220137,651,2024,Grandstand,0,0:00:00
7220136,651,2024,Court 5,0,0:00:00
7220135,651,2024,Harris,0,0:00:00
7220134,651,2024,Court 4,0,0:00:00
7220133,651,2024,Stadium,0,0:00:00
7220132,598,2024,Grandstand,0,0:00:00
7220131,598,2024,Court 5,0,0:00:00
7220130,598,2024,Harris,0,0:00:00
7220129,598,2024,Court 4,0,0:00:00
7220128,598,2024,Stadium,0,0:00:00
7220127,536,2024,Grandstand,5,5:00:00
7220126,536,2024,Court 5,3,3:00:00
7220125,536,2024,Harris,9,8:24:36.340821
7220124,536,2024,Court 4,7,6:33:47.135170
7220123,536,2024,Stadium,22,20:22:30.242009
7220122,646,2024,Grandstand,0,0:00:00
7220121,646,2024,Court 5,0,0:00:00
7220120,646,2024,Harris,0,0:00:00
7220119,646,2024,Court 4,0,0:00:00
7220118,646,2024,Stadium,0,0:00:00
7220117,682,2024,Grandstand,7,7:00:00
7220116,682,2024,Court 5,3,"-1 day, 22:42:00.993385"
7220115,682,2024,Harris,7,6:30:04.925338
7220114,682,2024,Court 4,7,6:52:57.444067
7220113,682,2024,Stadium,6,5:55:05.799178
7220112,609,2024,Grandstand,4,4:00:00
7220111,609,2024,Court 5,0,0:00:00
7220110,609,2024,Harris,2,2:00:00
7220109,609,2024,Court 4,5,5:00:00
7220108,609,2024,Stadium,5,5:00:00
7220107,659,2024,Grandstand,3,3:00:00
7220106,659,2024,Court 5,4,4:00:00
7220105,659,2024,Harris,6,5:24:36.340821
7220104,659,2024,Court 4,4,4:00:00
7220103,659,2024,Stadium,6,5:55:05.799178
7220102,645,2024,Grandstand,0,0:00:00
7220101,645,2024,Court 5,0,0:00:00
7220100,645,2024,Harris,1,1:00:00
7220099,645,2024,Court 4,1,1:00:00
7220098,645,2024,Stadium,1,1:00:00
7220097,632,2024,Grandstand,5,5:00:00
7220096,632,2024,Court 5,0,0:00:00
7220095,632,2024,Harris,2,2:00:00
7220094,632,2024,Court 4,4,3:52:57.444067
7220093,632,2024,Stadium,2,2:00:00
7220092,580,2024,Grandstand,0,0:00:00
7220091,580,2024,Court 5,0,0:00:00
7220090,580,2024,Harris,0,0:00:00
7220089,580,2024,Court 4,0,0:00:00
7220088,580,2024,Stadium,0,0:00:00
7220087,679,2024,Grandstand,3,2:57:49.283521
7220086,679,2024,Court 5,3,3:00:00
7220085,679,2024,Harris,7,7:00:00
7220084,679,2024,Court 4,7,5:33:58.985753
7220083,679,2024,Stadium,10,8:29:03.027381
7220082,667,2024,Grandstand,2,2:00:00
7220081,667,2024,Court 5,2,2:00:00
7220080,667,2024,Harris,2,2:00:00
7220079,667,2024,Court 4,3,3:00:00
7220078,667,2024,Stadium,5,5:00:00
7220077,520,2024,Grandstand,8,7:21:48.652848
7220076,520,2024,Court 5,3,1:48:12.274619
7220075,520,2024,Harris,6,5:33:16.047783
7220074,520,2024,Court 4,7,7:00:00
7220073,520,2024,Stadium,15,15:00:00
7220072,517,2024,Grandstand,1,1:00:00
7220071,517,2024,Court 5,1,1:00:00
7220070,517,2024,Harris,0,0:00:00
7220069,517,2024,Court 4,0,0:00:00
7220068,517,2024,Stadium,0,0:00:00
7220067,676,2024,Grandstand,7,6:32:09.721826
7220066,676,2024,Court 5,5,0:04:02.507164
7220065,676,2024,Harris,3,2:50:32.351474
7220064,676,2024,Court 4,4,4:00:00
7220063,676,2024,Stadium,7,5:49:43.599705
7220062,619,2024,Grandstand,8,8:00:00
7220061,619,2024,Court 5,3,3:00:00
7220060,619,2024,Harris,7,6:29:40.451754
7220059,619,2024,Court 4,1,"-1 day, 23:20:17.284989"
7220058,619,2024,Stadium,10,10:00:00
7220057,627,2024,Grandstand,1,0:32:09.743372
7220056,627,2024,Court 5,0,0:00:00
7220055,627,2024,Harris,3,2:51:59.296072
7220054,627,2024,Court 4,3,3:00:00
7220053,627,2024,Stadium,2,1:08:00.703928
7220052,615,2024,Grandstand,5,5:00:00
7220051,615,2024,Court 5,2,2:00:00
7220050,615,2024,Harris,4,3:36:52.994036
7220049,615,2024,Court 4,5,5:00:00
7220048,615,2024,Stadium,7,5:57:58.358082
7220047,604,2024,Grandstand,0,0:00:00
7220046,604,2024,Court 5,0,0:00:00
7220045,604,2024,Harris,0,0:00:00
7220044,604,2024,Court 4,1,1:00:00
7220043,604,2024,Stadium,0,0:00:00
7220042,584,2024,Grandstand,4,3:18:32.059936
7220041,584,2024,Court 5,1,1:00:00
7220040,584,2024,Harris,8,7:27:44.976435
7220039,584,2024,Court 4,4,3:19:50.201196
7220038,584,2024,Stadium,6,4:12:47.271124
7220037,628,2024,Grandstand,6,5:49:38.884407
7220036,628,2024,Court 5,5,5:00:00
7220035,628,2024,Harris,6,6:00:00
7220034,628,2024,Court 4,5,5:00:00
7220033,628,2024,Stadium,16,15:58:43.693655
7220032,554,2024,Grandstand,6,5:23:14.905828
7220031,554,2024,Court 5,5,1:15:50.232545
7220030,554,2024,Harris,10,9:49:23.016178
7220029,554,2024,Court 4,4,3:01:04.601730
7220028,554,2024,Stadium,17,16:55:05.799178
7220027,636,2024,Grandstand,6,6:00:00
7220026,636,2024,Court 5,1,1:00:00
7220025,636,2024,Harris,9,8:04:24.188653
7220024,636,2024,Court 4,3,3:00:00
7220023,636,2024,Stadium,9,9:00:00
7220022,596,2024,Grandstand,6,5:34:31.850744
7220021,596,2024,Court 5,1,1:00:00
7220020,596,2024,Harris,8,8:00:00
7220019,596,2024,Court 4,6,6:00:00
7220018,596,2024,Stadium,14,14:00:00
7220017,542,2024,Grandstand,2,1:30:50.031290
7220016,542,2024,Court 5,1,1:00:00
7220015,542,2024,Harris,2,2:00:00
7220014,542,2024,Court 4,5,4:38:27.411333
7220013,542,2024,Stadium,3,3:00:00
7220012,597,2024,Grandstand,5,5:00:00
7220011,597,2024,Court 5,5,1:15:50.232545
7220010,597,2024,Harris,9,8:47:56.519384
7220009,597,2024,Court 4,5,2:04:01.987076
7220008,597,2024,Stadium,13,12:00:40.868938
7220007,599,2024,Grandstand,4,4:00:00
7220006,599,2024,Court 5,3,3:00:00
7220005,599,2024,Harris,10,8:04:32.735865
7220004,599,2024,Court 4,2,2:00:00
7220003,599,2024,Stadium,9,8:33:37.572543
7220002,561,2024,Grandstand,2,2:00:00
7220001,561,2024,Court 5,2,2:00:00
7220000,561,2024,Harris,1,1:00:00
7219999,561,2024,Court 4,1,1:00:00
7219998,561,2024,Stadium,2,2:00:00
7219997,571,2024,Grandstand,1,1:00:00
7219996,571,2024,Court 5,1,1:00:00
7219995,571,2024,Harris,1,0:57:24.167910
7219994,571,2024,Court 4,0,0:00:00
7219993,571,2024,Stadium,1,0:37:40.489571
7219992,544,2024,Grandstand,6,5:50:03.264707
7219991,544,2024,Court 5,5,4:26:10.760840
7219990,544,2024,Harris,8,7:49:11.990838
7219989,544,2024,Court 4,6,6:00:00
7219988,544,2024,Stadium,6,5:28:30.366129
7219987,602,2024,Grandstand,0,0:00:00
7219986,602,2024,Court 5,0,0:00:00
7219985,602,2024,Harris,0,0:00:00
7219984,602,2024,Court 4,1,0:58:41.166828
7219983,602,2024,Stadium,0,0:00:00
7219982,521,2024,Grandstand,6,6:00:00
7219981,521,2024,Court 5,5,3:23:37.926804
7219980,521,2024,Harris,10,5:52:36.507746
7219979,521,2024,Court 4,6,4:13:37.492747
7219978,521,2024,Stadium,15,12:17:34.068480
7219977,556,2024,Grandstand,4,3:58:01.134104
7219976,556,2024,Court 5,3,3:00:00
7219975,556,2024,Harris,8,8:00:00
7219974,556,2024,Court 4,4,4:00:00
7219973,556,2024,Stadium,11,9:54:46.016399
7219972,577,2024,Grandstand,5,4:49:38.884407
7219971,577,2024,Court 5,1,1:00:00
7219970,577,2024,Harris,5,3:53:09.794295
7219969,577,2024,Court 4,2,2:00:00
7219968,577,2024,Stadium,12,11:55:05.799178
7219967,608,2024,Grandstand,3,3:00:00
7219966,608,2024,Court 5,3,1:23:37.926804
7219965,608,2024,Harris,5,1:25:54.812127
7219964,608,2024,Court 4,1,1:00:00
7219963,608,2024,Stadium,7,6:28:30.366129
7219962,592,2024,Grandstand,8,7:29:08.906098
7219961,592,2024,Court 5,4,4:00:00
7219960,592,2024,Harris,7,5:27:04.890562
7219959,592,2024,Court 4,4,2:05:46.212455
7219958,592,2024,Stadium,17,15:47:18.933891
7219957,566,2024,Grandstand,0,0:00:00
7219956,566,2024,Court 5,0,0:00:00
7219955,566,2024,Harris,0,0:00:00
7219954,566,2024,Court 4,0,0:00:00
7219953,566,2024,Stadium,0,0:00:00
7219952,564,2024,Grandstand,6,5:17:44.195771
7219951,564,2024,Court 5,2,2:00:00
7219950,564,2024,Harris,6,3:18:51.035868
7219949,564,2024,Court 4,5,5:00:00
7219948,564,2024,Stadium,9,9:00:00
7219947,611,2024,Grandstand,7,6:56:53.835766
7219946,611,2024,Court 5,2,"-1 day, 22:15:50.232545"
7219945,611,2024,Harris,7,6:49:40.161543
7219944,611,2024,Court 4,10,6:59:51.077947
7219943,611,2024,Stadium,8,7:01:48.492055
7219942,515,2024,Grandstand,10,9:41:51.482505
7219941,515,2024,Court 5,3,3:00:00
7219940,515,2024,Harris,5,3:49:00.247008
7219939,515,2024,Court 4,6,5:30:15.751599
7219938,515,2024,Stadium,17,17:00:00
7219937,601,2024,Grandstand,5,5:00:00
7219936,601,2024,Court 5,1,1:00:00
7219935,601,2024,Harris,1,1:00:00
7219934,601,2024,Court 4,3,3:00:00
7219933,601,2024,Stadium,3,2:12:15.840377
7219932,560,2024,Grandstand,2,2:00:00
7219931,560,2024,Court 5,1,1:00:00
7219930,560,2024,Harris,3,2:26:00.891266
7219929,560,2024,Court 4,2,1:55:26.013114
7219928,560,2024,Stadium,1,1:00:00
7219927,568,2024,Grandstand,0,0:00:00
7219926,568,2024,Court 5,0,0:00:00
7219925,568,2024,Harris,2,2:00:00
7219924,568,2024,Court 4,3,3:00:00
7219923,568,2024,Stadium,3,2:40:26.012832
7219922,581,2024,Grandstand,2,2:00:00
7219921,581,2024,Court 5,2,2:00:00
7219920,581,2024,Harris,3,3:00:00
7219919,581,2024,Court 4,2,1:36:17.691225
7219918,581,2024,Stadium,1,0:45:16.350832
7219917,582,2024,Grandstand,6,6:00:00
7219916,582,2024,Court 5,4,4:00:00
7219915,582,2024,Harris,9,7:27:17.131792
7219914,582,2024,Court 4,4,3:41:45.530318
7219913,582,2024,Stadium,8,7:18:06.129878
7219912,630,2024,Grandstand,5,5:00:00
7219911,630,2024,Court 5,4,4:00:00
7219910,630,2024,Harris,8,7:22:39.035054
7219909,630,2024,Court 4,3,3:00:00
7219908,630,2024,Stadium,4,4:00:00
7219907,549,2024,Grandstand,2,2:00:00
7219906,549,2024,Court 5,2,2:00:00
7219905,549,2024,Harris,7,6:50:30.015649
7219904,549,2024,Court 4,4,2:38:44.074898
7219903,549,2024,Stadium,9,8:58:41.587048
7219902,545,2024,Grandstand,6,5:09:12.513716
7219901,545,2024,Court 5,3,"-1 day, 22:04:02.507164"
7219900,545,2024,Harris,3,2:50:32.351474
7219899,545,2024,Court 4,4,4:00:00
7219898,545,2024,Stadium,6,6:00:00
7219897,586,2024,Grandstand,1,1:00:00
7219896,586,2024,Court 5,3,3:00:00
7219895,586,2024,Harris,2,2:00:00
7219894,586,2024,Court 4,0,0:00:00
7219893,586,2024,Stadium,0,0:00:00
7219892,600,2024,Grandstand,0,0:00:00
7219891,600,2024,Court 5,0,0:00:00
7219890,600,2024,Harris,0,0:00:00
7219889,600,2024,Court 4,0,0:00:00
7219888,600,2024,Stadium,0,0:00:00
7219887,612,2024,Grandstand,5,4:42:36.094607
7219886,612,2024,Court 5,1,1:00:00
7219885,612,2024,Harris,3,2:24:59.036775
7219884,612,2024,Court 4,2,1:19:50.201196
7219883,612,2024,Stadium,5,5:00:00
7219882,660,2024,Grandstand,6,5:35:08.101164
7219880,660,2024,Court 5,2,2:00:00
7219879,660,2024,Harris,5,4:49:23.016178
7219878,660,2024,Court 4,4,4:00:00
7219877,660,2024,Stadium,5,5:00:00
7219876,534,2024,Grandstand,8,7:52:12.650392
7219875,534,2024,Court 5,3,3:00:00
7219874,534,2024,Harris,12,11:02:34.018837
7219873,534,2024,Court 4,7,6:52:57.444067
7219872,534,2024,Stadium,15,14:21:27.168820
7219871,621,2024,Grandstand,8,7:30:02.176894
7219870,621,2024,Court 5,3,3:00:00
7219869,621,2024,Harris,11,9:35:21.932985
7219868,621,2024,Court 4,7,4:06:03.020014
7219867,621,2024,Stadium,8,7:13:38.554385
7219866,603,2024,Grandstand,0,0:00:00
7219865,603,2024,Court 5,0,0:00:00
7219864,603,2024,Harris,1,1:00:00
7219863,603,2024,Court 4,2,0:59:40.690949
7219862,603,2024,Stadium,0,0:00:00
7219861,535,2024,Grandstand,7,6:42:36.094607
7219860,535,2024,Court 5,3,3:00:00
7219859,535,2024,Harris,10,8:06:52.804497
7219858,535,2024,Court 4,4,4:00:00
7219857,535,2024,Stadium,18,16:08:20.500255
7219856,591,2024,Grandstand,8,7:32:09.657741
7219855,591,2024,Court 5,4,2:23:37.926804
7219854,591,2024,Harris,10,6:03:24.416941
7219853,591,2024,Court 4,3,2:30:15.605094
7219852,591,2024,Stadium,14,13:22:43.562735
1008536,641,2023,Grandstand,0,0:00:00
1008535,641,2023,Court 5,0,0:00:00
1008534,641,2023,Harris,0,0:00:00
1008533,641,2023,Court 4,0,0:00:00
1008532,641,2023,Stadium,0,0:00:00
676466,640,2023,Grandstand,4,3:20:08.414245
676465,640,2023,Court 5,1,1:00:00
676464,640,2023,Harris,3,3:00:00
676463,640,2023,Court 4,1,1:00:00
676462,640,2023,Stadium,3,2:16:37.823410
518216,639,2023,Grandstand,7,6:10:48.995716
518215,639,2023,Court 5,2,2:00:00
518214,639,2023,Harris,3,3:00:00
518213,639,2023,Court 4,2,2:00:00
518212,639,2023,Stadium,3,3:00:00
479786,638,2023,Grandstand,0,0:00:00
479785,638,2023,Court 5,0,0:00:00
479784,638,2023,Harris,0,0:00:00
479783,638,2023,Court 4,0,0:00:00
479782,638,2023,Stadium,0,0:00:00
479781,636,2023,Grandstand,8,6:18:22.556141
479780,636,2023,Court 5,3,2:26:14.200398
479779,636,2023,Harris,11,10:53:40.931398
479778,636,2023,Court 4,7,5:00:53.275821
479777,636,2023,Stadium,6,4:43:56.586788
479776,634,2023,Grandstand,6,5:40:26.812801
479775,634,2023,Court 5,4,3:19:33.187199
479774,634,2023,Harris,9,9:00:00
479773,634,2023,Court 4,8,6:20:37.705248
479772,634,2023,Stadium,7,6:31:36.355937
479771,632,2023,Grandstand,4,4:00:00
479770,632,2023,Court 5,2,1:04:54.144662
479769,632,2023,Harris,6,5:38:22.970330
479768,632,2023,Court 4,3,3:00:00
479767,632,2023,Stadium,4,4:00:00
479766,637,2023,Grandstand,4,3:28:10.235568
479765,637,2023,Court 5,3,3:00:00
479764,637,2023,Harris,7,7:00:00
479763,637,2023,Court 4,6,5:42:34.491651
479762,637,2023,Stadium,6,6:00:00
479761,630,2023,Grandstand,3,3:00:00
479760,630,2023,Court 5,3,3:00:00
479759,630,2023,Harris,4,4:00:00
479758,630,2023,Court 4,5,5:00:00
479757,630,2023,Stadium,5,4:05:31.017149
479756,635,2023,Grandstand,5,5:00:00
479755,635,2023,Court 5,8,6:12:05.409972
479754,635,2023,Harris,10,10:00:00
479753,635,2023,Court 4,7,5:42:04.072208
479752,635,2023,Stadium,7,7:00:00
479751,628,2023,Grandstand,10,8:24:07.736092
479750,628,2023,Court 5,2,1:50:51.515487
479749,628,2023,Harris,4,4:00:00
479748,628,2023,Court 4,4,3:57:50.238229
479747,628,2023,Stadium,4,3:16:37.823410
479746,633,2023,Grandstand,3,3:00:00
479745,633,2023,Court 5,0,0:00:00
479744,633,2023,Harris,2,2:00:00
479743,633,2023,Court 4,3,2:01:06.646516
479742,633,2023,Stadium,1,1:00:00
479741,626,2023,Grandstand,6,5:06:40.706641
479740,626,2023,Court 5,2,2:00:00
479739,626,2023,Harris,5,4:21:53.543827
479738,626,2023,Court 4,5,4:22:42.029172
479737,626,2023,Stadium,7,7:00:00
479736,631,2023,Grandstand,1,1:00:00
479735,631,2023,Court 5,1,1:00:00
479734,631,2023,Harris,3,3:00:00
479733,631,2023,Court 4,1,1:00:00
479732,631,2023,Stadium,1,0:52:02.531584
479731,624,2023,Grandstand,4,4:00:00
479730,624,2023,Court 5,2,1:16:58.768705
479729,624,2023,Harris,1,1:00:00
479728,624,2023,Court 4,2,2:00:00
479727,624,2023,Stadium,3,3:00:00
479726,629,2023,Grandstand,5,5:00:00
479725,629,2023,Court 5,6,5:07:20.129997
479724,629,2023,Harris,2,2:00:00
479723,629,2023,Court 4,3,3:00:00
479722,629,2023,Stadium,7,6:31:36.355937
479721,622,2023,Grandstand,9,8:10:48.970215
479720,622,2023,Court 5,2,2:00:00
479719,622,2023,Harris,4,4:00:00
479718,622,2023,Court 4,4,2:53:05.745019
479717,622,2023,Stadium,5,4:58:41.876405
479716,627,2023,Grandstand,3,3:00:00
479715,627,2023,Court 5,0,0:00:00
479714,627,2023,Harris,2,1:57:56.759278
479713,627,2023,Court 4,3,3:00:00
479712,627,2023,Stadium,6,6:00:00
479711,620,2023,Grandstand,8,7:27:07.449812
479710,620,2023,Court 5,6,4:36:51.446910
479709,620,2023,Harris,10,8:54:14.883950
479708,620,2023,Court 4,5,5:00:00
479707,620,2023,Stadium,9,8:31:36.355937
479706,625,2023,Grandstand,7,6:53:00.964433
479705,625,2023,Court 5,3,3:00:00
479704,625,2023,Harris,7,7:00:00
479703,625,2023,Court 4,4,4:00:00
479702,625,2023,Stadium,10,9:31:36.355937
479701,618,2023,Grandstand,5,3:58:50.502580
479700,618,2023,Court 5,1,1:00:00
479699,618,2023,Harris,5,4:57:54.293023
479698,618,2023,Court 4,4,2:57:27.909293
479697,618,2023,Stadium,5,3:15:10.312869
479696,616,2023,Grandstand,4,3:56:56.114985
479695,616,2023,Court 5,2,1:16:58.768705
479694,616,2023,Harris,3,3:00:00
479693,616,2023,Court 4,1,1:00:00
479692,616,2023,Stadium,5,5:00:00
479691,623,2023,Grandstand,3,2:40:49.741601
479690,623,2023,Court 5,2,1:19:10.258399
479689,623,2023,Harris,4,3:57:56.759278
479688,623,2023,Court 4,5,5:00:00
479687,623,2023,Stadium,5,4:01:54.458199
479686,614,2023,Grandstand,3,3:00:00
479685,614,2023,Court 5,1,1:00:00
479684,614,2023,Harris,2,1:57:56.759278
479683,614,2023,Court 4,3,3:00:00
479682,614,2023,Stadium,3,3:00:00
479681,621,2023,Grandstand,5,5:00:00
479680,621,2023,Court 5,2,2:00:00
479679,621,2023,Harris,5,5:00:00
479678,621,2023,Court 4,3,3:00:00
479677,621,2023,Stadium,4,4:00:00
479676,612,2023,Grandstand,3,3:00:00
479675,612,2023,Court 5,2,1:50:51.515487
479674,612,2023,Harris,5,5:00:00
479673,612,2023,Court 4,4,3:01:06.646516
479672,612,2023,Stadium,4,3:10:10.787186
479671,610,2023,Grandstand,2,2:00:00
479670,610,2023,Court 5,1,1:00:00
479669,610,2023,Harris,2,1:43:18.523138
479668,610,2023,Court 4,1,1:00:00
479667,610,2023,Stadium,1,1:00:00
479666,619,2023,Grandstand,3,3:00:00
479665,619,2023,Court 5,3,3:00:00
479664,619,2023,Harris,3,3:00:00
479663,619,2023,Court 4,3,2:45:45.643779
479662,619,2023,Stadium,3,3:00:00
479661,615,2023,Grandstand,6,6:00:00
479660,615,2023,Court 5,1,1:00:00
479659,615,2023,Harris,9,8:55:40.849677
479658,615,2023,Court 4,4,3:42:34.491651
479657,615,2023,Stadium,7,7:00:00
479656,597,2023,Grandstand,5,4:06:40.706641
479655,597,2023,Court 5,3,2:55:55.341569
479654,597,2023,Harris,6,6:00:00
479653,597,2023,Court 4,5,4:43:33.781330
479652,597,2023,Stadium,14,12:12:31.206094
479651,613,2023,Grandstand,6,5:53:00.964433
479650,613,2023,Court 5,3,3:00:00
479649,613,2023,Harris,6,6:00:00
479648,613,2023,Court 4,7,6:20:49.633175
479647,613,2023,Stadium,7,5:41:14.470311
479646,541,2023,Grandstand,3,2:56:56.114985
479645,541,2023,Court 5,0,0:00:00
479644,541,2023,Harris,2,2:00:00
479643,541,2023,Court 4,2,2:00:00
479642,541,2023,Stadium,3,2:49:55.926823
479641,560,2023,Grandstand,0,0:00:00
479640,560,2023,Court 5,2,2:00:00
479639,560,2023,Harris,2,2:00:00
479638,560,2023,Court 4,2,2:00:00
479637,560,2023,Stadium,1,1:00:00
479636,611,2023,Grandstand,4,4:00:00
479635,611,2023,Court 5,3,2:46:46.857056
479634,611,2023,Harris,5,5:00:00
479633,611,2023,Court 4,4,2:57:10.421254
479632,611,2023,Stadium,6,4:41:47.143123
479631,519,2023,Grandstand,4,3:06:40.706641
479630,519,2023,Court 5,1,1:00:00
479629,519,2023,Harris,3,3:00:00
479628,519,2023,Court 4,3,3:00:00
479627,519,2023,Stadium,5,5:00:00
479626,609,2023,Grandstand,3,3:00:00
479625,609,2023,Court 5,3,3:00:00
479624,609,2023,Harris,2,2:00:00
479623,609,2023,Court 4,2,2:00:00
479622,609,2023,Stadium,2,2:00:00
479621,511,2023,Grandstand,2,2:00:00
479620,511,2023,Court 5,2,1:49:51.895030
479619,511,2023,Harris,4,3:29:41.169412
479618,511,2023,Court 4,3,3:00:00
479617,511,2023,Stadium,2,2:00:00
479616,559,2023,Grandstand,1,1:00:00
479615,559,2023,Court 5,4,4:00:00
479614,559,2023,Harris,10,10:00:00
479613,559,2023,Court 4,5,4:58:16.588813
479612,559,2023,Stadium,7,7:00:00
479611,617,2023,Grandstand,3,2:27:07.449812
479610,617,2023,Court 5,3,3:00:00
479609,617,2023,Harris,6,6:00:00
479608,617,2023,Court 4,5,5:00:00
479607,617,2023,Stadium,3,2:16:37.823410
479606,608,2023,Grandstand,6,4:58:58.401605
479605,608,2023,Court 5,1,1:00:00
479604,608,2023,Harris,5,4:57:56.759278
479603,608,2023,Court 4,2,2:00:00
479602,608,2023,Stadium,5,4:04:51.356214
479601,607,2023,Grandstand,4,4:00:00
479600,607,2023,Court 5,2,2:00:00
479599,607,2023,Harris,5,5:00:00
479598,607,2023,Court 4,4,3:45:45.643779
479597,607,2023,Stadium,5,5:00:00
479596,606,2023,Grandstand,4,4:00:00
479595,606,2023,Court 5,2,2:00:00
479594,606,2023,Harris,3,2:57:56.759278
479593,606,2023,Court 4,0,0:00:00
479592,606,2023,Stadium,4,3:58:55.222714
479591,605,2023,Grandstand,4,4:00:00
479590,605,2023,Court 5,8,6:04:47.562292
479589,605,2023,Harris,6,5:02:32.390198
479588,605,2023,Court 4,4,4:00:00
479587,605,2023,Stadium,4,4:00:00
479586,604,2023,Grandstand,0,0:00:00
479585,604,2023,Court 5,0,0:00:00
479584,604,2023,Harris,0,0:00:00
479583,604,2023,Court 4,0,0:00:00
479582,604,2023,Stadium,0,0:00:00
479581,603,2023,Grandstand,0,0:00:00
479580,603,2023,Court 5,1,1:00:00
479579,603,2023,Harris,3,2:53:46.247114
479578,603,2023,Court 4,0,0:00:00
479577,603,2023,Stadium,0,0:00:00
479576,602,2023,Grandstand,1,0:25:54.640354
479575,602,2023,Court 5,1,1:00:00
479574,602,2023,Harris,0,0:00:00
479573,602,2023,Court 4,0,0:00:00
479572,602,2023,Stadium,3,2:00:52.174990
479571,601,2023,Grandstand,1,1:00:00
479570,601,2023,Court 5,1,1:00:00
479569,601,2023,Harris,0,0:00:00
479568,601,2023,Court 4,0,0:00:00
479567,601,2023,Stadium,0,0:00:00
479566,600,2023,Grandstand,3,1:43:20.482223
479565,600,2023,Court 5,0,0:00:00
479564,600,2023,Harris,2,1:27:28.460560
479563,600,2023,Court 4,0,0:00:00
479562,600,2023,Stadium,0,0:00:00
479561,599,2023,Grandstand,6,6:00:00
479560,599,2023,Court 5,7,5:28:23.474185
479559,599,2023,Harris,6,5:21:53.543827
479558,599,2023,Court 4,6,4:42:57.557896
479557,599,2023,Stadium,10,9:17:39.183728
479556,598,2023,Grandstand,0,0:00:00
479555,598,2023,Court 5,1,1:00:00
479554,598,2023,Harris,4,3:49:56.548858
479553,598,2023,Court 4,3,1:57:18.241198
479552,598,2023,Stadium,2,1:31:36.355937
479551,596,2023,Grandstand,1,1:00:00
479550,596,2023,Court 5,3,3:00:00
479549,596,2023,Harris,6,6:00:00
479548,596,2023,Court 4,6,5:51:20.860305
479547,596,2023,Stadium,14,14:00:00
479546,595,2023,Grandstand,2,2:00:00
479545,595,2023,Court 5,3,2:21:50.244468
479544,595,2023,Harris,3,2:00:09.997208
479543,595,2023,Court 4,2,1:32:39.521279
479542,595,2023,Stadium,2,1:10:11.252160
479541,594,2023,Grandstand,6,6:00:00
479540,594,2023,Court 5,4,4:00:00
479539,594,2023,Harris,9,8:56:41.530483
479538,594,2023,Court 4,5,4:19:18.409759
479537,594,2023,Stadium,14,11:48:13.805417
479536,593,2023,Grandstand,6,6:00:00
479535,593,2023,Court 5,6,5:26:26.346465
479534,593,2023,Harris,7,7:00:00
479533,593,2023,Court 4,6,4:56:22.751559
479532,593,2023,Stadium,11,9:36:26.745255
479531,592,2023,Grandstand,6,5:27:07.449812
479530,592,2023,Court 5,4,3:50:51.515487
479529,592,2023,Harris,8,8:00:00
479528,592,2023,Court 4,8,7:22:42.029172
479527,592,2023,Stadium,16,14:44:03.130715
479526,591,2023,Grandstand,11,10:07:44.998449
479525,591,2023,Court 5,4,4:00:00
479524,591,2023,Harris,4,3:21:53.543827
479523,591,2023,Court 4,7,7:00:00
479522,591,2023,Stadium,17,16:17:39.183728
479521,590,2023,Grandstand,5,5:00:00
479520,590,2023,Court 5,2,2:00:00
479519,590,2023,Harris,4,4:00:00
479518,590,2023,Court 4,6,5:28:20.135430
479517,590,2023,Stadium,12,10:32:28.067930
479516,589,2023,Grandstand,5,4:33:58.249646
479515,589,2023,Court 5,2,1:26:01.750354
479514,589,2023,Harris,8,8:00:00
479513,589,2023,Court 4,4,3:50:41.914498
479512,589,2023,Stadium,7,7:00:00
479511,588,2023,Grandstand,5,4:33:54.276722
479510,588,2023,Court 5,2,1:25:13.423182
479509,588,2023,Harris,7,7:00:00
479508,588,2023,Court 4,0,0:00:00
479507,588,2023,Stadium,4,4:00:00
479506,587,2023,Grandstand,4,4:00:00
479505,587,2023,Court 5,2,2:00:00
479504,587,2023,Harris,3,3:00:00
479503,587,2023,Court 4,4,4:00:00
479502,587,2023,Stadium,11,10:02:53.091720
479501,586,2023,Grandstand,1,1:00:00
479500,586,2023,Court 5,3,3:00:00
479499,586,2023,Harris,7,4:00:03.532649
479498,586,2023,Court 4,3,2:22:42.029172
479497,586,2023,Stadium,1,1:00:00
479496,644,2023,Grandstand,5,4:53:00.964433
479495,644,2023,Court 5,9,8:11:24.634512
479494,644,2023,Harris,7,6:11:54.230601
479493,644,2023,Court 4,7,6:45:45.643779
479492,644,2023,Stadium,12,11:17:39.183728
479491,584,2023,Grandstand,6,6:00:00
479490,584,2023,Court 5,4,3:15:27.816890
479489,584,2023,Harris,7,5:59:56.366546
479488,584,2023,Court 4,7,5:56:47.231204
479487,584,2023,Stadium,7,7:00:00
479486,583,2023,Grandstand,5,4:31:54.895095
479485,583,2023,Court 5,2,2:00:00
479484,583,2023,Harris,8,7:56:38.378378
479483,583,2023,Court 4,5,4:58:31.924164
479482,583,2023,Stadium,9,8:27:25.307305
479481,582,2023,Grandstand,5,5:00:00
479480,582,2023,Court 5,2,2:00:00
479479,582,2023,Harris,7,6:19:50.303105
479478,582,2023,Court 4,6,6:00:00
479477,582,2023,Stadium,13,11:20:32.275448
479476,581,2023,Grandstand,10,9:10:48.828844
479475,581,2023,Court 5,3,3:00:00
479474,581,2023,Harris,8,7:19:23.033685
479473,581,2023,Court 4,6,5:01:06.646516
479472,581,2023,Stadium,13,11:37:36.094491
479471,580,2023,Grandstand,5,4:06:40.706641
479470,580,2023,Court 5,4,3:16:58.768705
479469,580,2023,Harris,4,4:00:00
479468,580,2023,Court 4,4,4:00:00
479467,580,2023,Stadium,15,13:03:34.960752
479466,579,2023,Grandstand,5,3:25:41.831005
479465,579,2023,Court 5,2,2:00:00
479464,579,2023,Harris,5,4:53:35.562273
479463,579,2023,Court 4,3,1:04:31.282410
479462,579,2023,Stadium,2,2:00:00
479461,578,2023,Grandstand,6,4:33:48.156453
479460,578,2023,Court 5,5,5:00:00
479459,578,2023,Harris,6,6:00:00
479458,578,2023,Court 4,6,5:55:40.584688
479457,578,2023,Stadium,14,12:17:48.432305
479456,577,2023,Grandstand,2,1:53:00.964433
479455,577,2023,Court 5,0,0:00:00
479454,577,2023,Harris,3,2:57:56.759278
479453,577,2023,Court 4,0,0:00:00
479452,577,2023,Stadium,2,2:00:00
479451,576,2023,Grandstand,0,0:00:00
479450,576,2023,Court 5,0,0:00:00
479449,576,2023,Harris,0,0:00:00
479448,576,2023,Court 4,0,0:00:00
479447,576,2023,Stadium,0,0:00:00
479446,575,2023,Grandstand,3,3:00:00
479445,575,2023,Court 5,7,4:42:07.955916
479444,575,2023,Harris,9,8:14:08.197109
479443,575,2023,Court 4,8,6:38:08.778632
479442,575,2023,Stadium,7,5:37:03.421679
479441,574,2023,Grandstand,9,8:10:49.030987
479440,574,2023,Court 5,5,5:00:00
479439,574,2023,Harris,10,8:21:53.611197
479438,574,2023,Court 4,4,3:53:37.276596
479437,574,2023,Stadium,14,14:00:00
479436,573,2023,Grandstand,5,4:00:04.965816
479435,573,2023,Court 5,3,3:00:00
479434,573,2023,Harris,5,5:00:00
479433,573,2023,Court 4,4,3:42:34.491651
479432,573,2023,Stadium,6,4:18:53.063374
479431,572,2023,Grandstand,7,6:06:40.706641
479430,572,2023,Court 5,9,8:11:24.683442
479429,572,2023,Harris,7,7:00:00
479428,572,2023,Court 4,5,4:01:06.646516
479427,572,2023,Stadium,12,10:45:04.491033
479426,571,2023,Grandstand,3,3:00:00
479425,571,2023,Court 5,2,2:00:00
479424,571,2023,Harris,4,4:00:00
479423,571,2023,Court 4,1,1:00:00
479422,571,2023,Stadium,2,2:00:00
479421,570,2023,Grandstand,0,0:00:00
479420,570,2023,Court 5,0,0:00:00
479419,570,2023,Harris,0,0:00:00
479418,570,2023,Court 4,0,0:00:00
479417,570,2023,Stadium,0,0:00:00
479416,569,2023,Grandstand,0,0:00:00
479415,569,2023,Court 5,0,0:00:00
479414,569,2023,Harris,0,0:00:00
479413,569,2023,Court 4,0,0:00:00
479412,569,2023,Stadium,0,0:00:00
479411,568,2023,Grandstand,1,1:00:00
479410,568,2023,Court 5,1,1:00:00
479409,568,2023,Harris,2,2:00:00
479408,568,2023,Court 4,2,2:00:00
479407,568,2023,Stadium,1,1:00:00
479406,567,2023,Grandstand,0,0:00:00
479405,567,2023,Court 5,0,0:00:00
479404,567,2023,Harris,0,0:00:00
479403,567,2023,Court 4,0,0:00:00
479402,567,2023,Stadium,0,0:00:00
479401,566,2023,Grandstand,3,2:27:07.449812
479400,566,2023,Court 5,2,1:08:23.922777
479399,566,2023,Harris,5,5:00:00
479398,566,2023,Court 4,6,4:59:27.305000
479397,566,2023,Stadium,4,2:50:52.328621
479396,565,2023,Grandstand,3,3:00:00
479395,565,2023,Court 5,3,3:00:00
479394,565,2023,Harris,8,6:32:27.207142
479393,565,2023,Court 4,6,5:01:06.646516
479392,565,2023,Stadium,15,14:09:38.114374
479391,564,2023,Grandstand,3,3:00:00
479390,564,2023,Court 5,3,2:25:02.219697
479389,564,2023,Harris,5,4:34:57.780303
479388,564,2023,Court 4,3,3:00:00
479387,564,2023,Stadium,4,4:00:00
479386,563,2023,Grandstand,7,6:27:07.449812
479385,563,2023,Court 5,2,2:00:00
479384,563,2023,Harris,5,5:00:00
479383,563,2023,Court 4,5,5:00:00
479382,563,2023,Stadium,6,6:00:00
479381,562,2023,Grandstand,7,7:00:00
479380,562,2023,Court 5,2,2:00:00
479379,562,2023,Harris,7,6:57:56.759278
479378,562,2023,Court 4,4,3:42:34.491651
479377,562,2023,Stadium,12,12:00:00
479376,561,2023,Grandstand,1,1:00:00
479375,561,2023,Court 5,2,2:00:00
479374,561,2023,Harris,2,2:00:00
479373,561,2023,Court 4,2,2:00:00
479372,561,2023,Stadium,0,0:00:00
479371,558,2023,Grandstand,4,4:00:00
479370,558,2023,Court 5,5,4:06:21.381640
479369,558,2023,Harris,6,6:00:00
479368,558,2023,Court 4,6,5:22:42.029172
479367,558,2023,Stadium,5,5:00:00
479366,557,2023,Grandstand,7,6:06:40.706641
479365,557,2023,Court 5,5,5:00:00
479364,557,2023,Harris,7,6:55:36.476433
479363,557,2023,Court 4,5,5:00:00
479362,557,2023,Stadium,12,12:00:00
479361,556,2023,Grandstand,5,5:00:00
479360,556,2023,Court 5,3,2:55:55.341569
479359,556,2023,Harris,5,5:00:00
479358,556,2023,Court 4,7,7:00:00
479357,556,2023,Stadium,16,15:02:53.091720
479356,555,2023,Grandstand,0,0:00:00
479355,555,2023,Court 5,0,0:00:00
479354,555,2023,Harris,0,0:00:00
479353,555,2023,Court 4,0,0:00:00
479352,555,2023,Stadium,0,0:00:00
479351,554,2023,Grandstand,7,7:00:00
479350,554,2023,Court 5,2,2:00:00
479349,554,2023,Harris,7,7:00:00
479348,554,2023,Court 4,8,7:22:42.029172
479347,554,2023,Stadium,11,11:00:00
479346,553,2023,Grandstand,6,6:00:00
479345,553,2023,Court 5,5,5:00:00
479344,553,2023,Harris,7,6:57:56.759278
479343,553,2023,Court 4,7,6:08:27.672951
479342,553,2023,Stadium,17,14:11:32.869336
479341,552,2023,Grandstand,3,2:23:42.067921
479340,552,2023,Court 5,4,3:36:17.932079
479339,552,2023,Harris,8,8:00:00
479338,552,2023,Court 4,7,6:45:45.643779
479337,552,2023,Stadium,11,10:17:39.183728
479336,551,2023,Grandstand,3,3:00:00
479335,551,2023,Court 5,5,5:00:00
479334,551,2023,Harris,12,11:18:21.587654
479333,551,2023,Court 4,7,6:57:52.876787
479332,551,2023,Stadium,9,6:51:25.257497
479331,550,2023,Grandstand,5,5:00:00
479330,550,2023,Court 5,3,3:00:00
479329,550,2023,Harris,4,4:00:00
479328,550,2023,Court 4,4,4:00:00
479327,550,2023,Stadium,11,9:20:32.275448
479326,549,2023,Grandstand,3,3:00:00
479325,549,2023,Court 5,2,2:00:00
479324,549,2023,Harris,3,3:00:00
479323,549,2023,Court 4,3,2:01:06.646516
479322,549,2023,Stadium,9,7:27:17.298102
479321,548,2023,Grandstand,6,5:03:01.981839
479320,548,2023,Court 5,2,2:00:00
479319,548,2023,Harris,4,4:00:00
479318,548,2023,Court 4,4,2:57:15.776782
479317,548,2023,Stadium,5,4:27:25.307305
479316,547,2023,Grandstand,0,0:00:00
479315,547,2023,Court 5,3,2:51:51.153790
479314,547,2023,Harris,4,4:00:00
479313,547,2023,Court 4,5,4:58:54.678613
479312,547,2023,Stadium,5,3:44:03.130715
479311,546,2023,Grandstand,2,2:00:00
479310,546,2023,Court 5,1,1:00:00
479309,546,2023,Harris,4,4:00:00
479308,546,2023,Court 4,4,3:53:51.249658
479307,546,2023,Stadium,2,1:59:03.849055
479306,545,2023,Grandstand,3,2:07:12.371581
479305,545,2023,Court 5,2,2:00:00
479304,545,2023,Harris,4,2:02:21.686210
479303,545,2023,Court 4,2,2:00:00
479302,545,2023,Stadium,3,3:00:00
479301,544,2023,Grandstand,5,5:00:00
479300,544,2023,Court 5,3,3:00:00
479299,544,2023,Harris,6,5:21:53.543827
479298,544,2023,Court 4,7,6:41:26.228467
479297,544,2023,Stadium,5,5:00:00
479296,543,2023,Grandstand,0,0:00:00
479295,543,2023,Court 5,0,0:00:00
479294,543,2023,Harris,0,0:00:00
479293,543,2023,Court 4,0,0:00:00
479292,543,2023,Stadium,0,0:00:00
479291,542,2023,Grandstand,3,2:14:01.904184
479290,542,2023,Court 5,2,2:00:00
479289,542,2023,Harris,5,4:08:17.982335
479288,542,2023,Court 4,4,3:01:24.550227
479287,542,2023,Stadium,3,1:46:38.559492
479286,540,2023,Grandstand,0,0:00:00
479285,540,2023,Court 5,0,0:00:00
479284,540,2023,Harris,0,0:00:00
479283,540,2023,Court 4,0,0:00:00
479282,540,2023,Stadium,0,0:00:00
479281,539,2023,Grandstand,0,0:00:00
479280,539,2023,Court 5,0,0:00:00
479279,539,2023,Harris,0,0:00:00
479278,539,2023,Court 4,0,0:00:00
479277,539,2023,Stadium,0,0:00:00
479276,538,2023,Grandstand,3,2:53:00.964433
479275,538,2023,Court 5,0,0:00:00
479274,538,2023,Harris,2,2:00:00
479273,538,2023,Court 4,1,1:00:00
479272,538,2023,Stadium,2,2:00:00
479271,537,2023,Grandstand,1,1:00:00
479270,537,2023,Court 5,1,1:00:00
479269,537,2023,Harris,4,4:00:00
479268,537,2023,Court 4,1,1:00:00
479267,537,2023,Stadium,3,2:27:25.307305
479266,536,2023,Grandstand,3,3:00:00
479265,536,2023,Court 5,6,4:59:39.263151
479264,536,2023,Harris,4,3:57:13.864658
479263,536,2023,Court 4,4,2:57:20.496860
479262,536,2023,Stadium,6,5:27:25.307305
479261,535,2023,Grandstand,3,3:00:00
479260,535,2023,Court 5,2,1:50:51.515487
479259,535,2023,Harris,4,4:00:00
479258,535,2023,Court 4,0,0:00:00
479257,535,2023,Stadium,3,3:00:00
479256,534,2023,Grandstand,9,7:15:02.692775
479255,534,2023,Court 5,2,2:00:00
479254,534,2023,Harris,11,10:14:35.719473
479253,534,2023,Court 4,6,5:55:40.584688
479252,534,2023,Stadium,7,7:00:00
479251,533,2023,Grandstand,4,3:13:21.894623
479250,533,2023,Court 5,0,0:00:00
479249,533,2023,Harris,2,2:00:00
479248,533,2023,Court 4,1,1:00:00
479247,533,2023,Stadium,1,1:00:00
479246,532,2023,Grandstand,5,4:56:56.114985
479245,532,2023,Court 5,1,1:00:00
479244,532,2023,Harris,6,6:00:00
479243,532,2023,Court 4,5,4:42:34.491651
479242,532,2023,Stadium,8,7:27:25.307305
479241,531,2023,Grandstand,0,0:00:00
479240,531,2023,Court 5,0,0:00:00
479239,531,2023,Harris,0,0:00:00
479238,531,2023,Court 4,0,0:00:00
479237,531,2023,Stadium,0,0:00:00
479236,530,2023,Grandstand,0,0:00:00
479235,530,2023,Court 5,0,0:00:00
479234,530,2023,Harris,0,0:00:00
479233,530,2023,Court 4,0,0:00:00
479232,530,2023,Stadium,0,0:00:00
479231,529,2023,Grandstand,2,2:00:00
479230,529,2023,Court 5,1,0:50:51.515487
479229,529,2023,Harris,2,2:00:00
479228,529,2023,Court 4,2,2:00:00
479227,529,2023,Stadium,4,3:16:37.823410
479226,528,2023,Grandstand,4,4:00:00
479225,528,2023,Court 5,3,1:17:00.236388
479224,528,2023,Harris,6,5:08:18.841479
479223,528,2023,Court 4,4,3:42:34.491651
479222,528,2023,Stadium,7,7:00:00
479221,527,2023,Grandstand,4,3:27:07.449812
479220,527,2023,Court 5,8,6:28:23.350001
479219,527,2023,Harris,8,8:00:00
479218,527,2023,Court 4,4,4:00:00
479217,527,2023,Stadium,7,6:16:37.823410
479216,526,2023,Grandstand,0,0:00:00
479215,526,2023,Court 5,0,0:00:00
479214,526,2023,Harris,0,0:00:00
479213,526,2023,Court 4,0,0:00:00
479212,526,2023,Stadium,0,0:00:00
479211,525,2023,Grandstand,6,6:00:00
479210,525,2023,Court 5,4,4:00:00
479209,525,2023,Harris,9,8:01:55.167914
479208,525,2023,Court 4,7,6:43:50.475865
479207,525,2023,Stadium,13,13:00:00
479206,524,2023,Grandstand,6,6:00:00
479205,524,2023,Court 5,5,4:27:56.610014
479204,524,2023,Harris,8,7:30:00.149264
479203,524,2023,Court 4,5,5:00:00
479202,524,2023,Stadium,10,10:00:00
479201,523,2023,Grandstand,4,3:27:07.449812
479200,523,2023,Court 5,1,1:00:00
479199,523,2023,Harris,3,3:00:00
479198,523,2023,Court 4,4,4:00:00
479197,523,2023,Stadium,4,3:16:37.823410
479196,522,2023,Grandstand,0,0:00:00
479195,522,2023,Court 5,2,2:00:00
479194,522,2023,Harris,3,3:00:00
479193,522,2023,Court 4,3,3:00:00
479192,522,2023,Stadium,1,1:00:00
479191,521,2023,Grandstand,7,7:00:00
479190,521,2023,Court 5,3,2:50:51.515487
479189,521,2023,Harris,7,7:00:00
479188,521,2023,Court 4,4,2:57:22.996288
479187,521,2023,Stadium,9,8:27:25.307305
479186,520,2023,Grandstand,7,6:27:07.449812
479185,520,2023,Court 5,5,2:53:44.509785
479184,520,2023,Harris,9,9:00:00
479183,520,2023,Court 4,7,6:05:16.520823
479182,520,2023,Stadium,13,10:54:09.260510
479181,518,2023,Grandstand,4,4:00:00
479180,518,2023,Court 5,3,3:00:00
479179,518,2023,Harris,6,6:00:00
479178,518,2023,Court 4,4,4:00:00
479177,518,2023,Stadium,8,6:19:48.901560
479176,517,2023,Grandstand,4,3:13:15.081176
479175,517,2023,Court 5,1,1:00:00
479174,517,2023,Harris,1,1:00:00
479173,517,2023,Court 4,2,2:00:00
479172,517,2023,Stadium,2,2:00:00
479171,516,2023,Grandstand,2,2:00:00
479170,516,2023,Court 5,1,0:55:55.341569
479169,516,2023,Harris,3,3:00:00
479168,516,2023,Court 4,4,3:01:06.646516
479167,516,2023,Stadium,2,2:00:00
479166,515,2023,Grandstand,4,3:06:40.706641
479165,515,2023,Court 5,2,2:00:00
479164,515,2023,Harris,5,4:21:53.543827
479163,515,2023,Court 4,5,4:55:40.584688
479162,515,2023,Stadium,10,9:01:29.187837
479161,514,2023,Grandstand,4,4:00:00
479160,514,2023,Court 5,5,4:49:54.481365
479159,514,2023,Harris,7,7:00:00
479158,514,2023,Court 4,5,4:45:45.643779
479157,514,2023,Stadium,3,3:00:00
479156,513,2023,Grandstand,6,5:27:07.449812
479155,513,2023,Court 5,2,2:00:00
479154,513,2023,Harris,4,4:00:00
479153,513,2023,Court 4,6,5:55:40.584688
479152,513,2023,Stadium,12,11:27:12.932727
479151,512,2023,Grandstand,2,2:00:00
479150,512,2023,Court 5,2,2:00:00
479149,512,2023,Harris,4,3:29:24.267868
479148,512,2023,Court 4,0,0:00:00
479147,512,2023,Stadium,3,2:09:38.114374
458026,1,2023,Grandstand,0,0:00:00
458025,1,2023,Court 5,0,0:00:00
458024,1,2023,Harris,0,0:00:00
458023,1,2023,Court 4,0,0:00:00
458022,1,2023,Stadium,0,0:00:00
