id,ballkid,team,start,end,duration
817,542,9,2023-07-29 09:21:24,2023-07-29 09:22:25,0:01:00.198242
761,629,1,2023-07-29 09:12:51,2023-07-29 09:26:22,0:13:30.263023
807,611,7,2023-07-29 09:19:53,2023-07-29 09:33:21,0:13:28.230461
783,544,5,2023-07-29 09:17:08,2023-07-29 09:34:39,0:17:30.898585
841,611,1,2023-07-29 09:33:30,2023-07-29 09:35:28,0:01:57.999338
843,611,2,2023-07-29 09:35:28,2023-07-29 09:37:05,0:01:36.698290
848,627,2,2023-07-29 09:40:36,2023-07-29 09:40:57,0:00:20.865063
765,532,2,2023-07-29 09:13:28,2023-07-29 13:09:31,3:56:02.730663
829,541,1,2023-07-29 09:25:01,2023-07-29 13:17:10,3:52:08.885869
837,583,8,2023-07-29 09:28:46,2023-07-29 14:20:54,4:52:07.736377
819,631,9,2023-07-29 09:21:45,2023-07-29 14:26:50,5:05:04.337136
781,573,5,2023-07-29 09:16:42,2023-07-29 15:05:16,5:48:34.303339
782,549,5,2023-07-29 09:16:51,2023-07-29 15:05:57,5:49:06.700197
771,563,3,2023-07-29 09:14:35,2023-07-29 15:08:22,5:53:46.978930
784,623,5,2023-07-29 09:17:19,2023-07-29 15:09:37,5:52:17.258601
787,608,5,2023-07-29 09:17:36,2023-07-29 15:09:54,5:52:17.403382
836,523,7,2023-07-29 09:28:35,2023-07-29 16:11:36,6:43:00.444089
851,522,8,2023-07-29 09:56:17,2023-07-29 16:12:30,6:16:13.073740
822,542,9,2023-07-29 09:23:12,2023-07-29 16:12:58,6:49:45.937127
813,556,8,2023-07-29 09:20:58,2023-07-29 16:13:24,6:52:26.116668
812,568,8,2023-07-29 09:20:53,2023-07-29 16:13:55,6:53:02.662441
790,545,6,2023-07-29 09:18:16,2023-07-29 16:14:13,6:55:56.560608
809,614,7,2023-07-29 09:20:14,2023-07-29 16:15:03,6:54:48.310629
818,637,9,2023-07-29 09:21:28,2023-07-29 16:17:16,6:55:47.337518
814,516,8,2023-07-29 09:21:02,2023-07-29 16:19:31,6:58:28.742688
800,590,8,2023-07-29 09:19:21,2023-07-29 16:20:56,7:01:34.239367
762,584,2,2023-07-29 09:13:00,2023-07-29 16:24:36,7:11:36.188314
757,512,1,2023-07-29 09:11:52,2023-07-29 16:29:24,7:17:32.161431
856,563,5,2023-07-29 15:08:31,2023-07-29 17:19:58,2:11:26.824381
838,514,9,2023-07-29 09:29:35,2023-07-29 17:22:12,7:52:37.532898
840,533,3,2023-07-29 09:31:54,2023-07-29 17:34:30,8:02:35.891524
845,517,2,2023-07-29 09:36:08,2023-07-29 17:34:43,7:58:34.394063
756,640,1,2023-07-29 09:11:31,2023-07-29 17:37:39,8:26:07.536227
855,566,5,2023-07-29 13:20:45,2023-07-29 17:37:51,4:17:05.994576
804,596,9,2023-07-29 09:19:36,2023-07-29 17:42:31,8:22:55.566337
797,610,6,2023-07-29 09:18:54,2023-07-29 17:43:18,8:24:24.452136
805,597,10,2023-07-29 09:19:40,2023-07-29 17:43:33,8:23:53.470079
850,586,6,2023-07-29 09:43:47,2023-07-29 17:43:59,8:00:11.467186
844,515,1,2023-07-29 09:35:59,2023-07-29 17:58:38,8:22:39.136429
834,564,1,2023-07-29 09:26:25,2023-07-29 17:58:38,8:32:13.135465
755,634,1,2023-07-29 08:55:48,2023-07-29 17:58:38,9:02:49.896461
758,536,1,2023-07-29 09:11:57,2023-07-29 17:58:38,8:46:40.735489
754,574,1,2023-07-29 08:55:17,2023-07-29 17:58:38,9:03:20.916066
763,513,2,2023-07-29 09:13:10,2023-07-29 17:58:44,8:45:33.791780
764,554,2,2023-07-29 09:13:21,2023-07-29 17:58:44,8:45:22.803269
767,550,2,2023-07-29 09:13:47,2023-07-29 17:58:44,8:44:57.064059
831,613,2,2023-07-29 09:25:20,2023-07-29 17:58:44,8:33:23.514086
833,629,2,2023-07-29 09:26:22,2023-07-29 17:58:44,8:32:22.074643
768,582,3,2023-07-29 09:14:05,2023-07-29 17:58:53,8:44:48.653522
830,511,3,2023-07-29 09:25:02,2023-07-29 17:58:54,8:33:51.727566
832,620,3,2023-07-29 09:25:26,2023-07-29 17:58:54,8:33:27.717615
846,621,3,2023-07-29 09:36:12,2023-07-29 17:58:54,8:22:42.045778
770,592,3,2023-07-29 09:14:30,2023-07-29 17:58:54,8:44:23.746135
773,633,3,2023-07-29 09:14:48,2023-07-29 17:58:54,8:44:06.004536
769,519,3,2023-07-29 09:14:12,2023-07-29 17:58:54,8:44:42.045186
839,518,4,2023-07-29 09:31:36,2023-07-29 17:59:48,8:28:12.197468
776,551,4,2023-07-29 09:15:25,2023-07-29 17:59:48,8:44:23.320091
778,581,4,2023-07-29 09:15:37,2023-07-29 17:59:48,8:44:11.465660
847,611,4,2023-07-29 09:37:11,2023-07-29 17:59:48,8:22:37.895890
779,618,4,2023-07-29 09:15:42,2023-07-29 17:59:49,8:44:06.439832
777,630,4,2023-07-29 09:15:28,2023-07-29 17:59:49,8:44:20.934543
788,521,5,2023-07-29 09:17:42,2023-07-29 18:01:14,8:43:32.657353
785,593,5,2023-07-29 09:17:25,2023-07-29 18:01:14,8:43:49.327221
786,594,5,2023-07-29 09:17:30,2023-07-29 18:01:14,8:43:44.651388
857,623,5,2023-07-29 15:09:41,2023-07-29 18:01:14,2:51:33.093881
795,525,6,2023-07-29 09:18:45,2023-07-29 18:01:18,8:42:32.966995
794,527,6,2023-07-29 09:18:41,2023-07-29 18:01:18,8:42:37.257219
793,572,6,2023-07-29 09:18:37,2023-07-29 18:01:18,8:42:41.333992
792,579,6,2023-07-29 09:18:33,2023-07-29 18:01:18,8:42:45.553557
853,588,6,2023-07-29 10:50:15,2023-07-29 18:01:18,7:11:03.237469
791,624,6,2023-07-29 09:18:29,2023-07-29 18:01:18,8:42:49.668420
806,557,7,2023-07-29 09:19:42,2023-07-29 18:01:24,8:41:42.439064
798,599,7,2023-07-29 09:19:01,2023-07-29 18:01:24,8:42:23.898732
803,578,7,2023-07-29 09:19:33,2023-07-29 18:01:25,8:41:51.194958
802,585,7,2023-07-29 09:19:29,2023-07-29 18:01:25,8:41:55.964754
799,625,7,2023-07-29 09:19:06,2023-07-29 18:01:25,8:42:18.528338
810,552,8,2023-07-29 09:20:25,2023-07-29 18:01:29,8:41:03.759920
811,626,8,2023-07-29 09:20:41,2023-07-29 18:01:29,8:40:47.429828
815,615,8,2023-07-29 09:21:10,2023-07-29 18:01:29,8:40:18.383932
821,520,9,2023-07-29 09:22:24,2023-07-29 18:01:32,8:39:08.350620
820,553,9,2023-07-29 09:22:15,2023-07-29 18:01:32,8:39:17.109144
835,571,9,2023-07-29 09:27:19,2023-07-29 18:01:32,8:34:13.018813
816,580,9,2023-07-29 09:21:18,2023-07-29 18:01:32,8:40:14.058210
854,546,10,2023-07-29 10:50:22,2023-07-29 18:01:35,7:11:13.493392
826,524,10,2023-07-29 09:24:31,2023-07-29 18:01:35,8:37:04.837400
825,534,10,2023-07-29 09:24:28,2023-07-29 18:01:35,8:37:07.578208
842,544,10,2023-07-29 09:34:39,2023-07-29 18:01:35,8:26:56.766042
808,575,10,2023-07-29 09:20:06,2023-07-29 18:01:35,8:41:29.442028
828,607,10,2023-07-29 09:24:48,2023-07-29 18:01:35,8:36:47.284061
827,609,10,2023-07-29 09:24:46,2023-07-29 18:01:35,8:36:49.630998
823,628,10,2023-07-29 09:23:26,2023-07-29 18:01:35,8:38:09.511055
774,561,4,2023-07-29 09:15:15,2023-07-29 15:26:26,6:11:11.680702
849,627,8,2023-07-29 09:41:48,2023-07-29 16:14:38,6:32:49.625079
760,565,1,2023-07-29 09:12:24,2023-07-29 16:29:29,7:17:04.925575
780,612,4,2023-07-29 09:16:24,2023-07-29 17:41:18,8:24:53.840247
759,606,1,2023-07-29 09:12:09,2023-07-29 17:58:38,8:46:29.612509
766,591,2,2023-07-29 09:13:40,2023-07-29 17:58:44,8:45:03.636147
772,635,3,2023-07-29 09:14:44,2023-07-29 17:58:54,8:44:09.446839
775,636,4,2023-07-29 09:15:21,2023-07-29 17:59:48,8:44:27.945084
858,608,5,2023-07-29 15:09:57,2023-07-29 18:01:14,2:51:17.000229
789,617,5,2023-07-29 09:18:02,2023-07-29 18:01:14,8:43:12.559523
796,622,6,2023-07-29 09:18:49,2023-07-29 18:01:18,8:42:28.835358
859,558,6,2023-07-29 15:10:37,2023-07-29 18:01:18,2:50:41.361679
801,632,7,2023-07-29 09:19:23,2023-07-29 18:01:25,8:42:01.352679
852,639,9,2023-07-29 10:08:21,2023-07-29 18:01:32,7:53:11.313708
824,605,10,2023-07-29 09:24:23,2023-07-29 18:01:35,8:37:12.109698
860,605,1,2023-07-29 18:36:27,2023-07-29 18:36:30,0:00:02.312693
861,605,2,2023-07-29 18:36:30,2023-07-29 18:36:31,0:00:01.017039
862,605,3,2023-07-29 18:36:31,2023-07-29 18:36:32,0:00:00.820277
863,605,4,2023-07-29 18:36:32,2023-07-29 18:36:32,0:00:00.557381
864,605,5,2023-07-29 18:36:32,2023-07-29 18:36:34,0:00:01.430413
865,605,6,2023-07-29 18:36:34,2023-07-29 18:36:40,0:00:06.209505
867,554,2,2023-07-29 18:37:03,2023-07-29 18:37:06,0:00:02.650976
868,554,3,2023-07-29 18:37:06,2023-07-29 18:37:08,0:00:01.483889
870,603,3,2023-07-29 18:37:36,2023-07-29 18:37:38,0:00:01.695901
871,603,4,2023-07-29 18:37:38,2023-07-29 18:37:40,0:00:01.561742
873,511,4,2023-07-29 18:38:00,2023-07-29 18:38:02,0:00:01.854949
874,511,5,2023-07-29 18:38:02,2023-07-29 18:38:04,0:00:02.043955
876,517,5,2023-07-29 18:38:30,2023-07-29 18:38:32,0:00:02.044341
877,517,6,2023-07-29 18:38:32,2023-07-29 18:38:33,0:00:01.287083
875,511,4,2023-07-29 18:38:04,2023-07-29 18:41:55,0:03:51.000055
898,575,2,2023-07-29 18:43:31,2023-07-29 18:44:49,0:01:17.903322
908,581,3,2023-07-29 18:45:10,2023-07-29 18:45:14,0:00:04.041221
909,585,4,2023-07-29 18:45:36,2023-07-29 18:45:47,0:00:10.638454
912,520,2,2023-07-29 18:46:08,2023-07-29 18:46:23,0:00:15.191769
914,557,2,2023-07-29 18:46:25,2023-07-29 18:51:40,0:05:15.024390
913,520,3,2023-07-29 18:46:23,2023-07-29 18:51:43,0:05:20.093710
904,618,4,2023-07-29 18:44:01,2023-07-29 18:52:44,0:08:43.184327
866,605,1,2023-07-29 18:36:40,2023-07-29 18:52:48,0:16:07.814552
926,632,4,2023-07-29 19:08:43,2023-07-29 19:13:37,0:04:54.144662
888,511,3,2023-07-29 18:41:55,2023-07-29 19:29:41,0:47:45.426773
878,517,5,2023-07-29 18:38:33,2023-07-29 20:13:15,1:34:41.686750
879,533,5,2023-07-29 18:39:04,2023-07-29 20:13:21,1:34:17.869767
894,600,3,2023-07-29 18:42:51,2023-07-29 20:27:28,1:44:36.710464
906,575,3,2023-07-29 18:44:49,2023-07-29 20:52:14,2:07:25.058792
919,534,3,2023-07-29 18:47:27,2023-07-29 20:52:42,2:05:14.861109
905,579,3,2023-07-29 18:44:17,2023-07-29 20:53:35,2:09:18.171912
887,636,3,2023-07-29 18:41:39,2023-07-29 20:53:40,2:12:01.414487
872,603,3,2023-07-29 18:37:40,2023-07-29 20:53:46,2:16:06.092676
927,632,3,2023-07-29 19:13:37,2023-07-29 20:54:03,1:40:26.211052
920,557,3,2023-07-29 18:51:40,2023-07-29 20:55:36,2:03:56.204138
901,615,3,2023-07-29 18:43:50,2023-07-29 20:55:40,2:11:50.021289
897,580,1,2023-07-29 18:43:28,2023-07-29 21:00:41,2:17:12.945656
895,602,1,2023-07-29 18:42:58,2023-07-29 21:00:52,2:17:54.154947
918,515,1,2023-07-29 18:47:03,2023-07-29 21:01:29,2:14:25.297038
899,578,1,2023-07-29 18:43:38,2023-07-29 21:01:44,2:18:05.791162
881,623,1,2023-07-29 18:40:03,2023-07-29 21:01:54,2:21:51.219756
880,594,1,2023-07-29 18:39:53,2023-07-29 21:03:23,2:23:30.160707
885,628,5,2023-07-29 18:41:29,2023-07-29 21:03:59,2:22:30.155528
884,608,1,2023-07-29 18:40:20,2023-07-29 21:04:51,2:24:30.685100
922,618,1,2023-07-29 18:52:44,2023-07-29 21:04:59,2:12:15.137203
932,636,5,2023-07-29 20:53:40,2023-07-29 21:19:02,0:25:21.591708
931,579,5,2023-07-29 20:53:35,2023-07-29 21:19:17,0:25:41.831005
907,586,2,2023-07-29 18:44:52,2023-07-29 21:23:12,2:38:19.833217
869,554,2,2023-07-29 18:37:08,2023-07-29 21:24:10,2:47:02.254435
882,553,2,2023-07-29 18:40:09,2023-07-29 21:24:10,2:44:00.773176
921,520,2,2023-07-29 18:51:43,2023-07-29 21:24:10,2:32:26.698728
933,594,2,2023-07-29 21:03:23,2023-07-29 21:24:10,0:20:46.724378
893,592,2,2023-07-29 18:42:43,2023-07-29 21:24:10,2:41:26.998929
925,634,2,2023-07-29 19:03:10,2023-07-29 21:24:10,2:20:59.458026
889,626,2,2023-07-29 18:42:11,2023-07-29 21:24:10,2:41:59.111532
900,613,2,2023-07-29 18:43:47,2023-07-29 21:24:10,2:40:23.150116
936,636,2,2023-07-29 21:19:02,2023-07-29 21:24:10,0:05:07.958538
883,558,2,2023-07-29 18:40:13,2023-07-29 21:24:10,2:43:57.237568
937,579,2,2023-07-29 21:19:17,2023-07-29 21:24:10,0:04:53.129907
938,520,4,2023-07-29 21:31:29,2023-07-29 21:45:56,0:14:27.384573
930,534,5,2023-07-29 20:52:42,2023-07-29 22:10:48,1:18:06.577790
934,608,5,2023-07-29 21:04:51,2023-07-29 22:10:48,1:05:57.437172
916,581,5,2023-07-29 18:46:51,2023-07-29 22:10:48,3:23:57.612643
890,591,5,2023-07-29 18:42:28,2023-07-29 22:10:48,3:28:20.631452
928,600,5,2023-07-29 20:27:28,2023-07-29 22:10:48,1:43:20.482223
903,622,5,2023-07-29 18:43:58,2023-07-29 22:10:48,3:26:50.232510
911,639,5,2023-07-29 18:46:00,2023-07-29 22:10:48,3:24:48.468874
891,574,5,2023-07-29 18:42:32,2023-07-29 22:10:49,3:28:16.782506
917,527,4,2023-07-29 18:46:58,2023-07-29 22:11:24,3:24:25.926934
923,605,4,2023-07-29 18:52:48,2023-07-29 22:11:24,3:18:36.454394
910,585,4,2023-07-29 18:45:56,2023-07-29 22:11:24,3:25:28.597682
915,572,4,2023-07-29 18:46:31,2023-07-29 22:11:24,3:24:53.568007
892,599,4,2023-07-29 18:42:37,2023-07-29 22:11:24,3:28:47.481825
929,575,4,2023-07-29 20:52:14,2023-07-29 22:11:24,1:19:10.088032
896,635,4,2023-07-29 18:43:21,2023-07-29 22:11:24,3:28:03.403702
886,629,4,2023-07-29 18:41:35,2023-07-29 22:11:24,3:29:49.717697
924,536,4,2023-07-29 19:02:37,2023-07-29 22:11:24,3:08:47.747664
935,618,5,2023-07-29 21:04:59,2023-07-29 22:10:49,1:05:49.538147
902,620,4,2023-07-29 18:43:54,2023-07-29 22:11:24,3:27:29.962538
967,578,2,2023-07-30 08:49:31,2023-07-30 08:49:36,0:00:05.406379
972,582,8,2023-07-30 08:50:47,2023-07-30 08:52:03,0:01:16.074359
979,534,4,2023-07-30 08:54:38,2023-07-30 08:54:50,0:00:12.320121
1004,529,2,2023-07-30 09:15:34,2023-07-30 09:15:41,0:00:06.238809
988,577,6,2023-07-30 09:00:19,2023-07-30 09:23:06,0:22:46.199932
987,618,8,2023-07-30 08:58:51,2023-07-30 09:29:22,0:30:30.924465
1015,516,4,2023-07-30 09:26:00,2023-07-30 09:29:34,0:03:33.641260
945,599,4,2023-07-30 08:39:56,2023-07-30 09:49:30,1:09:33.804220
1031,599,4,2023-07-30 09:49:45,2023-07-30 09:50:39,0:00:54.005131
1020,541,3,2023-07-30 09:26:41,2023-07-30 11:55:11,2:28:29.856130
952,583,4,2023-07-30 08:42:29,2023-07-30 13:06:42,4:24:12.630236
940,596,2,2023-07-30 08:36:33,2023-07-30 13:11:18,4:34:45.453737
948,631,4,2023-07-30 08:41:28,2023-07-30 13:28:00,4:46:31.759293
1034,566,2,2023-07-30 13:24:53,2023-07-30 13:29:31,0:04:37.939683
1035,566,2,2023-07-30 13:29:37,2023-07-30 13:33:54,0:04:17.579381
1006,533,4,2023-07-30 09:16:02,2023-07-30 13:45:51,4:29:48.459634
1007,611,1,2023-07-30 09:17:19,2023-07-30 13:51:25,4:34:05.893205
990,517,8,2023-07-30 09:06:27,2023-07-30 14:05:11,4:58:44.578839
1017,558,5,2023-07-30 09:26:24,2023-07-30 14:09:19,4:42:55.680349
981,521,4,2023-07-30 08:54:58,2023-07-30 14:17:12,5:22:13.747677
962,548,4,2023-07-30 08:46:15,2023-07-30 14:17:12,5:30:56.480483
1032,599,4,2023-07-30 09:50:51,2023-07-30 14:17:12,4:26:21.020495
1021,636,4,2023-07-30 09:27:06,2023-07-30 14:17:12,4:50:05.564420
1033,598,4,2023-07-30 11:33:22,2023-07-30 14:17:12,2:43:49.596669
1028,618,4,2023-07-30 09:29:56,2023-07-30 14:17:12,4:47:16.072441
980,536,4,2023-07-30 08:54:55,2023-07-30 14:17:12,5:22:16.887744
1037,611,4,2023-07-30 13:51:25,2023-07-30 14:17:12,0:25:46.988824
949,622,4,2023-07-30 08:41:36,2023-07-30 14:17:12,5:35:35.675294
992,552,7,2023-07-30 09:08:15,2023-07-30 14:20:51,5:12:35.287517
984,563,7,2023-07-30 08:56:09,2023-07-30 14:20:51,5:24:42.043151
982,575,7,2023-07-30 08:55:23,2023-07-30 14:20:51,5:25:27.988968
956,585,7,2023-07-30 08:44:26,2023-07-30 14:20:51,5:36:24.390841
998,584,7,2023-07-30 09:13:15,2023-07-30 14:20:51,5:07:36.067129
985,560,7,2023-07-30 08:56:25,2023-07-30 14:20:51,5:24:26.166810
995,637,7,2023-07-30 09:10:09,2023-07-30 14:20:51,5:10:41.764328
1025,621,7,2023-07-30 09:27:58,2023-07-30 14:20:51,4:52:52.750053
961,547,3,2023-07-30 08:46:08,2023-07-30 14:27:22,5:41:13.216224
1005,529,3,2023-07-30 09:15:45,2023-07-30 14:33:47,5:18:02.143499
947,514,2,2023-07-30 08:40:19,2023-07-30 15:06:23,6:26:03.736245
996,546,2,2023-07-30 09:10:43,2023-07-30 15:19:19,6:08:36.851226
1003,512,1,2023-07-30 09:15:23,2023-07-30 15:28:17,6:12:53.549024
1012,520,1,2023-07-30 09:25:46,2023-07-30 15:38:44,6:12:58.151980
965,538,1,2023-07-30 08:48:39,2023-07-30 15:38:44,6:50:04.936879
1023,528,1,2023-07-30 09:27:29,2023-07-30 15:38:44,6:11:15.066707
939,594,1,2023-07-30 08:36:20,2023-07-30 15:38:44,7:02:23.581415
1002,605,1,2023-07-30 09:14:45,2023-07-30 15:38:44,6:23:58.813941
950,629,1,2023-07-30 08:42:13,2023-07-30 15:38:44,6:56:30.791790
1024,615,1,2023-07-30 09:27:47,2023-07-30 15:38:44,6:10:57.133329
946,519,1,2023-07-30 08:40:17,2023-07-30 15:38:44,6:58:27.362083
1036,566,2,2023-07-30 13:34:06,2023-07-30 15:55:06,2:20:59.221709
1001,556,2,2023-07-30 09:14:09,2023-07-30 15:58:08,6:43:59.027253
1013,513,2,2023-07-30 09:25:50,2023-07-30 15:58:08,6:32:17.907575
1000,587,2,2023-07-30 09:14:07,2023-07-30 15:58:08,6:44:01.004171
969,580,2,2023-07-30 08:50:02,2023-07-30 15:58:08,7:08:06.616289
951,626,2,2023-07-30 08:42:15,2023-07-30 15:58:08,7:15:53.141071
943,620,2,2023-07-30 08:38:18,2023-07-30 15:58:08,7:19:50.389391
1029,516,8,2023-07-30 09:29:57,2023-07-30 16:01:22,6:31:24.562074
999,565,8,2023-07-30 09:13:22,2023-07-30 16:01:22,6:47:59.876529
971,581,8,2023-07-30 08:50:44,2023-07-30 16:01:22,7:10:38.212542
983,635,8,2023-07-30 08:55:31,2023-07-30 16:01:22,7:05:51.433654
993,612,8,2023-07-30 09:09:31,2023-07-30 16:01:22,6:51:50.665562
1010,634,8,2023-07-30 09:24:23,2023-07-30 16:01:22,6:36:59.415432
994,633,8,2023-07-30 09:09:43,2023-07-30 16:01:22,6:51:39.119428
1030,572,8,2023-07-30 09:30:52,2023-07-30 16:01:22,6:30:29.784204
977,518,6,2023-07-30 08:53:37,2023-07-30 16:01:35,7:07:57.993035
1018,557,6,2023-07-30 09:26:29,2023-07-30 16:01:35,6:35:06.838963
1019,525,6,2023-07-30 09:26:32,2023-07-30 16:01:35,6:35:03.460956
1011,551,6,2023-07-30 09:24:50,2023-07-30 16:01:35,6:36:45.526329
955,591,6,2023-07-30 08:44:06,2023-07-30 16:01:35,7:17:29.296320
978,511,6,2023-07-30 08:54:07,2023-07-30 16:01:36,7:07:28.662810
958,613,6,2023-07-30 08:45:13,2023-07-30 16:01:36,7:16:22.919187
963,630,6,2023-07-30 08:46:59,2023-07-30 16:01:36,7:14:36.586950
976,625,6,2023-07-30 08:53:20,2023-07-30 16:01:36,7:08:15.580396
1016,524,5,2023-07-30 09:26:21,2023-07-30 16:01:41,6:35:20.302223
974,562,5,2023-07-30 08:52:41,2023-07-30 16:01:41,7:08:59.827757
973,582,5,2023-07-30 08:52:27,2023-07-30 16:01:41,7:09:13.713494
1008,577,5,2023-07-30 09:23:10,2023-07-30 16:01:41,6:38:31.468931
1027,606,5,2023-07-30 09:28:29,2023-07-30 16:01:41,6:33:11.566411
957,614,5,2023-07-30 08:45:07,2023-07-30 16:01:41,7:16:34.044428
960,632,5,2023-07-30 08:45:24,2023-07-30 16:01:41,7:16:17.420244
954,574,5,2023-07-30 08:44:02,2023-07-30 16:01:41,7:17:39.318008
975,553,5,2023-07-30 08:52:45,2023-07-30 16:01:41,7:08:56.468082
1038,618,4,2023-07-30 14:19:44,2023-07-30 16:16:03,1:56:19.530273
1014,527,3,2023-07-30 09:25:55,2023-07-30 16:27:20,7:01:24.801777
964,523,3,2023-07-30 08:47:52,2023-07-30 16:27:20,7:39:27.655385
968,578,3,2023-07-30 08:49:45,2023-07-30 16:27:20,7:37:35.078297
970,592,3,2023-07-30 08:50:35,2023-07-30 16:27:20,7:36:44.959545
953,628,3,2023-07-30 08:43:33,2023-07-30 16:27:20,7:43:46.965250
941,640,3,2023-07-30 08:36:42,2023-07-30 16:27:21,7:50:38.682101
989,534,7,2023-07-30 09:00:33,2023-07-30 14:20:51,5:20:17.636611
959,610,7,2023-07-30 08:45:16,2023-07-30 14:20:51,5:35:34.996143
1054,610,8,2023-07-30 14:40:23,2023-07-30 14:43:39,0:03:16.189853
1049,637,3,2023-07-30 14:31:43,2023-07-30 14:45:05,0:13:22.238904
1043,548,4,2023-07-30 14:19:56,2023-07-30 15:13:22,0:53:25.623703
986,588,1,2023-07-30 08:57:40,2023-07-30 15:19:11,6:21:31.184103
942,607,1,2023-07-30 08:37:54,2023-07-30 15:38:44,7:00:50.440504
1042,598,4,2023-07-30 14:19:54,2023-07-30 15:51:14,1:31:20.426889
966,544,2,2023-07-30 08:49:04,2023-07-30 15:58:08,7:09:04.110406
991,549,8,2023-07-30 09:07:15,2023-07-30 16:01:22,6:54:07.255472
1047,575,8,2023-07-30 14:30:29,2023-07-30 16:01:22,1:30:53.334038
1052,584,8,2023-07-30 14:33:13,2023-07-30 16:01:22,1:28:09.507952
997,579,8,2023-07-30 09:11:19,2023-07-30 16:01:22,6:50:03.156389
1051,534,6,2023-07-30 14:32:50,2023-07-30 16:01:35,1:28:45.601604
1009,589,6,2023-07-30 09:23:12,2023-07-30 16:01:36,6:38:23.762223
1050,621,6,2023-07-30 14:32:43,2023-07-30 16:01:36,1:28:52.951501
1022,608,5,2023-07-30 09:27:23,2023-07-30 16:01:41,6:34:18.156835
1053,623,5,2023-07-30 14:34:32,2023-07-30 16:01:41,1:27:08.733763
1026,627,5,2023-07-30 09:28:26,2023-07-30 16:01:41,6:33:14.641181
1059,574,4,2023-07-30 16:04:13,2023-07-30 16:12:34,0:08:20.601976
1044,636,4,2023-07-30 14:19:58,2023-07-30 16:12:35,1:52:36.800800
1045,599,4,2023-07-30 14:20:00,2023-07-30 16:13:17,1:53:17.097036
1060,599,5,2023-07-30 16:13:17,2023-07-30 16:14:14,0:00:56.623688
1040,521,4,2023-07-30 14:19:49,2023-07-30 16:16:03,1:56:14.790052
1041,536,4,2023-07-30 14:19:51,2023-07-30 16:16:04,1:56:12.115201
1046,611,4,2023-07-30 14:20:01,2023-07-30 16:16:04,1:56:02.039677
1039,622,4,2023-07-30 14:19:47,2023-07-30 16:16:04,1:56:16.769511
1058,513,3,2023-07-30 15:59:17,2023-07-30 16:27:20,0:28:03.446330
1055,520,3,2023-07-30 15:46:03,2023-07-30 16:27:20,0:41:17.038479
1061,599,6,2023-07-30 16:14:14,2023-07-30 16:27:20,0:13:06.627474
1048,563,3,2023-07-30 14:30:52,2023-07-30 16:27:20,1:56:28.034961
1056,566,3,2023-07-30 15:55:06,2023-07-30 16:27:20,0:32:14.719824
1057,620,3,2023-07-30 15:59:13,2023-07-30 16:27:20,0:28:06.942556
944,617,3,2023-07-30 08:38:30,2023-07-30 16:27:20,7:48:50.310669
1068,593,7,2023-07-31 10:57:13,2023-07-31 10:57:18,0:00:05.002797
1069,593,8,2023-07-31 10:57:18,2023-07-31 10:57:19,0:00:00.822803
1070,593,9,2023-07-31 10:57:19,2023-07-31 10:57:20,0:00:00.705844
1125,538,5,2023-07-31 11:06:16,2023-07-31 11:11:36,0:05:20.648881
1107,637,4,2023-07-31 11:02:14,2023-07-31 11:12:19,0:10:04.242621
1064,556,3,2023-07-31 10:54:55,2023-07-31 11:12:32,0:17:37.328773
1123,544,3,2023-07-31 11:06:05,2023-07-31 11:13:06,0:07:00.312796
1067,578,6,2023-07-31 10:56:46,2023-07-31 11:14:59,0:18:12.796718
1108,636,9,2023-07-31 11:02:40,2023-07-31 11:17:33,0:14:53.251967
1116,575,3,2023-07-31 11:04:20,2023-07-31 11:17:41,0:13:21.299961
1079,610,5,2023-07-31 10:58:21,2023-07-31 13:40:46,2:42:24.790835
1063,587,2,2023-07-31 10:54:44,2023-07-31 15:10:28,4:15:43.180740
1087,628,6,2023-07-31 10:58:45,2023-07-31 16:31:30,5:32:45.252457
1126,542,6,2023-07-31 11:06:22,2023-07-31 16:32:08,5:25:45.759599
1119,545,9,2023-07-31 11:04:52,2023-07-31 16:51:15,5:46:23.476824
1076,614,2,2023-07-31 10:58:15,2023-07-31 17:02:59,6:04:43.945635
1114,634,5,2023-07-31 11:04:01,2023-07-31 17:28:16,6:24:15.310619
1121,562,1,2023-07-31 11:05:54,2023-07-31 17:35:17,6:29:22.662630
1091,594,4,2023-07-31 10:59:24,2023-07-31 18:03:18,7:03:54.057685
1124,551,4,2023-07-31 11:06:09,2023-07-31 18:03:31,6:57:22.487802
1065,547,4,2023-07-31 10:56:04,2023-07-31 18:04:04,7:08:00.114011
1103,511,4,2023-07-31 11:01:49,2023-07-31 18:06:03,7:04:13.663128
1088,624,7,2023-07-31 10:58:47,2023-07-31 18:13:15,7:14:27.175462
1110,521,7,2023-07-31 11:03:02,2023-07-31 18:24:52,7:21:50.082480
1098,591,6,2023-07-31 10:59:46,2023-07-31 18:42:43,7:42:56.720178
1109,599,7,2023-07-31 11:02:43,2023-07-31 18:56:31,7:53:48.276416
1073,515,7,2023-07-31 10:57:52,2023-07-31 18:57:30,7:59:38.842764
1081,620,7,2023-07-31 10:58:26,2023-07-31 18:58:22,7:59:56.055643
1092,639,5,2023-07-31 10:59:26,2023-07-31 19:06:36,8:07:09.737355
1062,579,1,2023-07-31 10:54:30,2023-07-31 19:12:27,8:17:57.563935
1111,535,1,2023-07-31 11:03:12,2023-07-31 19:45:42,8:42:30.626618
1075,616,1,2023-07-31 10:58:12,2023-07-31 19:45:58,8:47:45.686306
1129,537,1,2023-07-31 11:07:22,2023-07-31 19:46:07,8:38:44.517129
1113,625,1,2023-07-31 11:03:48,2023-07-31 19:46:26,8:42:38.517099
1074,554,8,2023-07-31 10:57:57,2023-07-31 20:05:30,9:07:33.126059
1089,632,8,2023-07-31 10:58:50,2023-07-31 20:05:58,9:07:08.329944
1082,612,8,2023-07-31 10:58:28,2023-07-31 20:06:12,9:07:44.807758
1095,582,8,2023-07-31 10:59:32,2023-07-31 20:06:37,9:07:05.763622
1117,550,8,2023-07-31 11:04:30,2023-07-31 20:06:48,9:02:17.224952
1128,615,8,2023-07-31 11:06:51,2023-07-31 20:06:51,9:00:00.598037
1080,607,6,2023-07-31 10:58:24,2023-07-31 20:07:45,9:09:21.594932
1093,590,6,2023-07-31 10:59:28,2023-07-31 20:07:45,9:08:17.160224
1072,553,6,2023-07-31 10:57:33,2023-07-31 20:07:45,9:10:12.127713
1099,528,9,2023-07-31 11:00:45,2023-07-31 20:15:59,9:15:13.314555
1118,527,9,2023-07-31 11:04:39,2023-07-31 20:52:38,9:47:59.159764
1120,559,9,2023-07-31 11:05:25,2023-07-31 20:52:38,9:47:12.774295
1066,548,5,2023-07-31 10:56:10,2023-07-31 21:07:31,10:11:21.432459
1105,619,5,2023-07-31 11:01:55,2023-07-31 21:07:31,10:05:36.263246
1106,572,5,2023-07-31 11:02:01,2023-07-31 21:07:31,10:05:30.194804
1104,605,2,2023-07-31 11:01:52,2023-07-31 21:10:38,10:08:45.911108
1086,629,2,2023-07-31 10:58:40,2023-07-31 21:10:55,10:12:14.568767
1112,611,2,2023-07-31 11:03:44,2023-07-31 21:10:55,10:07:10.406973
1071,593,10,2023-07-31 10:57:20,2023-07-31 22:02:33,11:05:13.256056
1100,513,10,2023-07-31 11:01:15,2023-07-31 22:03:25,11:02:10.969042
1097,574,10,2023-07-31 10:59:41,2023-07-31 22:03:30,11:03:48.014200
1101,608,3,2023-07-31 11:01:29,2023-07-31 23:04:20,12:02:51.736162
1077,613,3,2023-07-31 10:58:17,2023-07-31 23:04:20,12:06:03.232416
1102,618,3,2023-07-31 11:01:36,2023-07-31 23:04:20,12:02:44.145208
1122,563,2,2023-07-31 11:05:59,2023-07-31 11:08:59,0:03:00.770156
1115,635,10,2023-07-31 11:04:04,2023-07-31 11:11:51,0:07:47.519416
1145,635,5,2023-07-31 11:11:51,2023-07-31 11:12:16,0:00:24.989574
1130,523,2,2023-07-31 11:07:28,2023-07-31 11:12:37,0:05:08.599666
1144,538,7,2023-07-31 11:11:36,2023-07-31 11:13:04,0:01:27.499584
1155,568,6,2023-07-31 11:20:02,2023-07-31 11:20:16,0:00:14.670046
1090,640,3,2023-07-31 10:59:21,2023-07-31 11:45:16,0:45:54.782994
1165,558,6,2023-07-31 12:28:30,2023-07-31 12:28:42,0:00:12.381108
1170,566,2,2023-07-31 12:44:37,2023-07-31 13:24:25,0:39:48.091452
1163,586,3,2023-07-31 12:24:19,2023-07-31 13:41:34,1:17:15.427182
1137,633,10,2023-07-31 11:09:34,2023-07-31 14:17:44,3:08:09.594526
1151,544,7,2023-07-31 11:13:06,2023-07-31 14:33:10,3:20:04.004348
1161,552,6,2023-07-31 11:53:13,2023-07-31 15:23:42,3:30:28.118502
1174,586,5,2023-07-31 13:41:34,2023-07-31 15:46:49,2:05:14.976710
1157,561,5,2023-07-31 11:21:21,2023-07-31 15:56:43,4:35:21.707440
1178,552,10,2023-07-31 15:23:42,2023-07-31 16:52:47,1:29:04.965058
1138,529,3,2023-07-31 11:09:51,2023-07-31 17:10:24,6:00:32.993510
1078,609,4,2023-07-31 10:58:19,2023-07-31 17:19:55,6:21:36.155826
1179,586,5,2023-07-31 15:46:58,2023-07-31 17:24:16,1:37:18.107246
1187,628,3,2023-07-31 17:48:23,2023-07-31 17:50:51,0:02:28.128443
1188,628,1,2023-07-31 17:50:51,2023-07-31 17:52:44,0:01:52.845429
1181,561,5,2023-07-31 15:56:52,2023-07-31 17:56:26,1:59:34.464581
1131,583,4,2023-07-31 11:07:44,2023-07-31 18:03:21,6:55:36.991219
1147,635,4,2023-07-31 11:12:20,2023-07-31 18:04:07,6:51:46.700162
1172,566,4,2023-07-31 13:24:25,2023-07-31 18:04:30,4:40:04.487445
1143,522,9,2023-07-31 11:10:38,2023-07-31 18:04:44,6:54:06.021478
1196,635,2,2023-07-31 18:04:07,2023-07-31 18:04:48,0:00:40.637163
1139,514,4,2023-07-31 11:09:52,2023-07-31 18:06:00,6:56:07.920025
1083,617,9,2023-07-31 10:58:30,2023-07-31 18:11:15,7:12:44.501127
1141,519,6,2023-07-31 11:09:58,2023-07-31 18:11:16,7:01:18.461921
1156,568,10,2023-07-31 11:20:16,2023-07-31 18:13:45,6:53:28.220240
1203,546,6,2023-07-31 18:29:12,2023-07-31 18:29:23,0:00:10.511967
1177,589,8,2023-07-31 15:09:18,2023-07-31 18:31:46,3:22:28.829700
1159,564,7,2023-07-31 11:52:26,2023-07-31 18:56:48,7:04:21.793012
1166,524,7,2023-07-31 12:28:32,2023-07-31 18:57:22,6:28:49.076608
1094,581,7,2023-07-31 10:59:30,2023-07-31 18:59:46,8:00:16.241068
1142,627,7,2023-07-31 11:10:25,2023-07-31 18:59:48,7:49:23.219415
1197,566,2,2023-07-31 18:04:30,2023-07-31 19:05:49,1:01:19.271027
1149,523,3,2023-07-31 11:12:37,2023-07-31 19:06:01,7:53:23.735919
1158,630,3,2023-07-31 11:50:10,2023-07-31 19:06:48,7:16:38.074612
1148,556,2,2023-07-31 11:12:32,2023-07-31 19:08:26,7:55:54.264811
1185,577,1,2023-07-31 17:34:26,2023-07-31 19:45:35,2:11:09.642338
1133,518,1,2023-07-31 11:08:35,2023-07-31 19:45:40,8:37:04.585038
1193,583,1,2023-07-31 18:03:21,2023-07-31 19:46:12,1:42:50.400757
1192,594,1,2023-07-31 18:03:18,2023-07-31 19:53:41,1:50:22.818515
1190,562,1,2023-07-31 17:52:48,2023-07-31 19:53:42,2:00:54.082584
1194,551,1,2023-07-31 18:03:31,2023-07-31 19:53:43,1:50:11.437959
1085,626,1,2023-07-31 10:58:36,2023-07-31 19:53:44,8:55:07.841681
1215,518,3,2023-07-31 19:45:40,2023-07-31 19:57:49,0:12:09.543804
1135,563,8,2023-07-31 11:08:59,2023-07-31 20:04:41,8:55:41.070158
1169,525,8,2023-07-31 12:28:47,2023-07-31 20:06:50,7:38:03.053532
1182,552,6,2023-07-31 16:52:47,2023-07-31 20:07:45,3:14:58.629761
1208,524,6,2023-07-31 18:57:22,2023-07-31 20:07:45,1:10:23.607475
1205,588,6,2023-07-31 18:29:35,2023-07-31 20:07:45,1:38:10.279520
1207,564,6,2023-07-31 18:56:48,2023-07-31 20:07:45,1:10:57.691760
1160,571,6,2023-07-31 11:52:53,2023-07-31 20:07:45,8:14:51.896234
1167,621,6,2023-07-31 12:28:41,2023-07-31 20:07:45,7:39:04.688606
1210,620,9,2023-07-31 18:58:22,2023-07-31 20:22:58,1:24:36.068411
1212,627,9,2023-07-31 18:59:48,2023-07-31 20:24:07,1:24:18.707016
1168,558,9,2023-07-31 12:28:42,2023-07-31 20:24:09,7:55:26.454459
1219,583,3,2023-07-31 19:46:12,2023-07-31 20:31:54,0:45:42.872716
1202,521,9,2023-07-31 18:24:52,2023-07-31 20:52:38,2:27:45.703921
1164,565,9,2023-07-31 12:24:40,2023-07-31 20:52:38,8:27:57.643569
1154,575,9,2023-07-31 11:18:04,2023-07-31 20:52:38,9:34:34.140479
1150,538,3,2023-07-31 11:13:04,2023-07-31 20:57:43,9:44:38.640702
1140,532,5,2023-07-31 11:09:55,2023-07-31 21:07:31,9:57:35.781494
1201,596,5,2023-07-31 18:08:39,2023-07-31 21:07:31,2:58:52.395557
1213,591,5,2023-07-31 19:24:46,2023-07-31 21:07:31,1:42:44.639959
1217,616,5,2023-07-31 19:45:58,2023-07-31 21:07:31,1:21:33.133342
1146,637,5,2023-07-31 11:12:19,2023-07-31 21:07:31,9:55:12.715329
1184,536,5,2023-07-31 17:27:48,2023-07-31 21:07:31,3:39:43.307467
1186,560,5,2023-07-31 17:34:38,2023-07-31 21:07:31,3:32:53.305679
1198,635,5,2023-07-31 18:04:48,2023-07-31 21:07:31,3:02:43.559754
1218,537,2,2023-07-31 19:46:07,2023-07-31 21:08:58,1:22:50.662826
1195,547,2,2023-07-31 18:04:04,2023-07-31 21:09:10,3:05:06.000372
1173,597,2,2023-07-31 13:27:00,2023-07-31 21:09:26,7:42:26.613459
1200,511,2,2023-07-31 18:06:03,2023-07-31 21:09:51,3:03:48.183436
1216,535,2,2023-07-31 19:45:42,2023-07-31 21:10:55,1:25:12.260909
1134,516,2,2023-07-31 11:08:40,2023-07-31 21:10:55,10:02:15.065825
1136,520,2,2023-07-31 11:09:09,2023-07-31 21:10:55,10:01:45.810378
1189,628,3,2023-07-31 17:52:44,2023-07-31 21:14:16,3:21:32.286395
1204,546,10,2023-07-31 18:29:23,2023-07-31 21:59:03,3:29:40.467912
1152,578,10,2023-07-31 11:14:59,2023-07-31 21:59:26,10:44:26.749667
1162,584,10,2023-07-31 12:24:14,2023-07-31 22:00:42,9:36:27.230387
1221,554,7,2023-07-31 20:05:30,2023-07-31 22:01:52,1:56:21.927273
1209,515,10,2023-07-31 18:57:30,2023-07-31 22:03:17,3:05:46.216736
1175,544,10,2023-07-31 14:33:10,2023-07-31 22:03:32,7:30:22.659706
1214,577,3,2023-07-31 19:45:35,2023-07-31 23:04:20,3:18:44.860924
1220,625,3,2023-07-31 19:46:26,2023-07-31 23:04:20,3:17:54.289687
1180,640,3,2023-07-31 15:53:02,2023-07-31 23:04:20,7:11:18.694345
1153,636,3,2023-07-31 11:17:46,2023-07-31 23:04:20,11:46:34.242988
1171,585,3,2023-07-31 12:48:05,2023-07-31 23:04:20,10:16:15.197322
1206,599,8,2023-07-31 18:56:31,2023-07-31 20:06:46,1:10:14.427578
1127,557,8,2023-07-31 11:06:45,2023-07-31 20:06:53,9:00:07.402230
1176,606,6,2023-07-31 14:36:11,2023-07-31 20:07:45,5:31:34.683311
1238,590,9,2023-07-31 20:27:51,2023-07-31 20:32:15,0:04:24.624451
1231,607,10,2023-07-31 20:14:34,2023-07-31 20:48:04,0:33:30.558233
1224,599,7,2023-07-31 20:06:46,2023-07-31 20:50:42,0:43:56.506333
1239,524,9,2023-07-31 20:27:58,2023-07-31 20:52:38,0:24:39.603866
1211,581,9,2023-07-31 18:59:46,2023-07-31 20:52:38,1:52:52.075681
1229,588,9,2023-07-31 20:08:42,2023-07-31 20:52:38,0:43:55.742935
1240,583,9,2023-07-31 20:32:20,2023-07-31 20:52:38,0:20:18.271827
1234,621,9,2023-07-31 20:17:46,2023-07-31 20:52:38,0:34:52.354439
1096,592,9,2023-07-31 10:59:34,2023-07-31 20:52:38,9:53:04.501792
1236,553,9,2023-07-31 20:23:05,2023-07-31 20:52:38,0:29:33.422370
1191,634,5,2023-07-31 17:53:44,2023-07-31 21:07:31,3:13:46.940469
1199,514,2,2023-07-31 18:06:00,2023-07-31 21:09:02,3:03:01.610949
1183,595,2,2023-07-31 17:03:05,2023-07-31 21:10:55,4:07:49.725383
1258,524,4,2023-07-31 21:45:25,2023-07-31 21:45:30,0:00:04.447983
1084,622,10,2023-07-31 10:58:33,2023-07-31 21:58:41,11:00:08.516920
1232,606,10,2023-07-31 20:14:43,2023-07-31 21:58:55,1:44:11.329897
1241,590,10,2023-07-31 20:49:03,2023-07-31 21:59:57,1:10:53.681478
1222,612,7,2023-07-31 20:06:12,2023-07-31 22:01:31,1:55:19.138555
1237,562,7,2023-07-31 20:25:34,2023-07-31 22:01:36,1:36:01.452526
1242,599,7,2023-07-31 20:50:49,2023-07-31 22:01:46,1:10:56.972538
1223,582,7,2023-07-31 20:06:37,2023-07-31 22:01:49,1:55:11.619544
1228,557,7,2023-07-31 20:06:53,2023-07-31 22:01:55,1:55:02.236137
1226,525,7,2023-07-31 20:06:50,2023-07-31 22:01:58,1:55:08.198257
1227,615,7,2023-07-31 20:06:51,2023-07-31 22:02:01,1:55:09.188650
1235,620,7,2023-07-31 20:22:58,2023-07-31 22:02:04,1:39:06.034930
1230,551,7,2023-07-31 20:13:18,2023-07-31 22:02:18,1:49:00.439841
1225,550,7,2023-07-31 20:06:48,2023-07-31 22:02:22,1:55:33.926457
1233,626,7,2023-07-31 20:15:03,2023-07-31 22:02:25,1:47:21.203221
1262,557,4,2023-07-31 22:01:55,2023-07-31 22:02:44,0:00:48.784250
1261,554,4,2023-07-31 22:01:52,2023-07-31 22:02:50,0:00:57.776339
1264,615,4,2023-07-31 22:02:01,2023-07-31 22:03:09,0:01:08.323440
1132,534,10,2023-07-31 11:07:58,2023-07-31 22:03:21,10:55:23.355222
1275,524,4,2023-07-31 22:03:46,2023-07-31 22:04:33,0:00:47.879362
1263,525,4,2023-07-31 22:01:58,2023-07-31 22:04:35,0:02:37.109997
1276,621,4,2023-07-31 22:03:47,2023-07-31 22:04:36,0:00:49.029302
1269,593,2,2023-07-31 22:02:33,2023-07-31 22:05:04,0:02:31.276803
1267,550,4,2023-07-31 22:02:22,2023-07-31 22:05:13,0:02:51.247988
1259,599,4,2023-07-31 22:01:46,2023-07-31 22:21:13,0:19:27.688562
1260,582,4,2023-07-31 22:01:49,2023-07-31 22:21:16,0:19:27.107338
1265,620,4,2023-07-31 22:02:04,2023-07-31 22:21:19,0:19:14.878917
1266,551,4,2023-07-31 22:02:18,2023-07-31 22:21:22,0:19:03.632655
1268,626,4,2023-07-31 22:02:25,2023-07-31 22:21:25,0:18:59.974009
1254,532,1,2023-07-31 21:12:46,2023-07-31 22:27:45,1:14:58.443137
1248,521,1,2023-07-31 21:06:59,2023-07-31 22:27:45,1:20:45.408472
1251,548,1,2023-07-31 21:10:42,2023-07-31 22:27:45,1:17:03.317411
1250,547,1,2023-07-31 21:09:10,2023-07-31 22:27:45,1:18:35.248319
1249,537,1,2023-07-31 21:08:58,2023-07-31 22:27:45,1:18:47.315101
1247,575,1,2023-07-31 21:06:47,2023-07-31 22:27:45,1:20:58.425849
1244,581,1,2023-07-31 21:06:35,2023-07-31 22:27:45,1:21:10.186742
1243,583,1,2023-07-31 21:06:29,2023-07-31 22:27:45,1:21:15.626106
1246,592,1,2023-07-31 21:06:43,2023-07-31 22:27:45,1:21:01.987156
1252,536,1,2023-07-31 21:11:18,2023-07-31 22:27:45,1:16:27.216726
1253,572,1,2023-07-31 21:11:36,2023-07-31 22:27:45,1:16:08.856699
1245,553,1,2023-07-31 21:06:39,2023-07-31 22:27:45,1:21:06.437439
1272,513,2,2023-07-31 22:03:25,2023-07-31 22:36:10,0:32:44.854890
1257,596,3,2023-07-31 21:14:48,2023-07-31 23:04:20,1:49:32.638883
1256,611,3,2023-07-31 21:14:25,2023-07-31 23:04:20,1:49:55.042099
1255,635,3,2023-07-31 21:13:08,2023-07-31 23:04:20,1:51:12.575891
1281,551,2,2023-07-31 22:21:22,2023-07-31 23:22:01,1:00:39.211261
1271,534,2,2023-07-31 22:03:21,2023-07-31 23:22:01,1:18:39.820933
1270,515,2,2023-07-31 22:03:17,2023-07-31 23:22:01,1:18:44.207118
1274,544,2,2023-07-31 22:03:32,2023-07-31 23:22:01,1:18:28.505400
1278,599,2,2023-07-31 22:21:13,2023-07-31 23:22:01,1:00:47.801988
1279,582,2,2023-07-31 22:21:16,2023-07-31 23:22:01,1:00:44.994039
1284,581,2,2023-07-31 22:44:31,2023-07-31 23:22:01,0:37:29.857193
1277,591,2,2023-07-31 22:16:52,2023-07-31 23:22:01,1:05:09.175418
1283,575,2,2023-07-31 22:43:31,2023-07-31 23:22:01,0:38:30.547136
1282,626,2,2023-07-31 22:21:25,2023-07-31 23:22:01,1:00:36.808682
1273,574,2,2023-07-31 22:03:30,2023-07-31 23:22:01,1:18:31.836909
1280,620,2,2023-07-31 22:21:19,2023-07-31 23:22:01,1:00:42.664350
1286,592,2,2023-08-01 10:53:48,2023-08-01 10:53:49,0:00:01.710704
1287,592,3,2023-08-01 10:53:49,2023-08-01 10:53:50,0:00:00.785275
1288,592,4,2023-08-01 10:53:50,2023-08-01 10:53:51,0:00:00.577633
1289,592,5,2023-08-01 10:53:51,2023-08-01 10:53:51,0:00:00.572574
1290,592,6,2023-08-01 10:53:51,2023-08-01 10:53:52,0:00:00.535129
1291,592,7,2023-08-01 10:53:52,2023-08-01 10:53:53,0:00:00.992036
1292,592,8,2023-08-01 10:53:53,2023-08-01 10:53:54,0:00:01.002361
1293,592,9,2023-08-01 10:53:54,2023-08-01 10:53:55,0:00:00.853418
1295,609,2,2023-08-01 10:55:05,2023-08-01 10:56:00,0:00:55.349884
1296,624,3,2023-08-01 10:55:13,2023-08-01 10:58:01,0:02:47.889988
1298,609,4,2023-08-01 10:56:00,2023-08-01 10:58:03,0:02:02.155593
1294,592,10,2023-08-01 10:53:55,2023-08-01 11:18:33,0:24:38.606675
1285,516,1,2023-08-01 10:38:11,2023-08-01 17:13:15,6:35:03.938239
1297,614,2,2023-08-01 10:55:58,2023-08-01 17:33:27,6:37:28.921236
1303,561,4,2023-08-01 10:58:26,2023-08-01 17:43:21,6:44:54.226786
1302,609,7,2023-08-01 10:58:03,2023-08-01 18:07:27,7:09:24.800613
1301,624,6,2023-08-01 10:58:01,2023-08-01 18:15:41,7:17:40.130246
1300,529,3,2023-08-01 10:57:59,2023-08-01 19:13:57,8:15:57.983656
1299,523,5,2023-08-01 10:57:45,2023-08-01 21:07:05,10:09:20.224390
1309,594,1,2023-08-01 11:00:45,2023-08-01 11:00:59,0:00:13.896183
1316,616,10,2023-08-01 11:01:51,2023-08-01 11:01:56,0:00:04.109395
1319,620,1,2023-08-01 11:02:10,2023-08-01 11:02:19,0:00:08.526783
1326,578,2,2023-08-01 11:03:06,2023-08-01 11:03:18,0:00:11.334270
1327,580,2,2023-08-01 11:03:10,2023-08-01 11:03:22,0:00:12.010285
1333,548,5,2023-08-01 11:04:06,2023-08-01 11:04:12,0:00:05.502545
1336,547,7,2023-08-01 11:04:24,2023-08-01 11:04:26,0:00:01.839093
1334,548,9,2023-08-01 11:04:12,2023-08-01 11:04:28,0:00:15.527551
1304,568,2,2023-08-01 10:58:38,2023-08-01 11:10:48,0:12:10.046063
1325,583,4,2023-08-01 11:02:57,2023-08-01 11:11:01,0:08:03.512239
1372,524,7,2023-08-01 11:15:04,2023-08-01 11:15:07,0:00:02.521436
1373,524,8,2023-08-01 11:15:07,2023-08-01 11:16:44,0:01:37.568780
1355,556,1,2023-08-01 11:08:57,2023-08-01 11:17:30,0:08:33.672524
1365,535,8,2023-08-01 11:13:15,2023-08-01 11:17:34,0:04:19.621407
1368,532,6,2023-08-01 11:13:58,2023-08-01 11:17:48,0:03:49.318864
1328,578,6,2023-08-01 11:03:18,2023-08-01 11:18:25,0:15:06.928536
1381,592,9,2023-08-01 11:18:33,2023-08-01 11:18:38,0:00:04.967145
1380,578,10,2023-08-01 11:18:25,2023-08-01 11:18:40,0:00:15.807252
1367,527,9,2023-08-01 11:13:53,2023-08-01 11:18:55,0:05:02.418391
1329,580,8,2023-08-01 11:03:22,2023-08-01 11:22:54,0:19:31.883368
1311,594,4,2023-08-01 11:00:59,2023-08-01 11:23:37,0:22:38.105317
1387,594,6,2023-08-01 11:23:37,2023-08-01 11:23:41,0:00:03.230868
1382,592,10,2023-08-01 11:18:38,2023-08-01 11:23:54,0:05:15.593421
1389,592,8,2023-08-01 11:23:54,2023-08-01 11:23:57,0:00:03.383622
1385,586,8,2023-08-01 11:22:49,2023-08-01 11:24:06,0:01:17.366185
1390,592,4,2023-08-01 11:23:57,2023-08-01 11:24:08,0:00:10.938960
1351,636,4,2023-08-01 11:06:04,2023-08-01 11:24:17,0:18:13.377402
1364,513,10,2023-08-01 11:12:57,2023-08-01 11:24:41,0:11:44.126166
1395,553,1,2023-08-01 11:27:13,2023-08-01 11:35:38,0:08:25.058478
1396,553,4,2023-08-01 11:37:06,2023-08-01 11:44:29,0:07:22.853750
1397,564,6,2023-08-01 11:45:10,2023-08-01 11:45:56,0:00:46.360143
1404,545,1,2023-08-01 11:56:13,2023-08-01 17:06:33,5:10:20.722783
1358,568,4,2023-08-01 11:10:48,2023-08-01 17:43:18,6:32:29.979737
1400,542,8,2023-08-01 11:51:31,2023-08-01 17:45:05,5:53:33.945018
1370,519,4,2023-08-01 11:14:37,2023-08-01 17:51:44,6:37:07.172269
1318,623,4,2023-08-01 11:02:06,2023-08-01 17:51:58,6:49:51.195208
1401,552,4,2023-08-01 11:52:34,2023-08-01 17:53:03,6:00:29.088405
1340,628,4,2023-08-01 11:04:39,2023-08-01 17:53:24,6:48:44.810018
1306,522,9,2023-08-01 10:59:39,2023-08-01 18:06:09,7:06:29.744636
1356,627,7,2023-08-01 11:09:48,2023-08-01 18:07:30,6:57:42.101953
1331,563,2,2023-08-01 11:03:58,2023-08-01 19:01:58,7:58:00.155098
1379,532,8,2023-08-01 11:17:48,2023-08-01 20:09:47,8:51:59.211655
1377,556,8,2023-08-01 11:17:30,2023-08-01 20:09:54,8:52:23.881541
1322,607,8,2023-08-01 11:02:27,2023-08-01 20:10:40,9:08:12.711833
1392,592,8,2023-08-01 11:24:08,2023-08-01 20:11:31,8:47:23.034473
1361,605,8,2023-08-01 11:11:30,2023-08-01 20:15:32,9:04:02.385380
1353,515,8,2023-08-01 11:06:52,2023-08-01 20:15:37,9:08:44.175744
1337,547,9,2023-08-01 11:04:26,2023-08-01 20:19:12,9:14:46.167032
1398,564,9,2023-08-01 11:46:03,2023-08-01 20:19:17,8:33:13.814245
1312,582,3,2023-08-01 11:01:03,2023-08-01 20:20:34,9:19:31.468537
1307,622,3,2023-08-01 10:59:50,2023-08-01 20:20:35,9:20:44.912217
1332,562,3,2023-08-01 11:04:00,2023-08-01 20:20:37,9:16:36.155483
1349,625,3,2023-08-01 11:05:50,2023-08-01 20:20:38,9:14:47.120100
1338,548,7,2023-08-01 11:04:28,2023-08-01 20:23:50,9:19:22.246886
1383,578,9,2023-08-01 11:18:40,2023-08-01 20:34:36,9:15:55.707753
1363,559,9,2023-08-01 11:12:12,2023-08-01 20:34:37,9:22:25.407497
1374,525,9,2023-08-01 11:15:13,2023-08-01 20:34:38,9:19:24.834024
1323,617,9,2023-08-01 11:02:30,2023-08-01 20:34:38,9:32:07.430590
1347,635,9,2023-08-01 11:05:24,2023-08-01 20:34:53,9:29:29.084940
1317,616,6,2023-08-01 11:01:56,2023-08-01 20:48:31,9:46:35.223006
1343,520,6,2023-08-01 11:04:45,2023-08-01 20:50:50,9:46:05.078727
1384,527,6,2023-08-01 11:18:55,2023-08-01 20:50:50,9:31:55.079807
1335,599,6,2023-08-01 11:04:17,2023-08-01 20:50:53,9:46:35.280418
1386,580,6,2023-08-01 11:22:54,2023-08-01 20:51:01,9:28:07.011374
1359,583,2,2023-08-01 11:11:01,2023-08-01 21:06:38,9:55:37.724457
1403,615,2,2023-08-01 11:54:47,2023-08-01 21:06:50,9:12:03.147794
1354,618,2,2023-08-01 11:08:33,2023-08-01 21:06:50,9:58:17.385251
1346,608,2,2023-08-01 11:05:17,2023-08-01 21:06:53,10:01:35.649686
1341,626,2,2023-08-01 11:04:41,2023-08-01 21:06:54,10:02:12.754831
1405,593,5,2023-08-01 11:56:37,2023-08-01 21:07:03,9:10:25.752697
1375,584,5,2023-08-01 11:16:27,2023-08-01 21:07:04,9:50:37.053140
1314,591,5,2023-08-01 11:01:09,2023-08-01 21:07:07,10:05:58.276618
1344,551,5,2023-08-01 11:04:47,2023-08-01 21:08:13,10:03:26.112229
1342,630,5,2023-08-01 11:04:44,2023-08-01 21:08:14,10:03:30.105206
1352,634,5,2023-08-01 11:06:07,2023-08-01 21:08:15,10:02:08.447549
1308,632,1,2023-08-01 10:59:58,2023-08-01 21:09:41,10:09:43.680195
1399,553,7,2023-08-01 11:50:07,2023-08-01 22:10:22,10:20:15.691014
1357,518,7,2023-08-01 11:09:54,2023-08-01 22:11:38,11:01:44.528667
1348,637,7,2023-08-01 11:05:32,2023-08-01 22:11:48,11:06:15.323048
1315,575,7,2023-08-01 11:01:20,2023-08-01 22:12:01,11:10:41.879094
1345,544,10,2023-08-01 11:04:58,2023-08-01 22:12:25,11:07:27.212806
1402,550,10,2023-08-01 11:52:59,2023-08-01 22:12:25,10:19:26.661194
1376,524,10,2023-08-01 11:16:47,2023-08-01 22:12:25,10:55:38.051318
1324,613,10,2023-08-01 11:02:34,2023-08-01 22:12:26,11:09:51.824960
1362,619,10,2023-08-01 11:11:35,2023-08-01 22:12:26,11:00:50.698843
1366,514,10,2023-08-01 11:13:23,2023-08-01 22:12:26,10:59:02.350837
1393,636,10,2023-08-01 11:24:26,2023-08-01 22:12:26,10:47:59.522976
1369,534,1,2023-08-01 11:14:19,2023-08-01 23:00:48,11:46:28.982377
1378,535,1,2023-08-01 11:17:34,2023-08-01 23:00:48,11:43:14.065743
1320,612,1,2023-08-01 11:02:14,2023-08-01 23:00:49,11:58:34.995545
1350,611,1,2023-08-01 11:05:58,2023-08-01 23:00:49,11:54:50.616847
1411,590,3,2023-08-01 13:48:28,2023-08-01 15:20:26,1:31:58.702753
1391,586,4,2023-08-01 11:24:06,2023-08-01 15:20:56,3:56:49.942894
1421,597,7,2023-08-01 16:30:52,2023-08-01 16:31:36,0:00:44.465424
1413,639,3,2023-08-01 14:13:36,2023-08-01 17:22:14,3:08:38.481392
1425,639,1,2023-08-01 17:22:14,2023-08-01 17:25:19,0:03:04.941937
1423,595,3,2023-08-01 16:49:48,2023-08-01 17:44:22,0:54:34.214618
1394,513,4,2023-08-01 11:24:41,2023-08-01 17:51:50,6:27:09.335867
1305,631,8,2023-08-01 10:59:15,2023-08-01 17:52:02,6:52:47.457383
1433,623,5,2023-08-01 17:51:58,2023-08-01 17:52:21,0:00:22.885144
1434,623,1,2023-08-01 17:52:21,2023-08-01 17:52:55,0:00:34.684984
1417,590,4,2023-08-01 15:20:26,2023-08-01 17:52:58,2:32:31.631359
1437,552,3,2023-08-01 17:53:03,2023-08-01 17:53:21,0:00:18.578767
1438,552,4,2023-08-01 17:53:21,2023-08-01 17:54:08,0:00:46.607922
1419,589,4,2023-08-01 15:30:19,2023-08-01 17:54:10,2:23:50.636576
1430,595,4,2023-08-01 17:44:22,2023-08-01 18:05:31,0:21:08.372087
1422,597,10,2023-08-01 16:31:36,2023-08-01 18:43:23,2:11:46.966635
1446,597,6,2023-08-01 18:43:23,2023-08-01 18:46:46,0:03:22.942380
1436,590,3,2023-08-01 17:52:58,2023-08-01 19:14:15,1:21:17.327918
1441,589,2,2023-08-01 17:54:10,2023-08-01 19:14:19,1:20:08.763784
1431,519,1,2023-08-01 17:51:44,2023-08-01 19:14:24,1:22:40.017918
1432,513,2,2023-08-01 17:51:50,2023-08-01 19:14:42,1:22:52.086171
1435,623,3,2023-08-01 17:52:55,2023-08-01 19:14:52,1:21:57.135242
1439,628,3,2023-08-01 17:53:24,2023-08-01 19:15:17,1:21:53.131705
1440,552,2,2023-08-01 17:54:08,2023-08-01 19:19:55,1:25:47.212224
1412,549,1,2023-08-01 14:12:20,2023-08-01 19:23:55,5:11:35.148194
1408,541,8,2023-08-01 12:35:19,2023-08-01 20:08:28,7:33:09.234295
1410,566,6,2023-08-01 12:42:21,2023-08-01 20:08:38,7:26:16.987137
1371,558,6,2023-08-01 11:15:02,2023-08-01 20:08:55,8:53:53.135265
1443,595,8,2023-08-01 18:05:31,2023-08-01 20:10:10,2:04:39.403632
1415,554,8,2023-08-01 14:44:37,2023-08-01 20:13:21,5:28:43.968936
1461,607,7,2023-08-01 20:10:40,2023-08-01 20:15:18,0:04:38.291969
1463,554,7,2023-08-01 20:13:21,2023-08-01 20:15:27,0:02:06.262098
1418,606,3,2023-08-01 15:20:32,2023-08-01 20:17:54,4:57:22.251609
1360,521,3,2023-08-01 11:11:13,2023-08-01 20:18:05,9:06:52.035908
1469,521,2,2023-08-01 20:18:05,2023-08-01 20:18:31,0:00:26.017346
1427,639,3,2023-08-01 17:25:19,2023-08-01 20:20:32,2:55:12.571850
1339,629,3,2023-08-01 11:04:35,2023-08-01 20:20:39,9:16:03.415582
1466,605,7,2023-08-01 20:15:32,2023-08-01 20:21:01,0:05:28.592448
1442,565,9,2023-08-01 18:03:42,2023-08-01 20:34:29,2:30:46.710346
1409,585,9,2023-08-01 12:38:01,2023-08-01 20:34:35,7:56:34.732116
1460,595,9,2023-08-01 20:10:10,2023-08-01 20:34:41,0:24:30.366826
1406,528,6,2023-08-01 12:12:35,2023-08-01 20:47:44,8:35:08.542250
1475,525,6,2023-08-01 20:38:58,2023-08-01 20:50:29,0:11:30.627753
1459,556,6,2023-08-01 20:09:54,2023-08-01 20:50:41,0:40:46.807316
1458,532,6,2023-08-01 20:09:47,2023-08-01 20:50:42,0:40:54.824903
1474,617,6,2023-08-01 20:38:55,2023-08-01 20:50:51,0:11:56.218282
1448,588,6,2023-08-01 18:47:03,2023-08-01 20:50:54,2:03:51.430420
1449,546,6,2023-08-01 18:47:06,2023-08-01 20:50:55,2:03:49.687713
1453,513,4,2023-08-01 19:14:42,2023-08-01 20:59:01,1:44:18.245835
1470,521,4,2023-08-01 20:18:31,2023-08-01 20:59:01,0:40:29.240644
1457,549,4,2023-08-01 19:23:55,2023-08-01 20:59:01,1:35:05.589092
1456,552,4,2023-08-01 19:19:55,2023-08-01 20:59:01,1:39:05.638406
1451,589,4,2023-08-01 19:14:19,2023-08-01 20:59:01,1:44:42.182452
1450,590,4,2023-08-01 19:14:15,2023-08-01 20:59:01,1:44:45.467823
1455,628,4,2023-08-01 19:15:17,2023-08-01 20:59:01,1:43:44.105353
1454,623,4,2023-08-01 19:14:52,2023-08-01 20:59:01,1:44:08.412188
1452,519,4,2023-08-01 19:14:24,2023-08-01 20:59:01,1:44:36.517645
1468,606,2,2023-08-01 20:17:54,2023-08-01 21:04:29,0:46:34.331317
1416,571,2,2023-08-01 14:46:57,2023-08-01 21:05:42,6:18:44.841767
1471,625,2,2023-08-01 20:25:30,2023-08-01 21:06:07,0:40:36.409242
1310,581,2,2023-08-01 11:00:53,2023-08-01 21:06:49,10:05:55.615063
1420,598,2,2023-08-01 15:30:32,2023-08-01 21:06:52,5:36:20.101783
1428,536,5,2023-08-01 17:31:32,2023-08-01 21:07:05,3:35:33.044521
1321,620,5,2023-08-01 11:02:19,2023-08-01 21:07:06,10:04:47.223842
1424,573,5,2023-08-01 17:17:48,2023-08-01 21:08:13,3:50:25.166704
1479,581,6,2023-08-01 21:10:37,2023-08-01 21:11:06,0:00:28.301070
1477,618,6,2023-08-01 21:10:07,2023-08-01 21:14:12,0:04:05.320298
1478,608,6,2023-08-01 21:10:10,2023-08-01 21:14:14,0:04:04.276106
1492,630,3,2023-08-01 21:17:05,2023-08-01 21:17:21,0:00:16.346003
1472,565,7,2023-08-01 20:34:29,2023-08-01 22:10:58,1:36:29.373824
1445,512,7,2023-08-01 18:25:54,2023-08-01 22:11:30,3:45:36.171469
1414,557,10,2023-08-01 14:23:12,2023-08-01 22:12:25,7:49:13.064727
1465,554,10,2023-08-01 20:15:27,2023-08-01 22:12:25,1:56:58.451362
1464,607,10,2023-08-01 20:15:18,2023-08-01 22:12:26,1:57:07.473550
1447,597,10,2023-08-01 18:46:46,2023-08-01 22:12:26,3:25:39.385459
1467,515,7,2023-08-01 20:15:37,2023-08-01 22:14:00,1:58:23.461128
1462,592,7,2023-08-01 20:11:31,2023-08-01 22:14:00,2:02:28.733509
1473,635,7,2023-08-01 20:36:47,2023-08-01 22:14:00,1:37:12.765676
1490,593,6,2023-08-01 21:15:24,2023-08-01 22:15:06,0:59:42.037875
1480,581,3,2023-08-01 21:11:06,2023-08-01 22:57:29,1:46:23.411786
1493,620,3,2023-08-01 21:17:24,2023-08-01 22:57:48,1:40:23.838986
1481,588,3,2023-08-01 21:11:35,2023-08-01 23:00:14,1:48:38.496014
1482,546,3,2023-08-01 21:12:00,2023-08-01 23:00:17,1:48:17.112707
1489,591,1,2023-08-01 21:15:06,2023-08-01 23:00:48,1:45:42.711294
1426,596,1,2023-08-01 17:24:41,2023-08-01 23:00:49,5:36:07.759940
1429,577,1,2023-08-01 17:34:56,2023-08-01 23:00:49,5:25:52.491562
1476,626,1,2023-08-01 21:08:23,2023-08-01 23:00:49,1:52:25.313467
1483,589,3,2023-08-01 21:12:46,2023-08-01 23:00:56,1:48:10.527131
1488,608,3,2023-08-01 21:14:14,2023-08-01 23:00:56,1:46:42.278898
1485,599,3,2023-08-01 21:13:23,2023-08-01 23:00:56,1:47:33.241922
1491,634,3,2023-08-01 21:16:51,2023-08-01 23:00:56,1:44:05.395521
1484,585,3,2023-08-01 21:13:21,2023-08-01 23:00:56,1:47:35.849238
1497,556,6,2023-08-01 21:21:52,2023-08-01 21:22:17,0:00:25.665691
1501,598,4,2023-08-01 22:04:57,2023-08-01 22:05:19,0:00:21.607302
1330,572,7,2023-08-01 11:03:38,2023-08-01 22:10:34,11:06:56.137299
1444,560,7,2023-08-01 18:06:33,2023-08-01 22:10:48,4:04:14.505282
1388,594,10,2023-08-01 11:23:41,2023-08-01 22:12:25,10:48:44.955039
1407,621,7,2023-08-01 12:24:19,2023-08-01 22:13:14,9:48:54.808449
1503,565,6,2023-08-01 22:10:58,2023-08-01 22:15:09,0:04:10.711292
1502,553,6,2023-08-01 22:10:22,2023-08-01 22:15:11,0:04:48.975540
1505,518,6,2023-08-01 22:11:38,2023-08-01 22:15:14,0:03:35.314847
1504,512,6,2023-08-01 22:11:30,2023-08-01 22:15:16,0:03:45.611036
1506,575,6,2023-08-01 22:12:01,2023-08-01 22:15:19,0:03:17.356297
1500,549,6,2023-08-01 21:35:05,2023-08-01 22:15:21,0:40:16.052649
1494,551,6,2023-08-01 21:17:35,2023-08-01 22:15:24,0:57:48.547832
1507,593,2,2023-08-01 22:15:06,2023-08-01 22:21:18,0:06:11.191561
1518,544,2,2023-08-01 22:18:55,2023-08-01 22:43:36,0:24:41.217155
1495,536,3,2023-08-01 21:17:48,2023-08-01 22:57:13,1:39:25.034752
1487,618,3,2023-08-01 21:14:12,2023-08-01 22:57:54,1:43:41.562634
1499,521,1,2023-08-01 21:29:33,2023-08-01 23:00:48,1:31:15.033442
1496,513,1,2023-08-01 21:18:57,2023-08-01 23:00:48,1:41:51.479374
1313,574,1,2023-08-01 11:01:05,2023-08-01 23:00:49,11:59:43.186098
1498,556,1,2023-08-01 21:22:17,2023-08-01 23:00:49,1:38:31.431633
1486,520,3,2023-08-01 21:13:29,2023-08-01 23:00:56,1:47:27.037774
1514,551,2,2023-08-01 22:15:24,2023-08-01 23:09:47,0:54:23.204843
1510,518,2,2023-08-01 22:15:14,2023-08-01 23:09:47,0:54:33.149020
1511,512,2,2023-08-01 22:15:16,2023-08-01 23:09:47,0:54:30.955652
1513,549,2,2023-08-01 22:15:21,2023-08-01 23:09:47,0:54:25.527306
1512,575,2,2023-08-01 22:15:19,2023-08-01 23:09:47,0:54:28.222276
1508,565,2,2023-08-01 22:15:09,2023-08-01 23:09:47,0:54:38.014530
1517,613,2,2023-08-01 22:18:51,2023-08-01 23:09:47,0:50:56.196963
1519,597,2,2023-08-01 22:21:30,2023-08-01 23:09:47,0:48:16.648822
1509,553,2,2023-08-01 22:15:11,2023-08-01 23:09:47,0:54:35.722571
1521,544,4,2023-08-01 22:43:36,2023-08-01 23:23:51,0:40:15.240362
1525,581,4,2023-08-01 22:57:29,2023-08-01 23:23:51,0:26:22.220715
1520,595,4,2023-08-01 22:23:17,2023-08-01 23:23:51,1:00:33.845000
1523,594,4,2023-08-01 22:55:12,2023-08-01 23:23:51,0:28:38.918720
1528,608,4,2023-08-01 23:21:13,2023-08-01 23:23:51,0:02:38.446749
1522,559,4,2023-08-01 22:48:31,2023-08-01 23:23:51,0:35:20.855387
1524,536,4,2023-08-01 22:57:13,2023-08-01 23:23:51,0:26:38.092971
1527,618,4,2023-08-01 22:57:54,2023-08-01 23:23:51,0:25:57.696653
1516,635,4,2023-08-01 22:17:14,2023-08-01 23:23:52,1:06:37.726194
1526,620,4,2023-08-01 22:57:48,2023-08-01 23:23:52,0:26:04.012849
1515,592,4,2023-08-01 22:16:58,2023-08-01 23:23:52,1:06:53.177709
1529,536,1,2023-08-02 10:14:07,2023-08-02 10:14:14,0:00:06.946694
1530,536,1,2023-08-02 10:14:32,2023-08-02 10:14:39,0:00:06.346613
1531,616,1,2023-08-02 11:03:29,2023-08-02 11:03:30,0:00:01.751887
1532,616,2,2023-08-02 11:03:30,2023-08-02 11:03:31,0:00:00.756140
1533,616,3,2023-08-02 11:03:31,2023-08-02 11:03:32,0:00:00.522412
1534,616,4,2023-08-02 11:03:32,2023-08-02 11:03:32,0:00:00.473309
1535,616,5,2023-08-02 11:03:32,2023-08-02 11:03:33,0:00:00.889232
1536,616,6,2023-08-02 11:03:33,2023-08-02 11:03:34,0:00:00.511950
1537,616,7,2023-08-02 11:03:34,2023-08-02 11:03:34,0:00:00.535242
1538,616,8,2023-08-02 11:03:34,2023-08-02 11:03:35,0:00:00.518894
1539,616,9,2023-08-02 11:03:35,2023-08-02 11:03:35,0:00:00.584004
1540,616,10,2023-08-02 11:03:35,2023-08-02 11:03:36,0:00:00.714810
1541,616,11,2023-08-02 11:03:36,2023-08-02 11:03:51,0:00:15.214469
1542,616,1,2023-08-02 11:04:09,2023-08-02 11:04:11,0:00:02.451792
1543,616,2,2023-08-02 11:04:11,2023-08-02 11:04:12,0:00:00.719848
1544,616,3,2023-08-02 11:04:12,2023-08-02 11:04:13,0:00:00.638085
1545,616,4,2023-08-02 11:04:13,2023-08-02 11:04:13,0:00:00.603526
1546,616,5,2023-08-02 11:04:13,2023-08-02 11:04:14,0:00:00.619896
1547,616,6,2023-08-02 11:04:14,2023-08-02 11:04:14,0:00:00.540926
1548,616,7,2023-08-02 11:04:14,2023-08-02 11:04:15,0:00:00.569659
1549,616,8,2023-08-02 11:04:15,2023-08-02 11:04:15,0:00:00.539366
1550,616,9,2023-08-02 11:04:15,2023-08-02 11:04:16,0:00:00.614452
1552,591,1,2023-08-02 11:04:37,2023-08-02 11:05:17,0:00:40.094316
1553,574,2,2023-08-02 11:04:39,2023-08-02 11:05:21,0:00:42.089849
1559,574,1,2023-08-02 11:05:21,2023-08-02 11:07:40,0:02:19.469848
1551,616,10,2023-08-02 11:04:16,2023-08-02 11:08:37,0:04:20.553356
1571,572,10,2023-08-02 11:08:33,2023-08-02 11:09:00,0:00:27.157689
1575,580,8,2023-08-02 11:09:53,2023-08-02 11:10:02,0:00:09.089837
1572,616,3,2023-08-02 11:08:37,2023-08-02 11:10:23,0:01:45.955421
1579,557,9,2023-08-02 11:10:33,2023-08-02 11:18:21,0:07:47.828802
1580,615,9,2023-08-02 11:10:42,2023-08-02 11:18:23,0:07:41.352041
1578,625,8,2023-08-02 11:10:12,2023-08-02 11:25:51,0:15:38.692860
1573,572,4,2023-08-02 11:09:00,2023-08-02 11:27:05,0:18:04.618727
1561,575,9,2023-08-02 11:05:37,2023-08-02 13:22:57,2:17:20.541741
1560,636,2,2023-08-02 11:05:29,2023-08-02 17:11:58,6:06:29.428048
1566,554,3,2023-08-02 11:06:56,2023-08-02 17:14:38,6:07:41.253683
1564,593,2,2023-08-02 11:06:20,2023-08-02 17:48:48,6:42:27.878417
1576,562,7,2023-08-02 11:10:01,2023-08-02 18:15:36,7:05:35.602687
1555,594,7,2023-08-02 11:04:47,2023-08-02 18:15:50,7:11:03.273806
1569,556,1,2023-08-02 11:08:12,2023-08-02 19:12:15,8:04:03.764080
1562,582,4,2023-08-02 11:05:46,2023-08-02 19:12:30,8:06:44.084659
1567,574,4,2023-08-02 11:07:40,2023-08-02 19:14:19,8:06:38.148913
1558,591,3,2023-08-02 11:05:17,2023-08-02 19:15:10,8:09:52.718657
1556,597,8,2023-08-02 11:04:52,2023-08-02 19:49:31,8:44:38.950965
1565,578,1,2023-08-02 11:06:22,2023-08-02 21:46:16,10:39:53.851141
1570,559,9,2023-08-02 11:08:26,2023-08-02 22:08:51,11:00:25.399079
1557,599,10,2023-08-02 11:05:06,2023-08-02 22:11:18,11:06:12.894101
1574,553,10,2023-08-02 11:09:03,2023-08-02 22:11:19,11:02:15.189902
1563,581,5,2023-08-02 11:05:57,2023-08-02 22:28:42,11:22:45.420820
1577,580,5,2023-08-02 11:10:02,2023-08-02 22:28:42,11:18:39.789704
1583,609,2,2023-08-02 11:11:21,2023-08-02 11:11:28,0:00:07.712901
1586,627,5,2023-08-02 11:11:39,2023-08-02 11:11:49,0:00:10.341213
1601,536,5,2023-08-02 11:14:45,2023-08-02 11:15:24,0:00:39.421489
1602,521,5,2023-08-02 11:14:47,2023-08-02 11:15:26,0:00:38.481878
1610,605,5,2023-08-02 11:15:37,2023-08-02 11:18:25,0:02:48.259479
1626,596,4,2023-08-02 11:20:54,2023-08-02 11:21:50,0:00:55.631250
1625,527,9,2023-08-02 11:20:03,2023-08-02 11:22:07,0:02:03.658965
1598,632,5,2023-08-02 11:14:06,2023-08-02 11:25:54,0:11:47.695791
1593,550,7,2023-08-02 11:13:13,2023-08-02 11:26:37,0:13:24.094527
1597,544,8,2023-08-02 11:13:55,2023-08-02 11:26:39,0:12:43.406508
1609,515,5,2023-08-02 11:15:31,2023-08-02 11:27:03,0:11:32.646090
1612,623,10,2023-08-02 11:16:22,2023-08-02 11:27:49,0:11:27.456647
1581,514,9,2023-08-02 11:10:52,2023-08-02 11:27:51,0:16:58.471034
1643,525,6,2023-08-02 11:49:43,2023-08-02 11:49:46,0:00:03.419786
1645,552,7,2023-08-02 11:50:41,2023-08-02 11:50:47,0:00:05.757712
1644,525,7,2023-08-02 11:49:46,2023-08-02 11:52:29,0:02:42.379853
1642,524,6,2023-08-02 11:49:37,2023-08-02 11:52:33,0:02:55.457030
1603,535,10,2023-08-02 11:14:53,2023-08-02 11:59:34,0:44:41.716996
1655,542,2,2023-08-02 12:36:15,2023-08-02 12:37:40,0:01:24.550227
1659,573,1,2023-08-02 12:41:01,2023-08-02 12:43:40,0:02:38.084401
1662,573,5,2023-08-02 12:43:40,2023-08-02 12:43:45,0:00:04.965816
1661,565,6,2023-08-02 12:43:18,2023-08-02 12:44:20,0:01:02.574540
1660,584,8,2023-08-02 12:43:01,2023-08-02 12:44:23,0:01:21.776876
1657,542,3,2023-08-02 12:37:40,2023-08-02 12:45:58,0:08:17.982335
1654,545,5,2023-08-02 12:35:43,2023-08-02 12:46:00,0:10:16.256596
1640,603,3,2023-08-02 11:34:07,2023-08-02 13:09:46,1:35:38.816674
1635,623,9,2023-08-02 11:27:49,2023-08-02 13:19:10,1:51:20.667475
1592,634,9,2023-08-02 11:13:08,2023-08-02 13:19:33,2:06:24.951484
1639,601,5,2023-08-02 11:32:53,2023-08-02 13:24:56,1:52:03.366435
1651,602,10,2023-08-02 12:00:04,2023-08-02 13:25:54,1:25:50.021135
1648,524,9,2023-08-02 11:52:33,2023-08-02 13:27:56,1:35:23.541629
1620,605,9,2023-08-02 11:18:25,2023-08-02 13:28:15,2:09:50.038564
1674,605,8,2023-08-02 13:28:15,2023-08-02 13:30:48,0:02:32.390198
1670,634,10,2023-08-02 13:19:33,2023-08-02 14:00:33,0:41:00.252890
1671,575,7,2023-08-02 13:22:57,2023-08-02 14:00:37,0:37:39.338058
1669,623,10,2023-08-02 13:19:10,2023-08-02 14:00:47,0:41:37.629768
1673,524,8,2023-08-02 13:27:56,2023-08-02 14:01:00,0:33:03.816343
1668,528,7,2023-08-02 12:56:26,2023-08-02 14:10:36,1:14:09.993850
1680,528,5,2023-08-02 14:11:41,2023-08-02 14:11:42,0:00:01.467683
1646,552,8,2023-08-02 11:50:47,2023-08-02 14:56:14,3:05:27.471725
1652,586,9,2023-08-02 12:05:22,2023-08-02 15:10:08,3:04:46.195329
1641,517,2,2023-08-02 11:49:16,2023-08-02 15:19:15,3:29:58.879026
1585,614,4,2023-08-02 11:11:33,2023-08-02 17:07:46,5:56:12.867071
1582,624,2,2023-08-02 11:11:16,2023-08-02 17:07:59,5:56:43.228211
1584,609,1,2023-08-02 11:11:28,2023-08-02 17:08:05,5:56:36.246337
1637,563,1,2023-08-02 11:32:34,2023-08-02 17:23:07,5:50:33.626861
1638,564,2,2023-08-02 11:32:41,2023-08-02 17:46:46,6:14:04.117402
1605,520,2,2023-08-02 11:15:09,2023-08-02 17:47:35,6:32:25.742911
1590,529,6,2023-08-02 11:12:39,2023-08-02 17:55:34,6:42:55.296169
1606,513,7,2023-08-02 11:15:14,2023-08-02 18:14:17,6:59:03.418511
1653,621,7,2023-08-02 12:13:17,2023-08-02 18:14:22,6:01:05.450004
1616,622,7,2023-08-02 11:17:28,2023-08-02 18:14:32,6:57:04.074611
1611,583,7,2023-08-02 11:16:12,2023-08-02 18:14:53,6:58:41.142804
1649,590,7,2023-08-02 11:54:27,2023-08-02 18:16:54,6:22:26.266989
1600,637,3,2023-08-02 11:14:23,2023-08-02 18:28:10,7:13:46.623788
1607,536,6,2023-08-02 11:15:24,2023-08-02 18:45:48,7:30:23.826955
1615,607,8,2023-08-02 11:17:24,2023-08-02 18:54:56,7:37:32.473542
1664,565,8,2023-08-02 12:44:20,2023-08-02 18:55:00,6:10:39.723881
1613,518,8,2023-08-02 11:16:51,2023-08-02 18:55:08,7:38:17.660599
1594,548,3,2023-08-02 11:13:20,2023-08-02 18:56:21,7:43:00.369617
1631,550,8,2023-08-02 11:26:37,2023-08-02 19:12:02,7:45:24.908953
1628,527,4,2023-08-02 11:22:19,2023-08-02 19:12:27,7:50:07.956309
1666,542,5,2023-08-02 12:45:58,2023-08-02 19:12:51,6:26:53.507171
1663,573,1,2023-08-02 12:43:45,2023-08-02 19:12:59,6:29:14.816954
1633,515,4,2023-08-02 11:27:03,2023-08-02 19:13:22,7:46:18.540184
1604,534,3,2023-08-02 11:15:06,2023-08-02 19:15:44,8:00:38.240629
1667,545,3,2023-08-02 12:46:00,2023-08-02 19:16:33,6:30:33.610859
1623,532,3,2023-08-02 11:19:37,2023-08-02 19:16:38,7:57:01.121881
1630,632,8,2023-08-02 11:25:54,2023-08-02 19:24:13,7:58:19.142073
1589,616,3,2023-08-02 11:12:23,2023-08-02 19:34:54,8:22:30.907807
1622,537,8,2023-08-02 11:19:06,2023-08-02 19:48:30,8:29:24.161133
1596,626,1,2023-08-02 11:13:48,2023-08-02 19:53:14,8:39:25.915106
1675,605,9,2023-08-02 13:30:48,2023-08-02 20:06:55,6:36:07.315959
1672,558,5,2023-08-02 13:25:21,2023-08-02 21:01:15,7:35:54.132219
1618,557,5,2023-08-02 11:18:21,2023-08-02 21:01:43,9:43:21.787810
1608,521,6,2023-08-02 11:15:26,2023-08-02 21:07:25,9:51:58.946673
1614,612,6,2023-08-02 11:17:20,2023-08-02 21:07:46,9:50:26.104116
1650,535,6,2023-08-02 11:59:34,2023-08-02 21:47:10,9:47:35.529207
1665,584,6,2023-08-02 12:44:23,2023-08-02 21:47:10,9:02:47.195549
1599,611,6,2023-08-02 11:14:14,2023-08-02 21:47:10,10:32:56.616861
1658,628,6,2023-08-02 12:38:47,2023-08-02 21:47:10,9:08:23.155127
1679,524,9,2023-08-02 14:01:00,2023-08-02 22:08:45,8:07:45.501372
1627,596,9,2023-08-02 11:22:09,2023-08-02 22:09:03,10:46:53.798412
1636,514,10,2023-08-02 11:27:51,2023-08-02 22:11:08,10:43:17.947417
1647,525,10,2023-08-02 11:52:29,2023-08-02 22:11:18,10:18:49.602255
1591,635,10,2023-08-02 11:13:04,2023-08-02 22:11:19,10:58:14.875045
1656,585,10,2023-08-02 12:37:13,2023-08-02 22:11:19,9:34:05.210651
1677,575,9,2023-08-02 14:00:37,2023-08-02 22:11:25,8:10:48.621537
1678,623,9,2023-08-02 14:00:47,2023-08-02 22:11:25,8:10:38.058703
1634,572,5,2023-08-02 11:27:05,2023-08-02 22:23:34,10:56:28.717532
1629,625,5,2023-08-02 11:25:51,2023-08-02 22:28:42,11:02:51.676492
1587,627,2,2023-08-02 11:11:49,2023-08-02 15:14:47,4:02:58.097324
1683,541,8,2023-08-02 14:30:57,2023-08-02 16:08:15,1:37:18.021287
1687,586,9,2023-08-02 15:11:04,2023-08-02 16:13:30,1:02:26.852467
1690,546,4,2023-08-02 16:01:49,2023-08-02 17:11:56,1:10:06.883609
1695,601,1,2023-08-02 17:31:41,2023-08-02 17:46:37,0:14:55.592568
1689,588,2,2023-08-02 16:00:52,2023-08-02 17:47:02,1:46:10.117503
1697,588,1,2023-08-02 17:47:02,2023-08-02 17:47:09,0:00:06.714899
1693,546,2,2023-08-02 17:11:56,2023-08-02 17:47:10,0:35:14.502661
1617,620,2,2023-08-02 11:17:47,2023-08-02 17:47:22,6:29:34.911237
1685,595,2,2023-08-02 15:07:20,2023-08-02 17:47:52,2:40:31.390554
1688,589,2,2023-08-02 15:39:44,2023-08-02 17:48:06,2:08:22.212796
1632,544,7,2023-08-02 11:26:39,2023-08-02 18:15:56,6:49:17.367870
1704,593,4,2023-08-02 17:48:48,2023-08-02 18:33:33,0:44:45.513669
1701,520,4,2023-08-02 17:47:35,2023-08-02 18:33:36,0:46:01.778278
1694,636,4,2023-08-02 17:11:58,2023-08-02 18:33:45,1:21:47.219421
1703,589,3,2023-08-02 17:48:06,2023-08-02 18:33:58,0:45:51.525955
1702,595,5,2023-08-02 17:47:52,2023-08-02 18:34:05,0:46:12.746438
1700,620,1,2023-08-02 17:47:22,2023-08-02 18:34:33,0:47:10.596016
1698,588,3,2023-08-02 17:47:09,2023-08-02 18:34:46,0:47:37.444320
1696,564,1,2023-08-02 17:46:46,2023-08-02 18:34:57,0:48:11.716527
1709,583,10,2023-08-02 18:14:53,2023-08-02 18:44:10,0:29:16.559645
1722,583,9,2023-08-02 18:44:10,2023-08-02 18:45:45,0:01:34.520348
1682,566,8,2023-08-02 14:16:25,2023-08-02 18:54:51,4:38:26.440621
1588,630,4,2023-08-02 11:12:14,2023-08-02 18:55:20,7:43:05.891244
1568,587,1,2023-08-02 11:07:45,2023-08-02 19:12:12,8:04:26.812632
1681,528,4,2023-08-02 14:11:42,2023-08-02 19:12:23,5:00:40.514364
1732,528,1,2023-08-02 19:12:23,2023-08-02 19:13:18,0:00:55.471537
1595,551,4,2023-08-02 11:13:38,2023-08-02 19:13:59,8:00:21.321973
1691,541,3,2023-08-02 16:10:04,2023-08-02 19:20:26,3:10:22.160706
1711,594,8,2023-08-02 18:15:50,2023-08-02 19:32:00,1:16:10.003784
1706,513,8,2023-08-02 18:14:17,2023-08-02 19:32:02,1:17:44.766756
1743,594,11,2023-08-02 19:32:21,2023-08-02 19:32:26,0:00:05.072249
1746,537,1,2023-08-02 19:48:30,2023-08-02 19:50:07,0:01:36.768769
1621,613,1,2023-08-02 11:18:44,2023-08-02 19:53:06,8:34:22.406191
1733,527,1,2023-08-02 19:12:27,2023-08-02 19:53:36,0:41:08.951527
1692,571,1,2023-08-02 17:03:16,2023-08-02 19:55:28,2:52:12.488419
1748,537,7,2023-08-02 19:50:07,2023-08-02 20:04:06,0:13:59.430086
1750,613,7,2023-08-02 19:53:06,2023-08-02 20:04:10,0:11:03.154175
1749,637,7,2023-08-02 19:52:09,2023-08-02 20:04:12,0:12:02.484837
1751,626,7,2023-08-02 19:53:14,2023-08-02 20:04:14,0:10:59.728929
1747,597,7,2023-08-02 19:49:31,2023-08-02 20:04:16,0:14:45.037828
1752,537,1,2023-08-02 20:04:06,2023-08-02 20:12:18,0:08:11.838242
1723,583,6,2023-08-02 18:45:45,2023-08-02 20:36:19,1:50:34.107321
1741,545,2,2023-08-02 19:16:33,2023-08-02 20:46:30,1:29:56.586747
1705,547,5,2023-08-02 18:01:05,2023-08-02 21:01:29,3:00:24.512374
1735,528,5,2023-08-02 19:13:18,2023-08-02 21:01:47,1:48:28.703623
1721,564,2,2023-08-02 18:34:57,2023-08-02 21:11:12,2:36:15.127847
1716,636,2,2023-08-02 18:33:45,2023-08-02 21:11:40,2:37:54.626864
1619,615,5,2023-08-02 11:18:23,2023-08-02 21:12:12,9:53:48.851489
1714,593,2,2023-08-02 18:33:33,2023-08-02 21:13:13,2:39:39.973434
1731,550,1,2023-08-02 19:12:02,2023-08-02 21:13:48,2:01:46.218195
1725,566,10,2023-08-02 18:54:51,2023-08-02 21:19:15,2:24:24.090062
1699,546,1,2023-08-02 17:47:10,2023-08-02 21:20:55,3:33:45.046803
1739,591,5,2023-08-02 19:15:10,2023-08-02 21:29:58,2:14:48.629695
1756,597,1,2023-08-02 20:04:16,2023-08-02 21:45:15,1:40:58.472182
1707,621,6,2023-08-02 18:14:22,2023-08-02 21:45:26,3:31:03.703844
1736,515,1,2023-08-02 19:13:22,2023-08-02 21:45:53,2:32:31.157513
1737,551,1,2023-08-02 19:13:59,2023-08-02 21:46:16,2:32:16.504479
1734,582,1,2023-08-02 19:12:30,2023-08-02 21:46:16,2:33:45.425864
1754,637,1,2023-08-02 20:04:12,2023-08-02 21:46:16,1:42:03.825240
1753,613,1,2023-08-02 20:04:10,2023-08-02 21:46:16,1:42:06.135196
1755,626,1,2023-08-02 20:04:14,2023-08-02 21:46:16,1:42:01.658688
1728,518,6,2023-08-02 18:55:08,2023-08-02 21:47:10,2:52:01.716015
1727,565,6,2023-08-02 18:55:00,2023-08-02 21:47:10,2:52:09.895373
1758,629,6,2023-08-02 20:43:35,2023-08-02 21:47:10,1:03:35.378596
1554,592,6,2023-08-02 11:04:43,2023-08-02 21:47:10,10:42:26.722238
1710,562,6,2023-08-02 18:15:36,2023-08-02 21:47:10,3:31:34.146170
1729,512,2,2023-08-02 19:02:27,2023-08-02 21:51:01,2:48:34.520444
1742,532,2,2023-08-02 19:16:38,2023-08-02 22:01:09,2:44:30.602215
1730,554,2,2023-08-02 19:04:59,2023-08-02 22:01:20,2:56:21.642148
1715,520,2,2023-08-02 18:33:36,2023-08-02 22:01:20,3:27:43.893460
1759,521,2,2023-08-02 21:07:25,2023-08-02 22:01:20,0:53:55.553800
1763,515,2,2023-08-02 21:45:53,2023-08-02 22:01:20,0:15:27.578726
1717,589,2,2023-08-02 18:33:58,2023-08-02 22:01:20,3:27:22.735606
1718,595,2,2023-08-02 18:34:05,2023-08-02 22:01:21,3:27:15.951104
1720,588,2,2023-08-02 18:34:46,2023-08-02 22:01:21,3:26:34.529061
1762,597,2,2023-08-02 21:45:15,2023-08-02 22:01:21,0:16:06.122474
1764,628,2,2023-08-02 21:48:05,2023-08-02 22:01:21,0:13:16.027396
1719,620,2,2023-08-02 18:34:33,2023-08-02 22:01:21,3:26:47.875402
1761,546,5,2023-08-02 21:20:55,2023-08-02 22:08:13,0:47:17.853434
1757,537,9,2023-08-02 20:12:23,2023-08-02 22:09:19,1:56:55.474570
1684,552,10,2023-08-02 14:56:14,2023-08-02 22:11:18,7:15:04.116549
1713,590,10,2023-08-02 18:16:54,2023-08-02 22:11:18,3:54:24.903847
1726,607,10,2023-08-02 18:54:56,2023-08-02 22:11:19,3:16:22.472349
1744,513,9,2023-08-02 19:32:47,2023-08-02 22:11:25,2:38:38.712480
1724,536,9,2023-08-02 18:45:48,2023-08-02 22:11:25,3:25:37.627892
1686,598,9,2023-08-02 15:10:03,2023-08-02 22:11:26,7:01:22.586926
1708,622,9,2023-08-02 18:14:32,2023-08-02 22:11:26,3:56:53.698397
1765,518,5,2023-08-02 21:50:38,2023-08-02 22:28:42,0:38:04.089047
1740,534,5,2023-08-02 19:15:44,2023-08-02 22:28:42,3:12:58.127576
1760,612,5,2023-08-02 21:07:46,2023-08-02 22:28:42,1:20:55.920540
1738,574,5,2023-08-02 19:14:19,2023-08-02 22:28:42,3:14:23.649413
1624,619,10,2023-08-02 11:19:48,2023-08-02 22:10:12,10:50:24.028785
1712,544,10,2023-08-02 18:15:56,2023-08-02 22:11:18,3:55:22.273720
1676,634,9,2023-08-02 14:00:33,2023-08-02 22:11:25,8:10:52.556848
1745,594,9,2023-08-02 19:32:48,2023-08-02 22:11:26,2:38:37.125880
1766,616,1,2023-08-03 11:02:45,2023-08-03 11:02:47,0:00:01.548840
1767,616,2,2023-08-03 11:02:47,2023-08-03 11:02:47,0:00:00.782800
1768,616,3,2023-08-03 11:02:47,2023-08-03 11:02:48,0:00:00.533275
1769,616,4,2023-08-03 11:02:48,2023-08-03 11:02:49,0:00:00.550179
1770,616,5,2023-08-03 11:02:49,2023-08-03 11:02:49,0:00:00.527944
1771,616,6,2023-08-03 11:02:49,2023-08-03 11:02:50,0:00:00.558371
1772,616,7,2023-08-03 11:02:50,2023-08-03 11:02:50,0:00:00.619549
1773,616,8,2023-08-03 11:02:50,2023-08-03 11:02:53,0:00:02.407751
1774,616,9,2023-08-03 11:02:53,2023-08-03 11:02:54,0:00:00.929183
1775,616,10,2023-08-03 11:02:54,2023-08-03 11:03:10,0:00:15.946878
1776,616,1,2023-08-03 11:03:19,2023-08-03 11:03:21,0:00:02.531515
1777,616,2,2023-08-03 11:03:21,2023-08-03 11:03:22,0:00:00.797598
1778,616,3,2023-08-03 11:03:22,2023-08-03 11:03:23,0:00:00.497483
1779,616,4,2023-08-03 11:03:23,2023-08-03 11:03:23,0:00:00.509218
1780,616,5,2023-08-03 11:03:23,2023-08-03 11:03:24,0:00:00.868753
1781,616,6,2023-08-03 11:03:24,2023-08-03 11:03:24,0:00:00.479336
1782,616,7,2023-08-03 11:03:24,2023-08-03 11:03:25,0:00:00.496664
1783,616,8,2023-08-03 11:03:25,2023-08-03 11:03:25,0:00:00.467156
1784,616,9,2023-08-03 11:03:25,2023-08-03 11:03:26,0:00:01.060243
1785,616,10,2023-08-03 11:03:26,2023-08-03 11:03:36,0:00:09.943838
1786,513,9,2023-08-03 11:03:33,2023-08-03 11:04:56,0:01:23.139453
1793,547,7,2023-08-03 11:08:05,2023-08-03 11:08:09,0:00:04.347403
1797,634,5,2023-08-03 11:08:38,2023-08-03 11:08:45,0:00:07.020813
1792,548,6,2023-08-03 11:07:52,2023-08-03 11:10:06,0:02:13.276953
1807,550,1,2023-08-03 11:11:02,2023-08-03 11:12:24,0:01:21.588734
1811,593,8,2023-08-03 11:13:01,2023-08-03 11:13:07,0:00:06.667596
1814,578,9,2023-08-03 11:13:26,2023-08-03 11:14:10,0:00:44.061460
1788,581,7,2023-08-03 11:05:52,2023-08-03 11:14:12,0:08:20.001244
1820,611,3,2023-08-03 11:14:51,2023-08-03 11:15:36,0:00:45.123770
1791,563,3,2023-08-03 11:07:37,2023-08-03 11:15:52,0:08:14.478929
1838,609,8,2023-08-03 11:19:15,2023-08-03 11:19:29,0:00:13.690252
1831,554,4,2023-08-03 11:17:13,2023-08-03 11:21:11,0:03:57.200449
1843,521,1,2023-08-03 11:19:58,2023-08-03 11:21:14,0:01:16.077900
1842,535,9,2023-08-03 11:19:49,2023-08-03 11:21:48,0:01:59.050241
1830,513,7,2023-08-03 11:17:01,2023-08-03 11:21:50,0:04:48.461389
1850,513,9,2023-08-03 11:21:50,2023-08-03 11:21:59,0:00:09.072923
1849,535,6,2023-08-03 11:21:48,2023-08-03 11:22:08,0:00:19.647456
1856,518,8,2023-08-03 11:23:09,2023-08-03 11:24:31,0:01:21.946009
1858,524,2,2023-08-03 11:24:18,2023-08-03 11:24:40,0:00:21.722293
1857,525,3,2023-08-03 11:24:06,2023-08-03 11:24:42,0:00:35.676686
1804,632,7,2023-08-03 11:10:21,2023-08-03 11:26:33,0:16:12.184192
1790,635,8,2023-08-03 11:07:25,2023-08-03 11:28:39,0:21:13.925968
1795,599,2,2023-08-03 11:08:18,2023-08-03 11:28:55,0:20:36.975299
1799,574,4,2023-08-03 11:09:26,2023-08-03 11:29:03,0:19:37.125923
1808,551,6,2023-08-03 11:11:23,2023-08-03 11:29:29,0:18:05.328104
1853,514,7,2023-08-03 11:22:15,2023-08-03 11:30:01,0:07:45.781195
1828,528,6,2023-08-03 11:16:56,2023-08-03 11:30:13,0:13:16.661566
1829,527,6,2023-08-03 11:16:59,2023-08-03 11:30:17,0:13:18.380073
1859,518,3,2023-08-03 11:24:44,2023-08-03 11:52:29,0:27:45.219876
1794,547,8,2023-08-03 11:08:09,2023-08-03 14:24:09,3:15:59.367470
1839,613,8,2023-08-03 11:19:22,2023-08-03 17:12:01,5:52:38.633496
1823,563,2,2023-08-03 11:15:52,2023-08-03 18:07:30,6:51:38.202114
1837,623,7,2023-08-03 11:19:04,2023-08-03 18:08:53,6:49:48.608297
1821,587,3,2023-08-03 11:15:38,2023-08-03 18:50:06,7:34:28.644314
1824,573,1,2023-08-03 11:16:19,2023-08-03 19:06:11,7:49:51.849050
1832,583,8,2023-08-03 11:17:27,2023-08-03 19:24:47,8:07:19.560824
1840,609,4,2023-08-03 11:19:29,2023-08-03 19:53:19,8:33:50.317728
1803,628,4,2023-08-03 11:10:16,2023-08-03 19:53:19,8:43:03.088812
1825,611,4,2023-08-03 11:16:27,2023-08-03 19:53:19,8:36:52.373118
1844,619,4,2023-08-03 11:20:14,2023-08-03 19:53:19,8:33:05.365237
1826,572,4,2023-08-03 11:16:36,2023-08-03 19:53:19,8:36:43.755568
1813,582,8,2023-08-03 11:13:10,2023-08-03 19:53:33,8:40:23.321839
1802,548,9,2023-08-03 11:10:06,2023-08-03 21:21:43,10:11:37.595103
1861,558,9,2023-08-03 11:25:31,2023-08-03 21:22:00,9:56:29.792002
1852,535,9,2023-08-03 11:22:08,2023-08-03 21:51:41,10:29:33.623027
1822,556,3,2023-08-03 11:15:45,2023-08-03 22:08:11,10:52:25.528665
1855,532,2,2023-08-03 11:22:32,2023-08-03 22:14:05,10:51:32.523247
1846,554,1,2023-08-03 11:21:11,2023-08-03 23:05:41,11:44:29.877953
1819,634,1,2023-08-03 11:14:41,2023-08-03 23:05:41,11:50:59.552991
1854,620,1,2023-08-03 11:22:25,2023-08-03 23:05:41,11:43:15.587121
1827,553,1,2023-08-03 11:16:47,2023-08-03 23:05:41,11:48:54.081672
1798,592,1,2023-08-03 11:09:13,2023-08-03 23:05:41,11:56:28.212202
1815,590,2,2023-08-03 11:13:35,2023-08-03 23:05:49,11:52:13.431747
1796,626,2,2023-08-03 11:08:29,2023-08-03 23:05:49,11:57:19.720690
1805,544,3,2023-08-03 11:10:29,2023-08-03 23:05:54,11:55:25.167240
1835,617,3,2023-08-03 11:18:41,2023-08-03 23:05:54,11:47:12.602484
1836,519,3,2023-08-03 11:18:46,2023-08-03 23:05:54,11:47:08.116055
1851,513,6,2023-08-03 11:21:59,2023-08-03 23:06:10,11:44:10.776988
1801,575,6,2023-08-03 11:09:46,2023-08-03 23:06:10,11:56:23.651682
1809,615,6,2023-08-03 11:12:17,2023-08-03 23:06:10,11:53:52.702080
1848,515,7,2023-08-03 11:21:20,2023-08-03 23:06:14,11:44:54.667583
1817,578,7,2023-08-03 11:14:10,2023-08-03 23:06:14,11:52:04.320701
1816,637,7,2023-08-03 11:14:07,2023-08-03 23:06:14,11:52:07.540237
1789,625,7,2023-08-03 11:07:13,2023-08-03 23:06:14,11:59:01.119512
1787,520,9,2023-08-03 11:04:54,2023-08-03 23:06:23,12:01:29.163713
1845,534,9,2023-08-03 11:20:52,2023-08-03 23:06:23,11:45:31.150707
1806,636,9,2023-08-03 11:10:40,2023-08-03 23:06:24,11:55:44.055344
1860,525,8,2023-08-03 11:25:26,2023-08-03 11:26:14,0:00:48.231631
1800,591,3,2023-08-03 11:09:28,2023-08-03 11:29:04,0:19:35.836156
1865,635,9,2023-08-03 11:28:39,2023-08-03 11:29:13,0:00:33.997090
1871,528,7,2023-08-03 11:30:13,2023-08-03 11:30:18,0:00:05.254069
1876,596,3,2023-08-03 11:32:16,2023-08-03 11:48:53,0:16:36.798840
1878,596,4,2023-08-03 11:48:53,2023-08-03 11:49:03,0:00:10.459032
1893,586,10,2023-08-03 13:36:43,2023-08-03 15:48:04,2:11:20.727958
1886,545,3,2023-08-03 12:58:08,2023-08-03 17:07:25,4:09:16.636810
1833,559,8,2023-08-03 11:17:38,2023-08-03 17:11:33,5:53:54.654588
1884,565,8,2023-08-03 12:41:33,2023-08-03 17:11:39,4:30:05.435854
1869,551,8,2023-08-03 11:29:29,2023-08-03 17:11:43,5:42:14.787865
1864,632,8,2023-08-03 11:26:33,2023-08-03 17:11:48,5:45:14.612455
1903,613,9,2023-08-03 17:12:01,2023-08-03 17:19:50,0:07:49.150344
1870,514,3,2023-08-03 11:30:01,2023-08-03 19:11:58,7:41:57.193224
1904,613,8,2023-08-03 17:19:50,2023-08-03 19:12:48,1:52:58.508875
1895,595,10,2023-08-03 13:37:31,2023-08-03 19:51:30,6:13:58.381752
1897,560,10,2023-08-03 15:27:49,2023-08-03 19:51:31,4:23:42.276977
1891,602,10,2023-08-03 13:36:35,2023-08-03 19:51:33,6:14:57.566347
1892,603,10,2023-08-03 13:36:41,2023-08-03 19:51:35,6:14:54.205762
1894,601,10,2023-08-03 13:36:46,2023-08-03 19:51:37,6:14:50.124600
1896,598,10,2023-08-03 14:47:34,2023-08-03 19:52:29,5:04:55.067338
1847,521,4,2023-08-03 11:21:14,2023-08-03 19:53:19,8:32:05.504444
1866,599,4,2023-08-03 11:28:55,2023-08-03 19:53:19,8:24:23.827180
1880,639,4,2023-08-03 11:51:32,2023-08-03 19:53:19,8:01:47.093287
1885,566,8,2023-08-03 12:49:17,2023-08-03 19:53:33,7:04:16.447667
1915,536,7,2023-08-03 20:08:10,2023-08-03 20:12:28,0:04:17.761897
1841,616,2,2023-08-03 11:19:32,2023-08-03 20:25:48,9:06:15.777306
1889,557,2,2023-08-03 13:10:11,2023-08-03 20:28:43,7:18:32.915951
1862,524,6,2023-08-03 11:25:34,2023-08-03 20:29:59,9:04:25.080297
1918,639,2,2023-08-03 20:15:51,2023-08-03 20:34:00,0:18:08.707466
1906,545,3,2023-08-03 19:02:45,2023-08-03 20:35:26,1:32:40.528308
1888,571,2,2023-08-03 13:03:25,2023-08-03 20:36:16,7:32:51.058467
1919,536,3,2023-08-03 20:15:54,2023-08-03 20:37:44,0:21:50.436261
1887,542,1,2023-08-03 12:58:26,2023-08-03 20:38:20,7:39:53.944147
1924,545,9,2023-08-03 20:35:26,2023-08-03 20:43:54,0:08:28.267294
1868,635,6,2023-08-03 11:29:27,2023-08-03 20:53:46,9:24:18.958035
1899,559,6,2023-08-03 17:11:33,2023-08-03 20:53:49,3:42:15.836616
1912,582,6,2023-08-03 20:02:09,2023-08-03 20:53:50,0:51:41.542047
1908,583,7,2023-08-03 19:24:47,2023-08-03 20:54:04,1:29:17.515443
1914,609,7,2023-08-03 20:08:00,2023-08-03 20:54:09,0:46:08.911523
1916,619,7,2023-08-03 20:12:30,2023-08-03 20:54:16,0:41:46.292506
1901,551,7,2023-08-03 17:11:43,2023-08-03 20:55:30,3:43:46.227988
1926,545,8,2023-08-03 20:43:59,2023-08-03 20:55:44,0:11:45.176644
1902,632,9,2023-08-03 17:11:48,2023-08-03 21:01:30,3:49:42.491555
1913,572,6,2023-08-03 20:02:12,2023-08-03 21:03:48,1:01:35.654831
1882,552,3,2023-08-03 11:52:32,2023-08-03 21:04:53,9:12:20.786749
1935,552,3,2023-08-03 21:04:56,2023-08-03 21:04:59,0:00:02.937046
1922,628,2,2023-08-03 20:25:57,2023-08-03 21:06:05,0:40:07.746258
1925,536,2,2023-08-03 20:37:44,2023-08-03 21:06:11,0:28:26.951752
1873,528,6,2023-08-03 11:30:18,2023-08-03 21:47:20,10:17:01.831220
1921,611,2,2023-08-03 20:15:58,2023-08-03 22:08:51,1:52:52.682247
1909,566,9,2023-08-03 19:55:13,2023-08-03 22:36:38,2:41:24.559254
1881,518,1,2023-08-03 11:52:29,2023-08-03 23:05:41,11:13:11.719181
1812,593,1,2023-08-03 11:13:07,2023-08-03 23:05:41,11:52:33.403181
1911,595,1,2023-08-03 19:59:09,2023-08-03 23:05:41,3:06:31.308475
1898,589,1,2023-08-03 15:43:41,2023-08-03 23:05:41,7:21:59.681703
1875,549,2,2023-08-03 11:30:42,2023-08-03 23:05:49,11:35:06.408142
1917,599,2,2023-08-03 20:13:17,2023-08-03 23:05:49,2:52:31.847523
1910,598,2,2023-08-03 19:56:45,2023-08-03 23:05:49,3:09:03.543878
1810,550,2,2023-08-03 11:12:24,2023-08-03 23:05:49,11:53:25.348794
1938,558,2,2023-08-03 21:48:34,2023-08-03 23:05:49,1:17:14.823352
1920,521,3,2023-08-03 20:15:56,2023-08-03 23:05:54,2:49:58.072233
1905,588,3,2023-08-03 18:06:40,2023-08-03 23:05:54,4:59:13.643842
1879,596,3,2023-08-03 11:49:03,2023-08-03 23:05:54,11:16:50.268966
1907,613,3,2023-08-03 19:12:48,2023-08-03 23:05:54,3:53:05.566778
1890,562,3,2023-08-03 13:14:12,2023-08-03 23:05:54,9:51:41.567948
1936,628,4,2023-08-03 21:06:05,2023-08-03 23:06:05,2:00:00.218257
1937,536,4,2023-08-03 21:06:11,2023-08-03 23:06:05,1:59:54.073098
1923,524,6,2023-08-03 20:30:37,2023-08-03 23:06:10,2:35:32.923756
1874,591,6,2023-08-03 11:30:21,2023-08-03 23:06:10,11:35:49.113229
1900,565,6,2023-08-03 17:11:39,2023-08-03 23:06:10,5:54:30.910820
1834,629,6,2023-08-03 11:18:00,2023-08-03 23:06:10,11:48:10.083426
1863,525,7,2023-08-03 11:26:14,2023-08-03 23:06:14,11:39:59.884521
1883,584,7,2023-08-03 12:41:26,2023-08-03 23:06:14,10:24:48.234060
1877,597,7,2023-08-03 11:45:46,2023-08-03 23:06:14,11:20:28.743169
1872,527,7,2023-08-03 11:30:17,2023-08-03 23:06:14,11:35:57.495033
1929,582,8,2023-08-03 20:53:50,2023-08-03 23:06:19,2:12:28.491333
1930,583,8,2023-08-03 20:54:04,2023-08-03 23:06:19,2:12:14.947916
1931,609,8,2023-08-03 20:54:09,2023-08-03 23:06:19,2:12:10.289172
1932,619,8,2023-08-03 20:54:16,2023-08-03 23:06:19,2:12:02.801983
1928,559,8,2023-08-03 20:53:49,2023-08-03 23:06:19,2:12:30.222064
1927,635,8,2023-08-03 20:53:46,2023-08-03 23:06:19,2:12:33.420647
1934,572,8,2023-08-03 21:03:48,2023-08-03 23:06:19,2:02:31.474741
1933,551,8,2023-08-03 20:55:30,2023-08-03 23:06:19,2:10:49.669258
1818,581,9,2023-08-03 11:14:12,2023-08-03 23:06:23,11:52:11.811677
1940,611,9,2023-08-03 22:08:51,2023-08-03 23:06:24,0:57:32.877225
1867,574,9,2023-08-03 11:29:16,2023-08-03 23:06:24,11:37:07.462713
1939,556,9,2023-08-03 22:08:11,2023-08-03 23:06:24,0:58:12.865905
1941,578,1,2023-08-04 11:05:57,2023-08-04 11:06:02,0:00:04.593431
1942,578,2,2023-08-04 11:06:02,2023-08-04 11:06:05,0:00:03.143844
1943,578,3,2023-08-04 11:06:05,2023-08-04 11:06:44,0:00:38.878525
1944,578,4,2023-08-04 11:06:44,2023-08-04 11:06:47,0:00:03.078978
1945,578,5,2023-08-04 11:06:47,2023-08-04 11:06:49,0:00:02.209461
1946,578,6,2023-08-04 11:06:49,2023-08-04 11:06:51,0:00:02.020938
1947,578,7,2023-08-04 11:06:51,2023-08-04 11:06:54,0:00:02.746103
1948,578,8,2023-08-04 11:06:54,2023-08-04 11:07:18,0:00:24.224358
1958,524,6,2023-08-04 11:21:40,2023-08-04 11:21:48,0:00:07.901516
1961,524,1,2023-08-04 11:21:48,2023-08-04 11:21:57,0:00:09.409749
1962,521,2,2023-08-04 11:21:53,2023-08-04 11:26:16,0:04:23.345457
1953,594,4,2023-08-04 11:07:33,2023-08-04 11:28:00,0:20:27.127658
2005,594,2,2023-08-04 11:28:00,2023-08-04 11:28:04,0:00:04.470879
1991,520,2,2023-08-04 11:25:56,2023-08-04 11:28:38,0:02:41.492664
1990,518,3,2023-08-04 11:25:48,2023-08-04 11:28:40,0:02:52.143686
1976,544,5,2023-08-04 11:23:22,2023-08-04 11:31:10,0:07:47.658232
1977,634,6,2023-08-04 11:23:53,2023-08-04 11:31:13,0:07:20.610308
2010,544,6,2023-08-04 11:31:10,2023-08-04 11:33:03,0:01:52.720125
2012,544,5,2023-08-04 11:33:03,2023-08-04 11:33:14,0:00:11.538804
2017,586,3,2023-08-04 11:38:22,2023-08-04 12:40:01,1:01:39.240162
2022,586,3,2023-08-04 12:40:12,2023-08-04 12:41:30,0:01:17.237621
2025,595,3,2023-08-04 12:59:28,2023-08-04 12:59:38,0:00:09.997208
2027,557,4,2023-08-04 13:31:42,2023-08-04 13:32:06,0:00:24.084584
2026,595,3,2023-08-04 13:00:37,2023-08-04 13:42:06,0:41:28.674939
2029,587,7,2023-08-04 14:07:56,2023-08-04 14:08:12,0:00:16.464962
2033,593,5,2023-08-04 14:15:41,2023-08-04 14:16:26,0:00:45.438485
2034,593,3,2023-08-04 14:16:26,2023-08-04 14:17:08,0:00:42.166871
2035,593,5,2023-08-04 14:17:08,2023-08-04 14:20:18,0:03:09.462771
2031,587,8,2023-08-04 14:08:12,2023-08-04 14:20:23,0:12:10.795930
1956,574,7,2023-08-04 11:21:03,2023-08-04 14:33:45,3:12:41.842267
1979,551,7,2023-08-04 11:24:26,2023-08-04 14:33:50,3:09:23.157465
1985,628,7,2023-08-04 11:24:51,2023-08-04 14:33:52,3:09:00.846399
2030,595,7,2023-08-04 14:08:08,2023-08-04 14:34:20,0:26:12.495493
1993,583,7,2023-08-04 11:26:05,2023-08-04 14:34:23,3:08:18.686105
1986,559,7,2023-08-04 11:25:05,2023-08-04 14:34:59,3:09:53.936369
2020,566,7,2023-08-04 12:11:31,2023-08-04 14:35:11,2:23:39.768288
2004,613,7,2023-08-04 11:27:36,2023-08-04 14:35:16,3:07:40.805021
1959,525,7,2023-08-04 11:21:42,2023-08-04 14:35:20,3:13:37.536041
2016,597,1,2023-08-04 11:38:17,2023-08-04 14:53:56,3:15:38.913781
2041,595,6,2023-08-04 14:34:20,2023-08-04 15:01:25,0:27:04.795800
2042,583,6,2023-08-04 14:34:23,2023-08-04 15:01:28,0:27:04.223073
2044,566,5,2023-08-04 14:35:11,2023-08-04 15:01:40,0:26:29.172788
2043,559,6,2023-08-04 14:34:59,2023-08-04 15:01:43,0:26:44.370624
2045,613,5,2023-08-04 14:35:16,2023-08-04 15:01:52,0:26:35.511466
2046,525,8,2023-08-04 14:35:20,2023-08-04 15:01:55,0:26:35.015635
2038,574,8,2023-08-04 14:33:45,2023-08-04 15:02:03,0:28:17.888413
2040,628,6,2023-08-04 14:33:52,2023-08-04 15:02:09,0:28:16.945403
1971,635,4,2023-08-04 11:22:42,2023-08-04 15:03:52,3:41:09.899235
1980,611,4,2023-08-04 11:24:33,2023-08-04 15:03:56,3:39:23.916518
1984,632,4,2023-08-04 11:24:46,2023-08-04 15:04:13,3:39:27.069179
2006,594,4,2023-08-04 11:28:04,2023-08-04 15:04:23,3:36:18.744698
2018,584,4,2023-08-04 11:53:48,2023-08-04 15:04:32,3:10:44.504112
1966,527,4,2023-08-04 11:22:13,2023-08-04 15:04:58,3:42:45.142257
2047,598,8,2023-08-04 14:35:35,2023-08-04 16:00:34,1:24:58.365895
2013,544,8,2023-08-04 11:33:14,2023-08-04 16:00:57,4:27:42.173457
1965,563,8,2023-08-04 11:22:02,2023-08-04 16:00:59,4:38:56.607741
1974,625,8,2023-08-04 11:23:08,2023-08-04 16:01:17,4:38:09.235142
2036,593,8,2023-08-04 14:20:18,2023-08-04 16:01:37,1:41:19.714092
2023,571,8,2023-08-04 12:45:48,2023-08-04 16:01:54,3:16:05.601622
1960,554,8,2023-08-04 11:21:46,2023-08-04 16:02:29,4:40:42.433531
1995,521,8,2023-08-04 11:26:16,2023-08-04 16:02:31,4:36:15.104634
1952,590,3,2023-08-04 11:07:30,2023-08-04 16:29:37,5:22:07.617697
1970,573,3,2023-08-04 11:22:39,2023-08-04 17:09:22,5:46:42.137752
2049,595,7,2023-08-04 15:01:25,2023-08-04 18:05:22,3:03:56.586984
1972,548,1,2023-08-04 11:22:55,2023-08-04 19:50:11,8:27:16.109258
2011,634,5,2023-08-04 11:31:13,2023-08-04 20:54:11,9:22:57.987919
2019,565,2,2023-08-04 11:53:52,2023-08-04 20:57:01,9:03:09.159138
1968,592,5,2023-08-04 11:22:32,2023-08-04 21:13:29,9:50:56.968387
1987,556,5,2023-08-04 11:25:16,2023-08-04 21:14:13,9:48:56.812699
2037,587,5,2023-08-04 14:20:23,2023-08-04 21:14:15,6:53:52.294559
1973,547,2,2023-08-04 11:23:01,2023-08-04 21:27:48,10:04:46.702596
1954,596,5,2023-08-04 11:20:48,2023-08-04 21:46:35,10:25:46.807784
1957,553,5,2023-08-04 11:21:35,2023-08-04 22:05:33,10:43:57.769375
2028,557,1,2023-08-04 13:32:06,2023-08-04 22:06:02,8:33:56.357573
1988,515,1,2023-08-04 11:25:31,2023-08-04 22:08:46,10:43:14.551388
1989,572,1,2023-08-04 11:25:44,2023-08-04 22:09:30,10:43:45.917171
2032,550,5,2023-08-04 14:15:20,2023-08-04 22:10:45,7:55:24.908074
1996,534,6,2023-08-04 11:26:22,2023-08-04 22:11:01,10:44:38.586498
1964,524,6,2023-08-04 11:21:57,2023-08-04 22:11:01,10:49:04.036169
1955,591,6,2023-08-04 11:21:00,2023-08-04 22:11:01,10:50:01.173130
2009,599,6,2023-08-04 11:30:59,2023-08-04 22:11:01,10:40:02.057251
1978,636,6,2023-08-04 11:23:57,2023-08-04 22:11:01,10:47:04.022664
1994,513,2,2023-08-04 11:26:13,2023-08-04 22:11:20,10:45:06.643233
1951,582,2,2023-08-04 11:07:23,2023-08-04 22:11:20,11:03:56.938567
1969,575,2,2023-08-04 11:22:36,2023-08-04 22:11:20,10:48:44.361222
1982,629,2,2023-08-04 11:24:39,2023-08-04 22:11:20,10:46:41.044219
1950,578,1,2023-08-04 11:07:18,2023-08-04 22:11:26,11:04:07.605795
1963,580,1,2023-08-04 11:21:53,2023-08-04 22:11:26,10:49:32.965143
2050,583,7,2023-08-04 15:01:28,2023-08-04 22:19:24,7:17:55.974419
2052,559,7,2023-08-04 15:01:43,2023-08-04 22:19:52,7:18:09.238926
2051,566,7,2023-08-04 15:01:40,2023-08-04 23:31:44,8:30:03.773145
1983,637,3,2023-08-04 11:24:43,2023-08-04 23:31:44,12:07:01.212880
2048,597,3,2023-08-04 14:53:56,2023-08-04 23:31:44,8:37:48.274315
1967,615,3,2023-08-04 11:22:15,2023-08-04 23:31:44,12:09:29.830943
2021,528,3,2023-08-04 12:39:58,2023-08-04 23:31:45,10:51:46.631731
2039,551,5,2023-08-04 14:33:50,2023-08-04 15:02:07,0:28:17.032059
1992,514,4,2023-08-04 11:25:59,2023-08-04 15:04:54,3:38:55.590667
2002,617,4,2023-08-04 11:27:27,2023-08-04 15:05:14,3:37:46.814340
2067,617,3,2023-08-04 15:05:14,2023-08-04 15:05:27,0:00:13.695985
2003,620,8,2023-08-04 11:27:34,2023-08-04 16:01:26,4:33:52.106759
2076,593,5,2023-08-04 16:01:37,2023-08-04 16:01:41,0:00:03.180458
1949,581,8,2023-08-04 11:07:15,2023-08-04 16:01:45,4:54:29.680620
2068,617,2,2023-08-04 15:05:27,2023-08-04 17:13:22,2:07:54.637201
1998,519,1,2023-08-04 11:26:58,2023-08-04 17:13:24,5:46:26.098571
2073,563,7,2023-08-04 16:00:59,2023-08-04 18:15:42,2:14:42.747704
1997,619,2,2023-08-04 11:26:39,2023-08-04 18:16:56,6:50:16.881337
2014,552,6,2023-08-04 11:33:27,2023-08-04 18:45:01,7:11:33.151479
2057,628,7,2023-08-04 15:02:09,2023-08-04 18:48:38,3:46:28.260891
2062,632,1,2023-08-04 15:04:13,2023-08-04 19:50:10,4:45:57.152594
1999,616,5,2023-08-04 11:27:05,2023-08-04 20:20:46,8:53:41.076501
2064,584,3,2023-08-04 15:04:32,2023-08-04 20:56:54,5:52:22.145494
2086,584,2,2023-08-04 20:56:54,2023-08-04 20:56:58,0:00:03.633454
2083,519,2,2023-08-04 17:13:24,2023-08-04 21:02:30,3:49:05.327280
2087,584,3,2023-08-04 20:56:58,2023-08-04 21:03:46,0:06:48.148691
2089,584,2,2023-08-04 21:03:46,2023-08-04 21:03:54,0:00:08.249491
2008,518,2,2023-08-04 11:28:40,2023-08-04 21:27:45,9:59:05.658597
2063,594,2,2023-08-04 15:04:23,2023-08-04 21:35:45,6:31:21.920328
2092,547,1,2023-08-04 21:27:48,2023-08-04 22:04:41,0:36:53.007904
2065,514,1,2023-08-04 15:04:54,2023-08-04 22:04:45,6:59:50.480580
2091,518,1,2023-08-04 21:27:45,2023-08-04 22:04:51,0:37:05.237022
2071,598,5,2023-08-04 16:00:34,2023-08-04 22:07:23,6:06:49.648434
2059,536,2,2023-08-04 15:02:59,2023-08-04 22:09:26,7:06:26.794419
2015,549,5,2023-08-04 11:35:27,2023-08-04 22:10:45,10:35:18.342375
2081,521,5,2023-08-04 16:02:31,2023-08-04 22:10:45,6:08:14.031461
2078,581,5,2023-08-04 16:01:45,2023-08-04 22:10:45,6:09:00.279211
2072,544,6,2023-08-04 16:00:57,2023-08-04 22:11:01,6:10:04.314867
2080,554,6,2023-08-04 16:02:29,2023-08-04 22:11:01,6:08:32.134540
2079,571,6,2023-08-04 16:01:54,2023-08-04 22:11:01,6:09:07.022046
2084,628,6,2023-08-04 18:48:38,2023-08-04 22:11:01,3:22:23.676628
2001,623,6,2023-08-04 11:27:19,2023-08-04 22:11:01,10:43:41.977504
2077,593,6,2023-08-04 16:01:41,2023-08-04 22:11:01,6:09:20.600151
2024,585,6,2023-08-04 12:47:20,2023-08-04 22:11:01,9:23:41.253382
2061,611,2,2023-08-04 15:03:56,2023-08-04 22:11:20,7:07:23.783667
2060,635,1,2023-08-04 15:03:52,2023-08-04 22:11:26,7:07:33.771911
1981,626,1,2023-08-04 11:24:36,2023-08-04 22:11:26,10:46:49.499861
2082,617,1,2023-08-04 17:13:22,2023-08-04 22:11:26,4:58:03.687942
2066,527,1,2023-08-04 15:04:58,2023-08-04 22:11:26,7:06:27.835005
2054,525,7,2023-08-04 15:01:55,2023-08-04 22:19:32,7:17:36.934184
2055,574,7,2023-08-04 15:02:03,2023-08-04 22:34:33,7:32:30.556303
2000,532,3,2023-08-04 11:27:08,2023-08-04 23:31:44,12:04:36.026204
2007,520,3,2023-08-04 11:28:38,2023-08-04 23:31:44,12:03:05.804262
2070,589,3,2023-08-04 15:49:37,2023-08-04 23:31:44,7:42:06.713489
2090,584,3,2023-08-04 21:03:54,2023-08-04 23:31:44,2:27:49.533173
2058,588,3,2023-08-04 15:02:54,2023-08-04 23:31:44,8:28:50.212208
2094,598,7,2023-08-04 22:12:18,2023-08-04 23:31:44,1:19:25.667700
2075,620,7,2023-08-04 16:01:26,2023-08-04 23:31:44,7:30:18.418665
2096,629,7,2023-08-04 22:21:57,2023-08-04 23:31:44,1:09:46.787613
2074,625,7,2023-08-04 16:01:17,2023-08-04 23:31:44,7:30:27.227702
2069,639,3,2023-08-04 15:07:29,2023-08-04 23:31:44,8:24:15.730787
2085,634,7,2023-08-04 20:54:11,2023-08-04 23:31:44,2:37:33.167541
2095,611,7,2023-08-04 22:20:41,2023-08-04 23:31:44,1:11:03.858139
1975,562,3,2023-08-04 11:23:14,2023-08-04 23:31:45,12:08:30.909697
2053,613,7,2023-08-04 15:01:52,2023-08-04 23:31:45,8:29:52.635134
2088,565,3,2023-08-04 20:57:01,2023-08-04 23:31:45,2:34:43.296684
2056,551,7,2023-08-04 15:02:07,2023-08-04 23:31:45,8:29:38.029387
2093,553,7,2023-08-04 22:05:33,2023-08-04 23:31:45,1:26:11.807426
2106,520,2,2023-08-05 10:53:57,2023-08-05 11:00:00,0:06:02.914815
2104,589,1,2023-08-05 10:44:06,2023-08-05 11:01:04,0:16:58.380351
2114,574,2,2023-08-05 12:56:55,2023-08-05 12:59:18,0:02:23.452979
2122,583,3,2023-08-05 13:03:47,2023-08-05 13:04:15,0:00:27.925629
2126,554,3,2023-08-05 13:03:54,2023-08-05 13:04:17,0:00:22.962306
2121,580,2,2023-08-05 13:03:38,2023-08-05 13:04:48,0:01:09.948925
2132,524,3,2023-08-05 13:04:08,2023-08-05 13:06:14,0:02:05.999524
2128,574,3,2023-08-05 13:03:58,2023-08-05 13:09:21,0:05:23.326103
2124,578,3,2023-08-05 13:03:51,2023-08-05 13:12:48,0:08:57.240158
2123,582,3,2023-08-05 13:03:49,2023-08-05 13:13:04,0:09:14.418917
2112,553,2,2023-08-05 12:56:07,2023-08-05 13:13:16,0:17:08.952718
2129,552,3,2023-08-05 13:04:00,2023-08-05 13:13:49,0:09:49.276954
2130,525,3,2023-08-05 13:04:05,2023-08-05 22:07:01,9:02:56.005205
2127,587,3,2023-08-05 13:03:56,2023-08-05 22:07:24,9:03:27.233215
2119,593,3,2023-08-05 13:03:26,2023-08-05 22:07:24,9:03:57.926281
2125,556,3,2023-08-05 13:03:52,2023-08-05 22:07:24,9:03:31.761183
2131,565,3,2023-08-05 13:04:07,2023-08-05 22:07:24,9:03:17.341294
2116,549,2,2023-08-05 13:02:57,2023-08-05 22:07:29,9:04:31.693405
2113,591,2,2023-08-05 12:56:52,2023-08-05 22:07:29,9:10:36.561489
2111,594,2,2023-08-05 12:52:19,2023-08-05 22:07:29,9:15:09.576135
2117,550,2,2023-08-05 13:03:00,2023-08-05 22:07:29,9:04:28.856797
2115,572,2,2023-08-05 13:02:33,2023-08-05 22:07:29,9:04:56.218720
2110,585,2,2023-08-05 12:48:21,2023-08-05 22:07:29,9:19:07.751727
2101,513,1,2023-08-05 10:35:03,2023-08-05 22:07:35,11:32:32.284974
2102,534,1,2023-08-05 10:38:33,2023-08-05 22:07:35,11:29:02.028820
2108,589,1,2023-08-05 11:11:42,2023-08-05 22:07:35,10:55:53.285752
2100,625,1,2023-08-05 10:35:01,2023-08-05 22:07:35,11:32:34.325489
2097,635,1,2023-08-05 10:31:05,2023-08-05 22:07:35,11:36:29.715373
2103,559,1,2023-08-05 10:38:35,2023-08-05 22:07:35,11:28:59.555778
2099,551,1,2023-08-05 10:33:41,2023-08-05 22:07:35,11:33:54.310837
2107,636,1,2023-08-05 10:59:51,2023-08-05 22:07:35,11:07:43.676509
2120,599,3,2023-08-05 13:03:32,2023-08-05 13:04:44,0:01:12.532192
2137,524,4,2023-08-05 13:06:14,2023-08-05 13:12:56,0:06:41.813515
2118,597,2,2023-08-05 13:03:18,2023-08-05 13:13:37,0:10:19.199319
2147,552,2,2023-08-05 13:13:49,2023-08-05 21:48:20,8:34:30.506631
2150,562,4,2023-08-05 13:29:56,2023-08-05 21:53:10,8:23:14.952219
2143,524,3,2023-08-05 13:12:56,2023-08-05 22:07:03,8:54:06.601841
2149,590,3,2023-08-05 13:26:12,2023-08-05 22:07:24,8:41:11.961635
2136,580,3,2023-08-05 13:04:48,2023-08-05 22:07:24,9:02:35.823058
2146,597,3,2023-08-05 13:13:37,2023-08-05 22:07:24,8:53:46.903399
2145,553,3,2023-08-05 13:13:16,2023-08-05 22:07:24,8:54:07.787949
2109,520,2,2023-08-05 12:47:54,2023-08-05 22:07:29,9:19:35.021806
2135,599,2,2023-08-05 13:04:44,2023-08-05 22:07:29,9:02:44.185330
2144,582,2,2023-08-05 13:13:04,2023-08-05 22:07:29,8:54:25.190603
2098,521,1,2023-08-05 10:32:48,2023-08-05 22:07:35,11:34:46.652844
2105,527,1,2023-08-05 10:53:54,2023-08-05 22:07:35,11:13:41.345458
2138,557,4,2023-08-05 13:08:44,2023-08-05 23:07:01,9:58:17.034343
2134,554,4,2023-08-05 13:04:17,2023-08-05 23:07:01,10:02:44.586136
2148,596,4,2023-08-05 13:18:07,2023-08-05 23:07:01,9:48:53.934300
2133,583,4,2023-08-05 13:04:15,2023-08-05 23:07:01,10:02:46.606076
2142,578,4,2023-08-05 13:12:48,2023-08-05 23:07:01,9:54:13.200579
2141,581,4,2023-08-05 13:11:44,2023-08-05 23:07:01,9:55:17.522014
2139,574,4,2023-08-05 13:09:21,2023-08-05 23:07:01,9:57:40.017116
2140,592,4,2023-08-05 13:11:23,2023-08-05 23:07:01,9:55:38.651732
2158,520,3,2023-08-05 22:10:39,2023-08-06 00:36:22,2:25:42.653260
2151,582,3,2023-08-05 22:07:53,2023-08-06 00:36:22,2:28:29.608572
2154,590,3,2023-08-05 22:08:53,2023-08-06 00:36:22,2:27:29.650938
2157,587,3,2023-08-05 22:10:24,2023-08-06 00:36:22,2:25:58.365479
2160,597,3,2023-08-05 22:23:18,2023-08-06 00:36:22,2:13:03.918771
2152,580,3,2023-08-05 22:08:13,2023-08-06 00:36:22,2:28:09.917231
2159,556,3,2023-08-05 22:11:14,2023-08-06 00:36:22,2:25:08.712234
2156,550,3,2023-08-05 22:09:16,2023-08-06 00:36:22,2:27:06.853061
2153,553,3,2023-08-05 22:08:17,2023-08-06 00:36:23,2:28:05.034032
2155,593,3,2023-08-05 22:09:13,2023-08-06 00:36:23,2:27:09.321629
2161,594,1,2023-08-06 11:00:00,2023-08-06 11:00:05,0:00:04.593561
2162,594,2,2023-08-06 11:00:05,2023-08-06 11:00:32,0:00:27.331886
2167,585,1,2023-08-06 11:03:28,2023-08-06 11:29:03,0:25:35.292675
2181,550,1,2023-08-06 11:07:26,2023-08-06 15:16:44,4:09:18.030576
2166,593,1,2023-08-06 11:03:15,2023-08-06 15:16:45,4:13:29.881673
2174,525,2,2023-08-06 11:05:32,2023-08-07 09:32:47,22:27:14.138831
2184,557,2,2023-08-06 11:25:10,2023-08-07 09:32:47,22:07:36.477088
2170,554,1,2023-08-06 11:04:44,2023-08-07 09:32:47,22:28:02.476128
2179,552,2,2023-08-06 11:07:07,2023-08-07 09:32:47,22:25:39.604656
2175,520,2,2023-08-06 11:05:37,2023-08-07 09:32:47,22:27:09.548555
2185,513,1,2023-08-06 11:25:51,2023-08-07 09:32:47,22:06:56.339699
2173,524,2,2023-08-06 11:05:28,2023-08-07 09:32:47,22:27:18.556974
2180,549,1,2023-08-06 11:07:21,2023-08-07 09:32:47,22:25:26.323929
2190,596,2,2023-08-06 11:48:55,2023-08-07 09:32:47,21:43:51.969274
2191,599,3,2023-08-06 12:10:30,2023-08-07 09:32:47,21:22:16.707281
2183,581,2,2023-08-06 11:20:39,2023-08-07 09:32:47,22:12:07.703408
2169,583,1,2023-08-06 11:04:39,2023-08-07 09:32:47,22:28:08.326423
2187,587,2,2023-08-06 11:30:44,2023-08-07 09:32:47,22:02:03.369083
2168,582,1,2023-08-06 11:04:33,2023-08-07 09:32:47,22:28:13.801041
2177,591,3,2023-08-06 11:06:42,2023-08-07 09:32:47,22:26:04.873028
2164,580,3,2023-08-06 11:02:49,2023-08-07 09:32:47,22:29:58.128547
2178,574,2,2023-08-06 11:07:02,2023-08-07 09:32:47,22:25:45.802202
2176,597,2,2023-08-06 11:05:47,2023-08-07 09:32:47,22:27:00.222017
2165,592,3,2023-08-06 11:02:58,2023-08-07 09:32:47,22:29:49.216354
2182,562,1,2023-08-06 11:19:35,2023-08-07 09:32:48,22:13:12.692664
2171,572,1,2023-08-06 11:05:02,2023-08-07 09:32:48,22:27:45.720090
2163,594,3,2023-08-06 11:00:32,2023-08-07 09:32:48,22:32:15.593233
2189,565,3,2023-08-06 11:35:00,2023-08-07 09:32:48,21:57:47.573017
2186,585,3,2023-08-06 11:29:03,2023-08-07 09:32:48,22:03:44.242085
2172,553,3,2023-08-06 11:05:16,2023-08-07 09:32:48,22:27:31.284521
2188,556,3,2023-08-06 11:30:53,2023-08-07 09:32:48,22:01:54.369025
